shipment_id,supplier,origin,destination,transport_mode,distance_km,shipping_cost,weather_condition,traffic_level,order_priority,expected_delivery_days,actual_delivery_days,delayed
SHP-000001,Supplier_U,Philadelphia,Denver,Rail,960,2582.09,Clear,High,Critical,11,10,0
SHP-000002,Supplier_D,Chicago,Las Vegas,Rail,3872,178.33,Clear,High,Low,2,1,0
SHP-000003,Supplier_A,San Diego,Portland,Air,3192,5425.98,Fog,High,High,12,12,0
SHP-000004,Supplier_X,New York,Portland,Rail,566,8518.95,Rain,Moderate,Low,11,11,0
SHP-000005,Supplier_I,Phoenix,Portland,Road,4526,9578.43,Rain,High,Low,13,13,0
SHP-000006,Supplier_H,San Diego,Denver,Air,3544,5679.16,Clear,Low,Critical,11,10,0
SHP-000007,Supplier_H,San Diego,Detroit,Air,3271,5168.89,Fog,Low,High,13,13,0
SHP-000008,Supplier_E,Phoenix,Atlanta,Rail,3019,896.31,Rain,Low,High,2,2,0
SHP-000009,Supplier_X,Houston,Orlando,Rail,230,5511.28,Snow,High,Medium,8,14,1
SHP-000010,Supplier_D,Phoenix,Orlando,Road,1785,3830.79,Clear,Low,Medium,9,15,1
SHP-000011,Supplier_V,San Jose,Nashville,Air,869,6091.0,Fog,Moderate,Low,6,5,0
SHP-000012,Supplier_X,New York,Nashville,Road,2491,3917.83,Storm,Moderate,Critical,11,17,1
SHP-000013,Supplier_R,Chicago,Seattle,Road,2533,2440.98,Storm,Low,High,1,7,1
SHP-000014,Supplier_C,Los Angeles,Nashville,Rail,1284,994.9,Clear,High,Medium,1,6,1
SHP-000015,Supplier_S,Los Angeles,Detroit,Road,4655,3183.44,Clear,Low,Critical,14,14,0
SHP-000016,Supplier_N,Philadelphia,Las Vegas,Road,3485,1011.62,Clear,Low,High,11,10,0
SHP-000017,Supplier_B,Dallas,Miami,Air,4217,1810.12,Clear,High,Critical,7,10,1
SHP-000018,Supplier_A,San Antonio,Portland,Road,4943,9873.99,Storm,Low,Low,8,15,1
SHP-000019,Supplier_C,San Jose,Boston,Sea,3004,4468.83,Clear,Moderate,Medium,3,10,1
SHP-000020,Supplier_G,Houston,Atlanta,Road,574,5342.12,Clear,High,Low,9,10,1
SHP-000021,Supplier_H,Dallas,Denver,Road,1182,8742.5,Clear,Severe,Low,4,9,1
SHP-000022,Supplier_Q,New York,Miami,Rail,2658,9955.91,Clear,High,High,4,2,0
SHP-000023,Supplier_T,San Antonio,Orlando,Air,2147,5848.01,Clear,Low,Low,3,3,0
SHP-000024,Supplier_A,Dallas,Boston,Rail,2847,8134.11,Snow,Moderate,Critical,8,15,1
SHP-000025,Supplier_R,San Antonio,Las Vegas,Road,1075,3303.06,Rain,Low,Critical,9,8,0
SHP-000026,Supplier_G,Dallas,Atlanta,Road,1906,3092.15,Clear,Low,High,1,1,0
SHP-000027,Supplier_W,San Diego,Las Vegas,Air,289,4056.9,Clear,Low,Critical,2,2,0
SHP-000028,Supplier_U,San Jose,Atlanta,Air,2834,6741.45,Clear,Low,Low,1,1,0
SHP-000029,Supplier_W,Houston,Seattle,Road,3105,6837.81,Clear,High,Medium,14,14,0
SHP-000030,Supplier_R,San Diego,Orlando,Air,4758,3186.63,Rain,Low,Medium,4,3,0
SHP-000031,Supplier_N,Phoenix,Las Vegas,Rail,1999,1375.44,Snow,Moderate,Critical,10,13,1
SHP-000032,Supplier_H,Los Angeles,Orlando,Sea,1367,6342.34,Snow,Moderate,Low,7,9,1
SHP-000033,Supplier_O,San Antonio,Miami,Sea,1628,1326.84,Snow,Moderate,High,14,14,0
SHP-000034,Supplier_S,New York,Orlando,Air,3302,5806.0,Clear,Severe,Critical,7,6,0
SHP-000035,Supplier_I,Dallas,Las Vegas,Air,3656,6949.55,Fog,Low,Low,12,12,0
SHP-000036,Supplier_Z,San Jose,Seattle,Sea,3990,7021.08,Storm,Moderate,Low,6,6,0
SHP-000037,Supplier_A,Dallas,Portland,Sea,746,7547.05,Fog,Moderate,Medium,13,13,0
SHP-000038,Supplier_Y,San Jose,Las Vegas,Rail,2988,8734.95,Clear,Low,Critical,11,9,0
SHP-000039,Supplier_Z,San Jose,Miami,Rail,2535,5024.59,Fog,Moderate,High,5,5,0
SHP-000040,Supplier_F,Chicago,Atlanta,Road,700,7315.98,Storm,High,Medium,11,16,1
SHP-000041,Supplier_W,Los Angeles,Las Vegas,Road,2463,6210.77,Storm,Low,Critical,4,6,1
SHP-000042,Supplier_N,San Diego,Denver,Rail,2161,1907.07,Clear,Low,Medium,12,11,0
SHP-000043,Supplier_K,Chicago,Miami,Sea,341,305.61,Snow,Low,Critical,13,11,0
SHP-000044,Supplier_I,Chicago,Boston,Rail,2141,2881.19,Fog,High,Critical,14,14,0
SHP-000045,Supplier_E,Houston,Seattle,Air,2924,4458.19,Rain,High,Critical,8,6,0
SHP-000046,Supplier_G,Houston,Seattle,Air,2712,6190.2,Rain,Moderate,Low,7,5,0
SHP-000047,Supplier_Y,Chicago,Orlando,Road,1463,8507.1,Fog,Moderate,High,11,9,0
SHP-000048,Supplier_K,New York,Portland,Road,1578,2002.64,Clear,High,Low,11,9,0
SHP-000049,Supplier_D,San Antonio,Atlanta,Air,2656,1299.22,Rain,High,High,10,14,1
SHP-000050,Supplier_C,Los Angeles,Las Vegas,Sea,875,9636.63,Clear,High,Medium,1,1,0
SHP-000051,Supplier_M,San Antonio,Orlando,Air,4114,1125.04,Fog,High,Low,6,9,1
SHP-000052,Supplier_D,Houston,Detroit,Rail,134,4810.99,Clear,Moderate,High,14,12,0
SHP-000053,Supplier_L,Chicago,Nashville,Air,3252,5876.36,Rain,Moderate,Low,2,1,0
SHP-000054,Supplier_L,San Jose,Orlando,Road,2055,5436.68,Rain,High,Critical,4,8,1
SHP-000055,Supplier_T,Phoenix,Miami,Road,1685,906.02,Snow,Severe,Low,5,7,1
SHP-000056,Supplier_I,Philadelphia,Portland,Rail,4043,617.42,Rain,Low,High,8,6,0
SHP-000057,Supplier_Z,Los Angeles,Miami,Rail,3173,1099.56,Fog,Low,Critical,6,12,1
SHP-000058,Supplier_B,Los Angeles,Detroit,Air,1121,5876.6,Fog,Severe,Low,11,13,1
SHP-000059,Supplier_X,San Antonio,Nashville,Sea,3561,5466.23,Clear,Low,Critical,2,2,0
SHP-000060,Supplier_O,Dallas,Denver,Road,2713,2375.72,Clear,High,Medium,5,4,0
SHP-000061,Supplier_R,San Antonio,Nashville,Air,3943,6395.85,Clear,Low,Medium,5,5,0
SHP-000062,Supplier_D,Dallas,Miami,Rail,1600,8209.67,Clear,Low,Critical,6,4,0
SHP-000063,Supplier_M,Philadelphia,Las Vegas,Air,4898,463.71,Rain,Low,High,1,1,0
SHP-000064,Supplier_C,Phoenix,Detroit,Sea,261,5006.39,Fog,Low,Medium,8,6,0
SHP-000065,Supplier_R,Dallas,Nashville,Road,4397,6908.64,Storm,Low,High,3,1,0
SHP-000066,Supplier_J,San Diego,Boston,Road,2081,2560.5,Clear,Moderate,Critical,5,5,0
SHP-000067,Supplier_U,New York,Atlanta,Sea,1095,3112.32,Clear,High,High,7,7,0
SHP-000068,Supplier_T,San Jose,Atlanta,Air,3442,6155.7,Rain,Severe,Low,3,1,0
SHP-000069,Supplier_L,San Jose,Atlanta,Road,4651,8984.46,Rain,Moderate,Critical,14,20,1
SHP-000070,Supplier_S,Dallas,Las Vegas,Rail,3898,8108.75,Clear,Moderate,Critical,10,8,0
SHP-000071,Supplier_G,San Antonio,Denver,Sea,1375,5852.15,Storm,Moderate,Medium,13,11,0
SHP-000072,Supplier_W,Los Angeles,Boston,Rail,1116,7315.71,Fog,Moderate,High,6,5,0
SHP-000073,Supplier_C,San Antonio,Denver,Road,437,3679.98,Clear,Moderate,Low,5,5,0
SHP-000074,Supplier_B,Chicago,Denver,Sea,978,6427.61,Storm,Low,Critical,7,13,1
SHP-000075,Supplier_V,Chicago,Boston,Road,1176,4688.51,Clear,Low,High,10,10,0
SHP-000076,Supplier_H,San Jose,Atlanta,Air,4987,1939.86,Snow,Low,Critical,11,10,0
SHP-000077,Supplier_Y,San Jose,Denver,Rail,4093,7032.3,Clear,Low,Critical,3,6,1
SHP-000078,Supplier_J,San Jose,Boston,Sea,4959,5586.82,Clear,High,Medium,13,11,0
SHP-000079,Supplier_C,Los Angeles,Nashville,Road,479,3618.28,Fog,Low,High,14,14,0
SHP-000080,Supplier_H,Los Angeles,Denver,Road,592,9117.82,Clear,High,Critical,2,1,0
SHP-000081,Supplier_D,San Jose,Miami,Air,2162,258.29,Snow,Severe,Low,4,10,1
SHP-000082,Supplier_M,Los Angeles,Orlando,Rail,3984,3191.94,Clear,Severe,High,3,8,1
SHP-000083,Supplier_I,Phoenix,Detroit,Sea,164,615.97,Clear,Severe,Critical,4,4,0
SHP-000084,Supplier_O,Dallas,Denver,Air,2668,7676.95,Clear,Low,High,7,6,0
SHP-000085,Supplier_U,Philadelphia,Miami,Rail,2127,7035.97,Clear,Moderate,Medium,5,3,0
SHP-000086,Supplier_L,San Antonio,Miami,Sea,2795,3346.95,Rain,Low,Low,4,4,0
SHP-000087,Supplier_F,Phoenix,Boston,Road,1595,6772.85,Clear,High,Critical,14,16,1
SHP-000088,Supplier_L,San Antonio,Nashville,Road,491,3989.58,Rain,High,Low,6,5,0
SHP-000089,Supplier_L,San Diego,Atlanta,Rail,4614,7574.73,Rain,High,Medium,7,11,1
SHP-000090,Supplier_G,San Jose,Detroit,Road,4574,4569.13,Snow,Moderate,High,12,15,1
SHP-000091,Supplier_V,San Jose,Denver,Air,3661,4152.18,Clear,High,Low,14,17,1
SHP-000092,Supplier_I,San Diego,Nashville,Sea,2378,9350.56,Fog,Low,Critical,11,9,0
SHP-000093,Supplier_W,New York,Detroit,Sea,3199,2546.25,Clear,Low,Medium,5,5,0
SHP-000094,Supplier_V,Chicago,Boston,Air,300,1248.45,Clear,High,Medium,12,10,0
SHP-000095,Supplier_U,Phoenix,Nashville,Road,4975,5866.2,Clear,Moderate,High,7,7,0
SHP-000096,Supplier_C,San Antonio,Atlanta,Sea,3204,9694.75,Clear,Severe,Medium,3,3,0
SHP-000097,Supplier_T,Chicago,Miami,Air,4698,3809.5,Clear,Low,Critical,7,7,0
SHP-000098,Supplier_U,San Jose,Seattle,Road,2554,667.27,Rain,High,High,12,18,1
SHP-000099,Supplier_F,San Jose,Seattle,Rail,3745,3426.09,Clear,Moderate,Medium,3,8,1
SHP-000100,Supplier_R,San Antonio,Orlando,Rail,904,5084.02,Clear,High,Low,14,12,0
SHP-000101,Supplier_X,New York,Orlando,Road,2831,1661.13,Snow,High,Medium,6,9,1
SHP-000102,Supplier_H,San Antonio,Seattle,Rail,2873,6598.12,Clear,Severe,High,8,15,1
SHP-000103,Supplier_F,Philadelphia,Portland,Rail,1670,9977.61,Clear,Low,Critical,13,12,0
SHP-000104,Supplier_O,Houston,Las Vegas,Air,2790,4544.81,Clear,Severe,Medium,6,6,0
SHP-000105,Supplier_M,New York,Las Vegas,Road,3940,3579.55,Snow,Low,Low,10,10,0
SHP-000106,Supplier_I,San Diego,Nashville,Road,1128,4037.01,Clear,Low,Critical,11,9,0
SHP-000107,Supplier_U,Phoenix,Atlanta,Road,602,1195.7,Clear,Moderate,Medium,3,2,0
SHP-000108,Supplier_W,Philadelphia,Boston,Road,4593,8838.57,Rain,High,High,12,11,0
SHP-000109,Supplier_R,New York,Miami,Rail,970,4177.52,Rain,Moderate,Critical,5,5,0
SHP-000110,Supplier_H,Philadelphia,Detroit,Sea,4588,3903.38,Rain,High,Critical,9,13,1
SHP-000111,Supplier_V,Phoenix,Portland,Rail,306,6613.92,Storm,High,Medium,8,13,1
SHP-000112,Supplier_K,Phoenix,Las Vegas,Rail,1584,4448.23,Clear,Low,Critical,6,6,0
SHP-000113,Supplier_Y,Phoenix,Nashville,Sea,963,6499.92,Clear,Severe,Low,9,16,1
SHP-000114,Supplier_Y,San Diego,Atlanta,Sea,2890,661.39,Clear,Low,Critical,2,1,0
SHP-000115,Supplier_B,Los Angeles,Portland,Rail,663,8146.55,Clear,High,Low,13,17,1
SHP-000116,Supplier_H,Houston,Miami,Road,4291,9408.01,Clear,Low,Low,11,11,0
SHP-000117,Supplier_B,Chicago,Nashville,Rail,1857,6505.22,Clear,Moderate,Low,9,9,0
SHP-000118,Supplier_Z,Phoenix,Seattle,Air,1778,9547.93,Rain,Moderate,High,10,10,0
SHP-000119,Supplier_K,San Diego,Miami,Air,3342,1556.75,Rain,Low,Low,13,13,0
SHP-000120,Supplier_M,Philadelphia,Boston,Rail,4736,4800.29,Clear,Low,Medium,10,10,0
SHP-000121,Supplier_I,Phoenix,Las Vegas,Road,1159,6037.98,Snow,Low,Low,6,8,1
SHP-000122,Supplier_C,San Antonio,Orlando,Air,1822,5838.28,Clear,Low,Medium,9,7,0
SHP-000123,Supplier_G,San Jose,Atlanta,Sea,3414,4044.54,Clear,Low,High,12,10,0
SHP-000124,Supplier_S,Los Angeles,Seattle,Road,3257,3413.94,Rain,Moderate,Medium,4,4,0
SHP-000125,Supplier_W,Houston,Las Vegas,Road,2725,1311.9,Clear,High,Medium,5,3,0
SHP-000126,Supplier_K,San Diego,Denver,Road,2829,3947.84,Clear,Moderate,Critical,2,9,1
SHP-000127,Supplier_G,Houston,Boston,Road,1697,1668.48,Clear,High,Low,3,4,1
SHP-000128,Supplier_U,San Antonio,Orlando,Rail,3160,7356.94,Fog,Moderate,Medium,1,1,0
SHP-000129,Supplier_P,San Diego,Nashville,Rail,2793,2127.87,Snow,Moderate,Medium,4,10,1
SHP-000130,Supplier_M,Dallas,Portland,Air,4991,632.72,Clear,Moderate,Critical,12,12,0
SHP-000131,Supplier_U,Philadelphia,Atlanta,Sea,3727,5546.04,Storm,Moderate,Critical,2,4,1
SHP-000132,Supplier_O,New York,Las Vegas,Sea,1463,5972.54,Snow,Moderate,Low,12,15,1
SHP-000133,Supplier_E,Dallas,Seattle,Road,2081,8725.53,Rain,Low,High,2,2,0
SHP-000134,Supplier_I,Chicago,Denver,Rail,1763,5790.97,Storm,High,Medium,1,5,1
SHP-000135,Supplier_E,Los Angeles,Detroit,Rail,1629,3487.53,Clear,High,Medium,10,8,0
SHP-000136,Supplier_H,Phoenix,Las Vegas,Air,2138,8039.97,Clear,Low,Low,12,10,0
SHP-000137,Supplier_X,Dallas,Denver,Road,3402,5425.77,Rain,High,High,2,9,1
SHP-000138,Supplier_R,San Antonio,Seattle,Rail,2337,838.84,Rain,Low,High,4,10,1
SHP-000139,Supplier_R,Chicago,Las Vegas,Sea,1406,5680.21,Rain,Low,Low,6,5,0
SHP-000140,Supplier_I,Dallas,Nashville,Rail,4129,9084.78,Rain,Low,Critical,13,18,1
SHP-000141,Supplier_X,San Jose,Las Vegas,Sea,2775,3993.31,Fog,High,High,12,11,0
SHP-000142,Supplier_S,New York,Portland,Rail,1382,2998.44,Fog,High,Low,7,14,1
SHP-000143,Supplier_N,Chicago,Miami,Air,809,1477.52,Storm,High,Medium,7,6,0
SHP-000144,Supplier_S,Houston,Miami,Air,4844,1556.88,Storm,Low,High,7,6,0
SHP-000145,Supplier_M,Houston,Portland,Rail,4513,4356.08,Fog,Moderate,High,4,2,0
SHP-000146,Supplier_L,New York,Orlando,Sea,3848,5977.01,Clear,High,High,12,11,0
SHP-000147,Supplier_H,Houston,Boston,Sea,4879,852.12,Clear,Low,Critical,5,3,0
SHP-000148,Supplier_E,New York,Denver,Air,763,9398.71,Clear,Moderate,Medium,14,14,0
SHP-000149,Supplier_Q,San Diego,Miami,Road,2098,7563.58,Storm,Low,High,11,17,1
SHP-000150,Supplier_P,New York,Miami,Sea,3545,5886.91,Rain,Low,Low,12,10,0
SHP-000151,Supplier_C,Philadelphia,Portland,Sea,3843,8292.96,Snow,Moderate,Low,3,6,1
SHP-000152,Supplier_Y,Houston,Boston,Rail,1595,847.86,Clear,Moderate,Critical,1,1,0
SHP-000153,Supplier_B,Phoenix,Orlando,Rail,3404,4794.55,Clear,Low,High,14,14,0
SHP-000154,Supplier_D,Philadelphia,Boston,Road,3863,6319.43,Snow,Low,Low,8,14,1
SHP-000155,Supplier_E,San Diego,Nashville,Sea,1953,8295.1,Clear,Low,Medium,10,8,0
SHP-000156,Supplier_U,Dallas,Detroit,Rail,4759,7845.52,Clear,Low,High,11,10,0
SHP-000157,Supplier_F,San Antonio,Seattle,Road,1391,2806.84,Clear,Low,High,7,6,0
SHP-000158,Supplier_Z,Los Angeles,Orlando,Road,3681,9411.76,Clear,Low,Low,14,13,0
SHP-000159,Supplier_V,New York,Las Vegas,Road,3557,1287.24,Snow,Moderate,Critical,9,8,0
SHP-000160,Supplier_N,Houston,Boston,Air,1736,8757.58,Clear,Moderate,Critical,14,13,0
SHP-000161,Supplier_T,Philadelphia,Miami,Road,3796,9710.86,Rain,High,Low,10,10,0
SHP-000162,Supplier_C,San Diego,Denver,Rail,3099,1812.68,Clear,High,Critical,4,2,0
SHP-000163,Supplier_M,San Jose,Las Vegas,Sea,3252,7234.56,Storm,Low,Critical,12,11,0
SHP-000164,Supplier_M,San Diego,Orlando,Rail,798,450.84,Clear,Low,Low,12,11,0
SHP-000165,Supplier_T,Chicago,Atlanta,Rail,2260,4083.96,Rain,High,Medium,5,6,1
SHP-000166,Supplier_O,San Diego,Boston,Rail,4197,5187.02,Snow,Low,High,5,9,1
SHP-000167,Supplier_Q,San Jose,Atlanta,Road,4837,5827.42,Clear,Low,Low,13,13,0
SHP-000168,Supplier_I,Dallas,Nashville,Rail,954,9362.58,Storm,Low,Low,7,6,0
SHP-000169,Supplier_R,Philadelphia,Atlanta,Sea,3574,6738.89,Rain,Moderate,Critical,13,12,0
SHP-000170,Supplier_A,Philadelphia,Denver,Sea,1807,4838.72,Clear,Moderate,Critical,9,8,0
SHP-000171,Supplier_V,Chicago,Las Vegas,Rail,2877,8106.27,Clear,Severe,Medium,8,9,1
SHP-000172,Supplier_X,Phoenix,Boston,Road,1833,9507.8,Fog,High,Low,7,10,1
SHP-000173,Supplier_D,Los Angeles,Nashville,Air,3610,269.56,Snow,Moderate,High,14,12,0
SHP-000174,Supplier_V,Phoenix,Seattle,Road,302,9826.09,Clear,Low,Low,1,1,0
SHP-000175,Supplier_R,New York,Orlando,Rail,3355,907.01,Clear,Low,Critical,12,11,0
SHP-000176,Supplier_Y,San Antonio,Las Vegas,Sea,4318,8153.15,Storm,Low,High,10,12,1
SHP-000177,Supplier_I,New York,Detroit,Air,4596,2839.33,Rain,Low,Critical,13,13,0
SHP-000178,Supplier_Y,Chicago,Detroit,Rail,866,1365.19,Snow,Low,Low,6,9,1
SHP-000179,Supplier_U,San Jose,Boston,Rail,4489,4426.56,Clear,Low,Medium,10,13,1
SHP-000180,Supplier_K,Houston,Portland,Rail,2427,6457.37,Snow,Low,High,9,7,0
SHP-000181,Supplier_D,Houston,Boston,Rail,3031,3840.47,Clear,Low,Medium,13,17,1
SHP-000182,Supplier_J,Houston,Seattle,Sea,297,592.93,Clear,Severe,Critical,7,13,1
SHP-000183,Supplier_N,Houston,Detroit,Air,2030,6014.64,Rain,Moderate,Critical,1,1,0
SHP-000184,Supplier_F,Phoenix,Detroit,Sea,3682,9028.91,Fog,Severe,High,9,9,0
SHP-000185,Supplier_O,San Antonio,Seattle,Sea,708,3862.99,Clear,Low,Critical,3,3,0
SHP-000186,Supplier_A,Dallas,Portland,Air,3372,2202.51,Clear,Moderate,Medium,14,13,0
SHP-000187,Supplier_X,New York,Orlando,Rail,1247,4453.64,Rain,Low,Critical,9,8,0
SHP-000188,Supplier_X,New York,Detroit,Air,4382,531.21,Rain,Low,Critical,4,3,0
SHP-000189,Supplier_I,San Diego,Miami,Road,3497,8213.85,Storm,Low,High,9,11,1
SHP-000190,Supplier_Q,Chicago,Denver,Sea,2611,8272.09,Snow,Severe,Critical,13,16,1
SHP-000191,Supplier_Y,Chicago,Miami,Sea,1894,5900.6,Clear,Severe,High,8,6,0
SHP-000192,Supplier_F,San Jose,Orlando,Rail,759,3563.37,Fog,Low,Low,7,5,0
SHP-000193,Supplier_Q,New York,Portland,Air,2911,8007.84,Snow,Low,High,4,7,1
SHP-000194,Supplier_D,Houston,Miami,Road,1469,5569.14,Storm,Moderate,High,9,8,0
SHP-000195,Supplier_U,Phoenix,Miami,Air,2086,8268.03,Rain,Low,High,4,2,0
SHP-000196,Supplier_J,San Jose,Denver,Rail,246,6333.01,Storm,Low,High,1,1,0
SHP-000197,Supplier_U,Phoenix,Nashville,Sea,3319,7854.83,Clear,Low,Low,6,5,0
SHP-000198,Supplier_Q,Phoenix,Las Vegas,Sea,3011,6005.7,Clear,Moderate,Low,4,4,0
SHP-000199,Supplier_T,San Antonio,Portland,Rail,1834,4170.7,Storm,Low,Low,10,8,0
SHP-000200,Supplier_G,San Antonio,Nashville,Road,1943,9581.56,Clear,Low,Medium,3,9,1
SHP-000201,Supplier_E,Philadelphia,Las Vegas,Sea,588,5434.08,Clear,Low,Medium,12,10,0
SHP-000202,Supplier_L,San Diego,Atlanta,Sea,3076,6070.64,Snow,Moderate,Low,5,4,0
SHP-000203,Supplier_Y,Phoenix,Atlanta,Rail,2059,2243.85,Storm,Severe,Critical,3,9,1
SHP-000204,Supplier_F,Houston,Las Vegas,Sea,2485,6275.23,Clear,Low,High,11,9,0
SHP-000205,Supplier_R,San Diego,Miami,Road,3019,5737.5,Storm,High,Medium,9,11,1
SHP-000206,Supplier_Y,Phoenix,Portland,Sea,4836,1889.14,Rain,High,Critical,12,11,0
SHP-000207,Supplier_Q,Dallas,Atlanta,Road,1902,642.89,Rain,Severe,Low,6,4,0
SHP-000208,Supplier_A,San Jose,Detroit,Air,4161,6063.38,Storm,High,High,3,6,1
SHP-000209,Supplier_T,San Antonio,Nashville,Air,3469,7648.74,Clear,Moderate,Low,5,4,0
SHP-000210,Supplier_K,San Jose,Orlando,Sea,362,5257.84,Clear,High,Low,8,14,1
SHP-000211,Supplier_P,Los Angeles,Detroit,Rail,723,2306.39,Clear,Low,Critical,14,13,0
SHP-000212,Supplier_A,New York,Nashville,Rail,1116,6681.89,Rain,Moderate,Low,8,8,0
SHP-000213,Supplier_D,Dallas,Denver,Sea,3743,847.05,Rain,Severe,Critical,6,10,1
SHP-000214,Supplier_L,Philadelphia,Miami,Rail,2149,4446.25,Storm,High,Low,5,7,1
SHP-000215,Supplier_Z,Dallas,Atlanta,Sea,3823,1675.5,Snow,Severe,Medium,5,3,0
SHP-000216,Supplier_J,San Jose,Portland,Sea,4648,1885.37,Rain,High,Critical,1,1,0
SHP-000217,Supplier_H,San Jose,Detroit,Rail,3208,2062.82,Snow,High,Medium,2,3,1
SHP-000218,Supplier_B,Phoenix,Seattle,Air,4190,3897.74,Clear,High,Critical,12,12,0
SHP-000219,Supplier_H,Phoenix,Portland,Road,2156,558.94,Clear,High,High,11,9,0
SHP-000220,Supplier_S,Los Angeles,Miami,Sea,3270,4008.04,Storm,Moderate,Medium,4,6,1
SHP-000221,Supplier_C,San Diego,Seattle,Sea,1782,5141.49,Clear,Severe,Critical,6,11,1
SHP-000222,Supplier_C,Los Angeles,Miami,Rail,2355,4858.78,Clear,High,Medium,11,15,1
SHP-000223,Supplier_X,Philadelphia,Boston,Air,1254,3858.7,Rain,High,Low,7,9,1
SHP-000224,Supplier_P,Phoenix,Detroit,Air,4599,8399.51,Clear,Moderate,High,1,1,0
SHP-000225,Supplier_C,Philadelphia,Seattle,Air,3291,1496.0,Storm,Low,High,8,6,0
SHP-000226,Supplier_Y,Phoenix,Atlanta,Rail,1796,5081.68,Clear,Low,High,12,12,0
SHP-000227,Supplier_R,Phoenix,Orlando,Rail,4091,667.31,Clear,Severe,Low,1,1,0
SHP-000228,Supplier_Y,Phoenix,Boston,Rail,4823,758.0,Clear,Moderate,Critical,9,8,0
SHP-000229,Supplier_E,Houston,Seattle,Air,4782,5759.97,Rain,Low,Critical,4,4,0
SHP-000230,Supplier_E,Chicago,Seattle,Rail,1748,5681.88,Clear,Low,Low,12,10,0
SHP-000231,Supplier_V,Dallas,Portland,Road,1545,8786.43,Rain,High,Low,7,6,0
SHP-000232,Supplier_P,Houston,Detroit,Air,4299,5600.84,Storm,High,Low,11,13,1
SHP-000233,Supplier_R,New York,Miami,Air,4023,9599.92,Fog,High,High,14,13,0
SHP-000234,Supplier_F,San Jose,Boston,Rail,353,534.51,Clear,Moderate,Medium,6,4,0
SHP-000235,Supplier_I,San Antonio,Portland,Rail,3283,1025.18,Clear,Low,High,13,12,0
SHP-000236,Supplier_Q,Philadelphia,Orlando,Air,2657,488.46,Rain,Low,High,9,8,0
SHP-000237,Supplier_T,Chicago,Seattle,Road,198,1893.5,Fog,Low,Medium,14,12,0
SHP-000238,Supplier_N,New York,Miami,Rail,2300,5435.64,Fog,High,Low,2,2,0
SHP-000239,Supplier_G,San Diego,Seattle,Air,3061,6473.44,Clear,Low,High,11,9,0
SHP-000240,Supplier_R,Phoenix,Nashville,Road,4533,503.57,Snow,Moderate,Critical,7,5,0
SHP-000241,Supplier_Y,Phoenix,Atlanta,Rail,3877,9462.41,Clear,Moderate,Critical,11,13,1
SHP-000242,Supplier_X,San Antonio,Boston,Rail,2969,8429.55,Clear,Moderate,High,5,5,0
SHP-000243,Supplier_W,San Antonio,Orlando,Rail,3334,3001.29,Clear,Severe,Critical,13,14,1
SHP-000244,Supplier_G,San Antonio,Las Vegas,Air,3891,818.02,Clear,Low,Critical,7,7,0
SHP-000245,Supplier_W,New York,Portland,Air,1056,1740.38,Clear,High,Critical,1,6,1
SHP-000246,Supplier_J,San Jose,Denver,Sea,4167,1313.1,Clear,Low,Critical,11,11,0
SHP-000247,Supplier_M,San Jose,Las Vegas,Road,260,1276.67,Rain,Low,Low,11,10,0
SHP-000248,Supplier_V,Houston,Seattle,Air,4593,5209.69,Clear,Moderate,High,10,9,0
SHP-000249,Supplier_U,Philadelphia,Orlando,Sea,1400,2496.18,Rain,Low,Critical,9,9,0
SHP-000250,Supplier_L,Houston,Orlando,Road,4087,3613.49,Clear,High,High,1,1,0
SHP-000251,Supplier_O,Dallas,Orlando,Rail,1627,9895.58,Clear,Moderate,Medium,14,14,0
SHP-000252,Supplier_Q,San Diego,Denver,Road,1318,6858.93,Clear,Low,Low,5,4,0
SHP-000253,Supplier_O,Philadelphia,Atlanta,Sea,4596,9492.36,Clear,Low,High,14,13,0
SHP-000254,Supplier_D,Dallas,Orlando,Sea,4835,1468.44,Rain,Moderate,High,8,7,0
SHP-000255,Supplier_H,Phoenix,Denver,Rail,3204,3852.29,Clear,High,Critical,1,1,0
SHP-000256,Supplier_H,Chicago,Atlanta,Sea,2835,5569.58,Rain,Moderate,High,7,6,0
SHP-000257,Supplier_C,Dallas,Denver,Road,4655,813.74,Clear,Moderate,Critical,2,6,1
SHP-000258,Supplier_K,Chicago,Boston,Air,1054,91.67,Rain,High,Critical,7,12,1
SHP-000259,Supplier_A,Phoenix,Orlando,Road,4665,6720.82,Snow,Moderate,High,7,5,0
SHP-000260,Supplier_S,Los Angeles,Seattle,Air,3546,6436.1,Clear,Low,Low,9,14,1
SHP-000261,Supplier_R,San Diego,Las Vegas,Rail,1145,4137.35,Clear,Moderate,Critical,6,6,0
SHP-000262,Supplier_H,Chicago,Boston,Rail,1793,4921.96,Clear,Moderate,High,4,2,0
SHP-000263,Supplier_S,Phoenix,Seattle,Sea,3536,4183.66,Rain,High,High,7,6,0
SHP-000264,Supplier_H,Dallas,Miami,Road,662,288.85,Clear,Moderate,Medium,7,7,0
SHP-000265,Supplier_A,Chicago,Las Vegas,Road,2585,3386.95,Rain,Severe,Medium,4,6,1
SHP-000266,Supplier_C,Philadelphia,Orlando,Road,3454,1811.97,Rain,Low,Low,2,1,0
SHP-000267,Supplier_W,Los Angeles,Boston,Rail,325,1029.32,Fog,Severe,Critical,13,11,0
SHP-000268,Supplier_U,Houston,Las Vegas,Road,4993,9569.37,Rain,Moderate,Medium,11,11,0
SHP-000269,Supplier_B,Philadelphia,Portland,Rail,1059,6013.63,Rain,Moderate,Medium,9,8,0
SHP-000270,Supplier_H,Houston,Miami,Road,4648,7300.13,Clear,Low,High,14,14,0
SHP-000271,Supplier_C,Phoenix,Nashville,Road,3167,3187.87,Fog,Low,High,8,7,0
SHP-000272,Supplier_B,San Antonio,Miami,Air,915,3961.81,Snow,High,Critical,5,3,0
SHP-000273,Supplier_K,Philadelphia,Detroit,Sea,4854,2407.39,Clear,High,Critical,14,14,0
SHP-000274,Supplier_C,Philadelphia,Nashville,Sea,4742,1014.81,Storm,Low,Medium,5,4,0
SHP-000275,Supplier_Q,Phoenix,Nashville,Road,3220,1831.36,Clear,Moderate,Medium,1,1,0
SHP-000276,Supplier_H,San Jose,Boston,Air,116,7985.26,Storm,Low,Critical,11,18,1
SHP-000277,Supplier_I,Phoenix,Atlanta,Sea,1343,6791.58,Storm,Severe,High,9,11,1
SHP-000278,Supplier_V,San Diego,Las Vegas,Road,2305,5491.94,Clear,High,High,11,11,0
SHP-000279,Supplier_P,Los Angeles,Portland,Road,2624,4777.14,Snow,Low,Low,14,21,1
SHP-000280,Supplier_G,San Diego,Portland,Road,1169,9228.22,Clear,High,Low,10,15,1
SHP-000281,Supplier_R,New York,Detroit,Road,3544,773.71,Clear,Severe,Critical,11,16,1
SHP-000282,Supplier_E,San Jose,Las Vegas,Sea,2665,2841.98,Clear,Low,High,8,7,0
SHP-000283,Supplier_X,San Jose,Miami,Road,1160,3531.88,Snow,High,High,5,8,1
SHP-000284,Supplier_S,San Jose,Seattle,Rail,2427,7835.14,Clear,Moderate,Medium,10,17,1
SHP-000285,Supplier_S,Los Angeles,Miami,Rail,3520,9925.52,Clear,Moderate,Low,6,10,1
SHP-000286,Supplier_P,San Diego,Boston,Road,401,2444.67,Snow,Low,Low,12,11,0
SHP-000287,Supplier_H,Houston,Nashville,Sea,4376,8749.36,Clear,Low,Critical,10,10,0
SHP-000288,Supplier_Z,Dallas,Las Vegas,Sea,706,8314.7,Clear,Moderate,Medium,11,10,0
SHP-000289,Supplier_P,Los Angeles,Portland,Sea,3270,2285.34,Clear,Low,Medium,10,16,1
SHP-000290,Supplier_Z,San Antonio,Detroit,Road,799,4023.36,Clear,High,Low,8,7,0
SHP-000291,Supplier_N,Dallas,Miami,Rail,1239,4126.25,Clear,Low,Medium,6,5,0
SHP-000292,Supplier_G,Phoenix,Nashville,Road,290,9783.3,Clear,Moderate,Medium,10,9,0
SHP-000293,Supplier_D,San Antonio,Seattle,Sea,2400,1849.87,Fog,High,High,14,14,0
SHP-000294,Supplier_D,New York,Detroit,Air,1080,8001.62,Snow,Moderate,Medium,4,5,1
SHP-000295,Supplier_V,Chicago,Atlanta,Sea,3075,3375.22,Clear,Moderate,Critical,3,2,0
SHP-000296,Supplier_N,Chicago,Orlando,Road,1284,7322.16,Clear,Severe,Critical,7,7,0
SHP-000297,Supplier_L,Houston,Miami,Sea,3427,4229.11,Clear,High,Critical,13,13,0
SHP-000298,Supplier_N,Philadelphia,Seattle,Air,3494,5804.68,Rain,Low,Critical,2,2,0
SHP-000299,Supplier_N,San Antonio,Nashville,Road,227,8334.49,Clear,Moderate,High,7,5,0
SHP-000300,Supplier_O,San Jose,Atlanta,Road,2165,8051.45,Clear,Severe,Critical,1,1,0
SHP-000301,Supplier_X,San Diego,Seattle,Rail,1916,8670.91,Storm,Low,Medium,13,12,0
SHP-000302,Supplier_B,Chicago,Seattle,Rail,669,643.19,Clear,Low,High,10,8,0
SHP-000303,Supplier_V,Philadelphia,Denver,Sea,1995,6935.9,Clear,Low,Low,5,10,1
SHP-000304,Supplier_U,Chicago,Detroit,Road,2833,1442.87,Storm,Low,Critical,9,12,1
SHP-000305,Supplier_U,Los Angeles,Boston,Sea,3963,4187.39,Rain,High,Low,13,11,0
SHP-000306,Supplier_D,San Diego,Atlanta,Road,4821,5508.45,Clear,High,Low,13,14,1
SHP-000307,Supplier_B,Philadelphia,Atlanta,Road,4114,4057.26,Rain,Severe,Low,1,3,1
SHP-000308,Supplier_M,Chicago,Miami,Rail,3001,5220.14,Clear,High,Medium,8,6,0
SHP-000309,Supplier_X,Philadelphia,Portland,Rail,1786,9965.44,Snow,Low,High,9,7,0
SHP-000310,Supplier_K,New York,Nashville,Sea,3109,1395.41,Clear,Low,Low,9,7,0
SHP-000311,Supplier_Z,New York,Miami,Rail,254,6770.79,Storm,Severe,Low,8,6,0
SHP-000312,Supplier_D,San Diego,Orlando,Sea,2637,3990.21,Fog,Low,High,4,2,0
SHP-000313,Supplier_H,Phoenix,Detroit,Rail,1509,1373.45,Fog,Low,High,14,13,0
SHP-000314,Supplier_G,Houston,Boston,Rail,4157,1629.43,Fog,Severe,Critical,14,20,1
SHP-000315,Supplier_G,Chicago,Seattle,Air,884,9495.27,Rain,Moderate,Low,7,7,0
SHP-000316,Supplier_R,San Jose,Atlanta,Air,3275,8802.03,Clear,Low,Low,1,1,0
SHP-000317,Supplier_O,Chicago,Portland,Road,4441,9075.07,Clear,High,Low,7,7,0
SHP-000318,Supplier_E,San Diego,Seattle,Sea,2906,9915.75,Rain,Severe,Low,6,4,0
SHP-000319,Supplier_N,Los Angeles,Detroit,Road,637,2122.74,Storm,Low,Critical,5,3,0
SHP-000320,Supplier_F,Chicago,Miami,Sea,1941,3586.62,Clear,High,Critical,1,8,1
SHP-000321,Supplier_I,San Jose,Detroit,Sea,2555,6708.73,Fog,Low,Critical,8,7,0
SHP-000322,Supplier_O,San Antonio,Las Vegas,Sea,624,4863.84,Storm,Moderate,Critical,10,12,1
SHP-000323,Supplier_H,San Antonio,Seattle,Road,3050,4212.98,Fog,Severe,Medium,1,3,1
SHP-000324,Supplier_C,San Antonio,Atlanta,Air,4231,3610.22,Storm,Severe,Medium,1,1,0
SHP-000325,Supplier_O,San Antonio,Orlando,Sea,4880,5958.12,Clear,Low,Low,14,14,0
SHP-000326,Supplier_Z,San Diego,Orlando,Road,4215,5777.15,Clear,Low,Medium,3,5,1
SHP-000327,Supplier_R,San Antonio,Portland,Rail,2468,1656.51,Clear,Low,High,13,11,0
SHP-000328,Supplier_D,New York,Atlanta,Rail,3947,4743.81,Clear,Moderate,Critical,8,6,0
SHP-000329,Supplier_B,New York,Portland,Air,4595,5557.04,Rain,Low,Low,8,8,0
SHP-000330,Supplier_U,Dallas,Orlando,Sea,2801,5724.36,Storm,Moderate,High,14,14,0
SHP-000331,Supplier_R,Houston,Atlanta,Sea,1071,2140.57,Storm,Low,Critical,7,10,1
SHP-000332,Supplier_A,Philadelphia,Atlanta,Road,1266,7435.6,Rain,Moderate,Medium,5,4,0
SHP-000333,Supplier_C,New York,Miami,Air,2874,300.73,Clear,Low,Critical,8,8,0
SHP-000334,Supplier_Y,Philadelphia,Miami,Rail,2082,3580.58,Clear,High,High,2,3,1
SHP-000335,Supplier_H,Dallas,Nashville,Air,953,7813.12,Clear,Low,Medium,8,7,0
SHP-000336,Supplier_F,Houston,Detroit,Road,4246,5660.73,Clear,Low,Critical,12,10,0
SHP-000337,Supplier_N,New York,Atlanta,Air,3836,2648.57,Rain,High,Low,11,11,0
SHP-000338,Supplier_P,New York,Denver,Road,3869,6964.78,Clear,High,Medium,2,4,1
SHP-000339,Supplier_P,Houston,Miami,Air,674,5695.54,Clear,Low,Low,10,8,0
SHP-000340,Supplier_G,Houston,Portland,Air,3361,7972.62,Clear,Low,Medium,5,4,0
SHP-000341,Supplier_M,Philadelphia,Miami,Rail,1248,7363.5,Rain,High,Low,11,10,0
SHP-000342,Supplier_B,Phoenix,Boston,Sea,1815,6120.57,Clear,Low,Medium,13,11,0
SHP-000343,Supplier_F,Chicago,Orlando,Sea,4877,4907.37,Clear,High,High,4,8,1
SHP-000344,Supplier_M,Los Angeles,Nashville,Road,3954,1375.16,Clear,Moderate,Medium,13,11,0
SHP-000345,Supplier_A,San Antonio,Atlanta,Sea,2591,2650.26,Fog,Low,Critical,1,1,0
SHP-000346,Supplier_M,Dallas,Atlanta,Sea,2760,4220.04,Clear,Moderate,High,5,3,0
SHP-000347,Supplier_I,San Jose,Miami,Sea,3224,6013.03,Rain,High,Medium,7,5,0
SHP-000348,Supplier_Z,Phoenix,Las Vegas,Rail,3151,5161.39,Snow,Severe,Critical,1,3,1
SHP-000349,Supplier_Z,Chicago,Miami,Sea,104,2917.44,Rain,Low,High,2,1,0
SHP-000350,Supplier_O,Los Angeles,Boston,Air,4969,114.32,Fog,Moderate,Critical,12,18,1
SHP-000351,Supplier_J,New York,Nashville,Road,976,4987.58,Clear,Low,Low,14,13,0
SHP-000352,Supplier_N,Phoenix,Nashville,Road,1091,2891.98,Clear,Moderate,Critical,9,7,0
SHP-000353,Supplier_W,Phoenix,Atlanta,Air,4242,7359.35,Clear,High,High,12,18,1
SHP-000354,Supplier_X,San Diego,Orlando,Sea,4464,288.27,Rain,Low,Medium,5,11,1
SHP-000355,Supplier_Z,Dallas,Nashville,Air,4565,5869.04,Clear,Severe,High,14,20,1
SHP-000356,Supplier_R,San Jose,Seattle,Sea,735,9417.67,Clear,Moderate,High,13,11,0
SHP-000357,Supplier_V,Dallas,Orlando,Road,1793,1785.37,Rain,Severe,Medium,7,10,1
SHP-000358,Supplier_W,Philadelphia,Orlando,Air,1782,4742.91,Rain,High,High,2,1,0
SHP-000359,Supplier_P,San Antonio,Miami,Sea,4852,959.65,Clear,Low,Medium,7,5,0
SHP-000360,Supplier_E,Chicago,Portland,Sea,219,6275.54,Rain,Low,Low,7,6,0
SHP-000361,Supplier_G,Philadelphia,Nashville,Sea,930,5527.79,Rain,Low,Medium,7,5,0
SHP-000362,Supplier_J,San Diego,Portland,Rail,3775,4103.29,Clear,Low,High,5,4,0
SHP-000363,Supplier_G,Philadelphia,Nashville,Rail,1469,5237.7,Clear,Moderate,High,9,7,0
SHP-000364,Supplier_B,Houston,Orlando,Air,840,8970.92,Snow,Moderate,High,2,2,0
SHP-000365,Supplier_S,Chicago,Orlando,Air,216,2003.13,Rain,Severe,High,4,3,0
SHP-000366,Supplier_X,San Antonio,Atlanta,Road,2938,274.52,Clear,Moderate,Low,2,6,1
SHP-000367,Supplier_R,New York,Detroit,Air,1250,8623.57,Clear,High,Low,8,8,0
SHP-000368,Supplier_B,Houston,Miami,Sea,2031,5792.31,Rain,Severe,Critical,12,12,0
SHP-000369,Supplier_X,Houston,Portland,Rail,1112,8912.05,Fog,High,High,11,11,0
SHP-000370,Supplier_K,Chicago,Las Vegas,Air,1764,5989.6,Rain,Low,High,1,1,0
SHP-000371,Supplier_B,Houston,Detroit,Rail,1181,8111.1,Clear,Moderate,High,9,9,0
SHP-000372,Supplier_B,New York,Orlando,Air,4829,4325.25,Clear,Low,High,12,11,0
SHP-000373,Supplier_S,San Jose,Seattle,Rail,612,7511.11,Storm,Low,Critical,13,16,1
SHP-000374,Supplier_P,Dallas,Atlanta,Sea,2949,9134.76,Clear,Low,High,14,12,0
SHP-000375,Supplier_Q,Chicago,Atlanta,Air,659,5742.62,Fog,High,Medium,5,4,0
SHP-000376,Supplier_Q,Los Angeles,Miami,Sea,3772,1848.81,Fog,Moderate,Medium,11,9,0
SHP-000377,Supplier_F,Philadelphia,Orlando,Rail,4683,2724.54,Clear,Moderate,Low,12,11,0
SHP-000378,Supplier_B,New York,Atlanta,Road,3443,2026.51,Fog,Severe,Low,3,10,1
SHP-000379,Supplier_Q,San Antonio,Orlando,Air,4170,2506.23,Clear,Low,Medium,12,11,0
SHP-000380,Supplier_C,Phoenix,Seattle,Rail,4899,3098.83,Storm,Moderate,Medium,11,13,1
SHP-000381,Supplier_F,Dallas,Orlando,Air,1570,5573.58,Clear,High,Medium,4,8,1
SHP-000382,Supplier_C,San Jose,Denver,Rail,680,5900.52,Clear,Low,Critical,1,1,0
SHP-000383,Supplier_T,New York,Las Vegas,Sea,2394,4293.67,Rain,Moderate,High,3,8,1
SHP-000384,Supplier_C,San Jose,Boston,Rail,3247,6173.44,Snow,Low,Critical,11,16,1
SHP-000385,Supplier_V,New York,Detroit,Air,4349,861.67,Clear,High,Low,8,7,0
SHP-000386,Supplier_H,Los Angeles,Nashville,Road,1779,923.49,Rain,Low,Critical,12,12,0
SHP-000387,Supplier_M,New York,Portland,Rail,3606,1759.7,Clear,Low,Critical,2,2,0
SHP-000388,Supplier_D,New York,Orlando,Road,2844,5204.87,Clear,Moderate,Critical,2,1,0
SHP-000389,Supplier_S,Los Angeles,Portland,Rail,3456,2179.25,Clear,Low,Medium,9,8,0
SHP-000390,Supplier_H,San Antonio,Denver,Sea,4145,2868.68,Clear,Low,Medium,5,5,0
SHP-000391,Supplier_S,San Diego,Seattle,Road,1343,4033.11,Clear,Moderate,High,5,4,0
SHP-000392,Supplier_T,San Antonio,Denver,Rail,3218,8128.07,Clear,Low,Medium,1,1,0
SHP-000393,Supplier_B,Los Angeles,Miami,Road,2241,187.93,Clear,Moderate,Critical,13,18,1
SHP-000394,Supplier_T,Dallas,Miami,Road,3159,6511.32,Clear,Moderate,Medium,6,5,0
SHP-000395,Supplier_C,Phoenix,Denver,Road,4648,6705.32,Clear,Moderate,Low,8,8,0
SHP-000396,Supplier_N,San Diego,Boston,Sea,3059,7996.63,Fog,Moderate,Medium,6,13,1
SHP-000397,Supplier_V,Chicago,Orlando,Road,2365,9330.89,Clear,Low,Critical,14,14,0
SHP-000398,Supplier_S,Houston,Nashville,Road,2579,250.37,Fog,Low,Medium,7,5,0
SHP-000399,Supplier_S,New York,Las Vegas,Road,4746,1580.15,Snow,High,Low,14,15,1
SHP-000400,Supplier_Q,Phoenix,Detroit,Rail,1735,8867.4,Rain,High,Critical,4,4,0
SHP-000401,Supplier_K,San Antonio,Boston,Air,1857,4612.26,Rain,Low,High,2,1,0
SHP-000402,Supplier_I,Los Angeles,Orlando,Sea,4552,5667.68,Storm,Moderate,Low,1,1,0
SHP-000403,Supplier_G,Dallas,Las Vegas,Rail,2170,6647.12,Clear,Moderate,Low,12,12,0
SHP-000404,Supplier_V,Phoenix,Denver,Air,2949,6806.71,Rain,Moderate,Low,6,6,0
SHP-000405,Supplier_W,San Jose,Denver,Road,3351,9320.82,Rain,Moderate,Critical,9,8,0
SHP-000406,Supplier_K,San Jose,Portland,Rail,3830,9969.65,Rain,Low,Medium,10,9,0
SHP-000407,Supplier_H,Chicago,Boston,Rail,2589,7215.57,Storm,High,Low,5,7,1
SHP-000408,Supplier_I,San Antonio,Orlando,Sea,1731,2907.85,Clear,Low,High,12,11,0
SHP-000409,Supplier_M,Los Angeles,Detroit,Sea,2916,8803.54,Rain,Moderate,High,2,3,1
SHP-000410,Supplier_E,Dallas,Boston,Air,1115,539.75,Rain,High,Medium,1,1,0
SHP-000411,Supplier_V,San Jose,Detroit,Rail,1448,2349.25,Clear,Moderate,Low,3,1,0
SHP-000412,Supplier_U,Los Angeles,Miami,Road,4711,8978.99,Clear,Low,Critical,4,2,0
SHP-000413,Supplier_J,Phoenix,Las Vegas,Air,3187,2599.11,Rain,Severe,Medium,7,12,1
SHP-000414,Supplier_O,Los Angeles,Orlando,Rail,2939,2245.48,Storm,High,High,9,12,1
SHP-000415,Supplier_K,Los Angeles,Denver,Road,435,1424.35,Clear,High,Medium,8,8,0
SHP-000416,Supplier_Y,San Diego,Miami,Sea,4692,8598.16,Storm,Moderate,High,9,14,1
SHP-000417,Supplier_C,Houston,Seattle,Sea,995,5025.58,Clear,Low,Medium,7,14,1
SHP-000418,Supplier_A,San Jose,Las Vegas,Air,3646,6765.19,Clear,Severe,High,10,10,0
SHP-000419,Supplier_O,Houston,Las Vegas,Sea,951,2428.71,Clear,Moderate,Medium,8,7,0
SHP-000420,Supplier_T,Phoenix,Miami,Sea,1787,7592.5,Clear,High,High,8,6,0
SHP-000421,Supplier_S,Dallas,Nashville,Road,2031,7612.06,Clear,Low,Low,1,1,0
SHP-000422,Supplier_D,Houston,Detroit,Road,3846,3160.35,Clear,Low,Low,12,11,0
SHP-000423,Supplier_C,Philadelphia,Seattle,Road,2527,4136.29,Snow,Severe,Low,14,19,1
SHP-000424,Supplier_R,San Antonio,Seattle,Rail,1668,2136.42,Snow,Moderate,Low,12,14,1
SHP-000425,Supplier_G,Phoenix,Seattle,Air,4100,9766.78,Clear,Low,Critical,9,7,0
SHP-000426,Supplier_Q,Chicago,Atlanta,Road,2838,6473.75,Clear,Low,Critical,2,2,0
SHP-000427,Supplier_I,New York,Detroit,Sea,3598,9348.71,Clear,Moderate,Critical,12,12,0
SHP-000428,Supplier_E,Dallas,Seattle,Sea,4013,3068.69,Rain,Low,High,11,10,0
SHP-000429,Supplier_L,San Diego,Portland,Road,1166,7829.81,Clear,Moderate,Low,14,13,0
SHP-000430,Supplier_C,Houston,Portland,Sea,4480,7670.29,Clear,Moderate,Critical,7,6,0
SHP-000431,Supplier_H,San Diego,Orlando,Sea,2544,6931.97,Fog,High,High,13,18,1
SHP-000432,Supplier_L,Philadelphia,Detroit,Rail,4207,9658.11,Storm,Low,Medium,10,10,0
SHP-000433,Supplier_J,Houston,Orlando,Sea,3473,3965.88,Clear,Severe,High,10,9,0
SHP-000434,Supplier_F,New York,Orlando,Sea,4069,1350.64,Clear,Low,High,13,13,0
SHP-000435,Supplier_O,New York,Detroit,Sea,2646,6733.5,Clear,Moderate,High,5,3,0
SHP-000436,Supplier_R,Los Angeles,Orlando,Road,853,7306.63,Snow,Low,High,4,7,1
SHP-000437,Supplier_W,Los Angeles,Boston,Rail,2182,5771.85,Rain,High,High,1,7,1
SHP-000438,Supplier_J,San Jose,Nashville,Rail,2874,2107.84,Clear,Severe,High,1,1,0
SHP-000439,Supplier_T,San Diego,Detroit,Road,2996,5069.34,Snow,High,Critical,3,7,1
SHP-000440,Supplier_Z,Chicago,Denver,Sea,4285,3156.29,Clear,Moderate,Low,14,20,1
SHP-000441,Supplier_U,Los Angeles,Atlanta,Road,875,4303.29,Clear,Moderate,Medium,1,1,0
SHP-000442,Supplier_Q,Dallas,Portland,Rail,1725,6469.92,Clear,High,High,8,15,1
SHP-000443,Supplier_A,Los Angeles,Miami,Road,3169,7464.89,Clear,Severe,Low,3,3,0
SHP-000444,Supplier_V,Los Angeles,Portland,Road,517,2360.64,Clear,Severe,Critical,11,11,0
SHP-000445,Supplier_R,Phoenix,Seattle,Sea,214,4082.99,Clear,Low,Medium,10,8,0
SHP-000446,Supplier_J,Houston,Miami,Road,716,2728.16,Clear,Severe,Critical,2,2,0
SHP-000447,Supplier_V,San Diego,Seattle,Road,4074,2026.38,Clear,Low,Low,6,5,0
SHP-000448,Supplier_D,Phoenix,Seattle,Road,3367,7844.7,Snow,Low,Low,4,11,1
SHP-000449,Supplier_E,Phoenix,Portland,Road,925,9097.06,Clear,Low,High,13,13,0
SHP-000450,Supplier_I,San Diego,Orlando,Rail,1616,3733.81,Clear,Low,Medium,13,13,0
SHP-000451,Supplier_D,New York,Seattle,Road,3246,7525.23,Rain,High,Low,14,15,1
SHP-000452,Supplier_D,Los Angeles,Seattle,Rail,512,8975.1,Snow,High,Medium,11,15,1
SHP-000453,Supplier_X,Chicago,Portland,Rail,828,8468.94,Storm,High,Critical,14,18,1
SHP-000454,Supplier_R,New York,Detroit,Rail,3448,1868.99,Clear,Moderate,High,13,12,0
SHP-000455,Supplier_E,Phoenix,Nashville,Air,2908,9565.1,Clear,Moderate,Critical,11,9,0
SHP-000456,Supplier_I,Philadelphia,Seattle,Rail,775,3797.93,Snow,High,Critical,13,14,1
SHP-000457,Supplier_J,Philadelphia,Nashville,Air,3565,3425.44,Rain,Low,Medium,4,4,0
SHP-000458,Supplier_T,San Antonio,Denver,Rail,2604,671.19,Clear,High,Low,2,6,1
SHP-000459,Supplier_G,Los Angeles,Miami,Road,3067,4887.43,Fog,Moderate,High,2,2,0
SHP-000460,Supplier_W,Los Angeles,Detroit,Sea,2886,1134.69,Clear,Moderate,High,11,9,0
SHP-000461,Supplier_K,New York,Miami,Rail,1222,2522.97,Fog,Moderate,Critical,6,4,0
SHP-000462,Supplier_G,New York,Atlanta,Road,4179,3203.58,Storm,High,Medium,5,10,1
SHP-000463,Supplier_V,Chicago,Detroit,Air,1671,8097.82,Rain,Low,Critical,9,7,0
SHP-000464,Supplier_U,Chicago,Miami,Sea,2243,8761.11,Fog,Low,Low,4,3,0
SHP-000465,Supplier_I,Philadelphia,Las Vegas,Sea,1787,3059.54,Snow,High,High,5,12,1
SHP-000466,Supplier_Q,Philadelphia,Atlanta,Road,4232,8594.05,Clear,Moderate,Critical,1,1,0
SHP-000467,Supplier_P,San Diego,Denver,Road,3951,8579.45,Clear,High,Medium,12,14,1
SHP-000468,Supplier_I,San Jose,Boston,Road,3540,7658.28,Clear,Low,High,12,12,0
SHP-000469,Supplier_B,Phoenix,Portland,Air,3866,1509.62,Clear,Low,Critical,2,1,0
SHP-000470,Supplier_C,Los Angeles,Seattle,Road,2426,6918.71,Snow,High,Medium,3,9,1
SHP-000471,Supplier_U,Philadelphia,Orlando,Rail,3014,9452.99,Clear,Moderate,Low,5,3,0
SHP-000472,Supplier_N,Philadelphia,Detroit,Rail,4052,6841.28,Clear,Moderate,Low,12,10,0
SHP-000473,Supplier_I,Chicago,Miami,Road,695,3349.59,Rain,Low,Critical,5,5,0
SHP-000474,Supplier_B,Los Angeles,Miami,Sea,828,5030.76,Storm,Low,High,4,3,0
SHP-000475,Supplier_A,San Antonio,Seattle,Sea,1465,6474.96,Clear,Moderate,Medium,14,12,0
SHP-000476,Supplier_K,San Antonio,Seattle,Rail,4592,5130.18,Clear,Low,High,10,9,0
SHP-000477,Supplier_Y,San Diego,Boston,Road,798,1243.53,Clear,High,Medium,3,4,1
SHP-000478,Supplier_E,Phoenix,Denver,Air,495,3155.04,Rain,High,Medium,9,11,1
SHP-000479,Supplier_U,San Antonio,Seattle,Air,4271,8033.84,Clear,Low,Medium,1,1,0
SHP-000480,Supplier_I,San Diego,Boston,Sea,4460,8621.11,Rain,Moderate,Critical,6,4,0
SHP-000481,Supplier_F,San Antonio,Denver,Sea,2602,1416.14,Clear,Moderate,Medium,7,7,0
SHP-000482,Supplier_X,Chicago,Detroit,Road,1919,9526.25,Clear,Low,Medium,10,8,0
SHP-000483,Supplier_O,Los Angeles,Las Vegas,Rail,817,3321.79,Fog,Low,Medium,4,4,0
SHP-000484,Supplier_R,Chicago,Seattle,Rail,2882,6640.02,Clear,Moderate,Low,10,8,0
SHP-000485,Supplier_W,New York,Denver,Air,3677,7530.66,Clear,Moderate,Medium,3,3,0
SHP-000486,Supplier_N,Chicago,Seattle,Rail,243,8128.87,Clear,Moderate,Low,8,7,0
SHP-000487,Supplier_R,Los Angeles,Miami,Rail,3240,9460.21,Clear,Moderate,Critical,9,7,0
SHP-000488,Supplier_A,San Antonio,Denver,Sea,4591,3163.55,Rain,High,Low,13,18,1
SHP-000489,Supplier_D,San Jose,Boston,Road,3038,8592.14,Clear,High,Critical,1,1,0
SHP-000490,Supplier_C,San Diego,Atlanta,Rail,3736,1360.28,Clear,Moderate,Medium,11,11,0
SHP-000491,Supplier_W,San Jose,Miami,Air,3322,7065.16,Clear,High,Medium,12,16,1
SHP-000492,Supplier_E,San Diego,Denver,Air,1267,7432.68,Rain,Low,Medium,10,10,0
SHP-000493,Supplier_R,Chicago,Nashville,Air,2716,6793.35,Snow,High,Low,9,10,1
SHP-000494,Supplier_B,San Jose,Atlanta,Road,1162,2560.53,Rain,Moderate,Medium,7,5,0
SHP-000495,Supplier_L,San Antonio,Detroit,Road,2256,8736.78,Rain,High,Medium,1,1,0
SHP-000496,Supplier_S,Philadelphia,Seattle,Road,3082,1730.14,Clear,Moderate,Medium,7,7,0
SHP-000497,Supplier_R,San Jose,Boston,Rail,3394,583.67,Clear,Low,Low,5,11,1
SHP-000498,Supplier_E,New York,Portland,Road,4829,7188.78,Clear,Moderate,Low,10,10,0
SHP-000499,Supplier_N,Chicago,Seattle,Air,1256,4780.98,Clear,Low,Low,13,20,1
SHP-000500,Supplier_E,San Diego,Detroit,Rail,832,8498.53,Clear,Moderate,Low,13,12,0
SHP-000501,Supplier_B,San Diego,Detroit,Sea,4430,3864.8,Rain,Moderate,Medium,7,6,0
SHP-000502,Supplier_J,Los Angeles,Denver,Air,4946,1724.37,Rain,High,Medium,12,10,0
SHP-000503,Supplier_L,San Antonio,Las Vegas,Road,1053,8372.6,Fog,Moderate,Medium,9,7,0
SHP-000504,Supplier_Z,San Diego,Orlando,Rail,2639,5511.65,Clear,Moderate,Low,8,6,0
SHP-000505,Supplier_B,New York,Nashville,Sea,3424,1932.5,Rain,Low,Low,6,5,0
SHP-000506,Supplier_L,Los Angeles,Atlanta,Sea,3401,7217.82,Storm,Severe,Low,2,1,0
SHP-000507,Supplier_G,Phoenix,Atlanta,Road,1642,5135.58,Rain,High,Critical,8,6,0
SHP-000508,Supplier_V,Philadelphia,Denver,Sea,1291,6062.91,Clear,High,Critical,12,18,1
SHP-000509,Supplier_H,New York,Denver,Air,3093,4635.94,Clear,Low,Critical,14,13,0
SHP-000510,Supplier_V,Dallas,Seattle,Rail,2781,8295.65,Clear,Moderate,Critical,4,3,0
SHP-000511,Supplier_D,San Jose,Seattle,Sea,1317,8304.15,Clear,Low,Low,8,6,0
SHP-000512,Supplier_L,San Jose,Las Vegas,Road,1640,7108.42,Snow,Moderate,Low,7,14,1
SHP-000513,Supplier_Y,Houston,Nashville,Road,3336,1098.74,Clear,Low,Low,4,2,0
SHP-000514,Supplier_R,Philadelphia,Detroit,Road,2486,8396.6,Clear,Moderate,Critical,8,6,0
SHP-000515,Supplier_N,Dallas,Detroit,Air,3819,6726.58,Snow,Moderate,Critical,11,15,1
SHP-000516,Supplier_T,Dallas,Orlando,Sea,1488,6985.39,Snow,Low,Low,11,10,0
SHP-000517,Supplier_X,San Jose,Nashville,Air,1956,3661.68,Clear,Moderate,Low,12,11,0
SHP-000518,Supplier_E,Los Angeles,Seattle,Road,1465,8798.83,Rain,High,Low,11,10,0
SHP-000519,Supplier_H,San Antonio,Miami,Road,599,7267.45,Clear,Low,High,2,2,0
SHP-000520,Supplier_F,Houston,Orlando,Rail,1780,1170.28,Clear,High,Medium,9,8,0
SHP-000521,Supplier_Z,San Diego,Orlando,Sea,610,4107.39,Clear,Low,High,6,4,0
SHP-000522,Supplier_Z,Philadelphia,Seattle,Sea,4412,8869.48,Rain,Low,Critical,7,5,0
SHP-000523,Supplier_F,San Antonio,Las Vegas,Road,1424,519.61,Fog,Low,Low,10,9,0
SHP-000524,Supplier_N,Chicago,Boston,Rail,1255,9616.1,Clear,High,High,1,1,0
SHP-000525,Supplier_A,Dallas,Denver,Sea,1927,6807.67,Rain,Moderate,Low,3,1,0
SHP-000526,Supplier_F,San Jose,Detroit,Rail,3241,6332.19,Clear,High,Medium,14,18,1
SHP-000527,Supplier_X,New York,Seattle,Road,3586,2742.06,Rain,Moderate,High,10,11,1
SHP-000528,Supplier_K,New York,Miami,Road,1910,2525.48,Clear,Low,High,5,5,0
SHP-000529,Supplier_Z,Chicago,Boston,Sea,3023,9423.48,Clear,High,Medium,12,11,0
SHP-000530,Supplier_N,Dallas,Denver,Road,2314,3017.81,Storm,Low,Low,7,9,1
SHP-000531,Supplier_Z,San Diego,Las Vegas,Road,4286,7766.28,Rain,High,Low,1,7,1
SHP-000532,Supplier_V,San Diego,Orlando,Air,813,3961.56,Clear,Low,Critical,9,9,0
SHP-000533,Supplier_X,Chicago,Portland,Sea,3702,1435.58,Clear,Low,High,5,3,0
SHP-000534,Supplier_Z,Los Angeles,Seattle,Air,4234,156.62,Clear,High,Critical,13,11,0
SHP-000535,Supplier_H,San Diego,Atlanta,Rail,3622,5465.36,Clear,Severe,Medium,12,10,0
SHP-000536,Supplier_I,Philadelphia,Portland,Rail,4368,9759.0,Storm,Low,Medium,3,10,1
SHP-000537,Supplier_F,Houston,Orlando,Rail,4848,3722.91,Fog,High,High,7,9,1
SHP-000538,Supplier_Z,Philadelphia,Atlanta,Rail,4949,3604.06,Clear,Low,High,10,8,0
SHP-000539,Supplier_W,Phoenix,Denver,Air,1343,3473.71,Clear,High,Critical,8,6,0
SHP-000540,Supplier_D,New York,Las Vegas,Air,3809,5229.41,Storm,Moderate,High,10,8,0
SHP-000541,Supplier_M,Dallas,Nashville,Road,1181,4434.62,Clear,Low,Low,10,10,0
SHP-000542,Supplier_B,Houston,Las Vegas,Air,555,8805.15,Rain,Low,Low,3,3,0
SHP-000543,Supplier_P,Dallas,Detroit,Rail,994,5079.93,Clear,Low,Low,7,7,0
SHP-000544,Supplier_H,San Antonio,Portland,Air,1484,5102.19,Snow,Low,Medium,7,6,0
SHP-000545,Supplier_G,San Antonio,Las Vegas,Road,2058,1426.8,Rain,Low,Low,4,8,1
SHP-000546,Supplier_O,Houston,Portland,Rail,3172,9828.26,Storm,Moderate,Critical,10,17,1
SHP-000547,Supplier_L,Los Angeles,Denver,Road,2096,2537.23,Snow,Severe,Critical,9,14,1
SHP-000548,Supplier_J,San Diego,Detroit,Road,4385,779.97,Clear,Low,Medium,1,2,1
SHP-000549,Supplier_Z,San Diego,Detroit,Air,604,6648.31,Snow,Moderate,Low,1,6,1
SHP-000550,Supplier_H,San Jose,Las Vegas,Air,1314,5973.9,Storm,Moderate,High,5,9,1
SHP-000551,Supplier_H,San Diego,Portland,Air,1631,4180.7,Clear,Severe,High,13,11,0
SHP-000552,Supplier_A,Los Angeles,Portland,Air,3540,4250.81,Clear,Moderate,High,3,2,0
SHP-000553,Supplier_V,San Diego,Portland,Sea,923,7861.39,Clear,Moderate,Critical,10,10,0
SHP-000554,Supplier_G,San Diego,Boston,Air,1028,1997.34,Clear,Moderate,Critical,13,11,0
SHP-000555,Supplier_M,Philadelphia,Orlando,Rail,233,8211.52,Clear,Low,Low,9,8,0
SHP-000556,Supplier_K,Los Angeles,Nashville,Sea,2205,6505.03,Rain,Low,High,5,3,0
SHP-000557,Supplier_I,San Diego,Orlando,Air,3727,4218.75,Clear,Moderate,Low,7,7,0
SHP-000558,Supplier_C,New York,Miami,Rail,4880,4607.38,Storm,Low,Low,1,4,1
SHP-000559,Supplier_Y,Los Angeles,Seattle,Road,1952,2603.64,Clear,Moderate,Critical,2,1,0
SHP-000560,Supplier_I,San Antonio,Seattle,Rail,4275,7533.54,Clear,Low,Critical,11,9,0
SHP-000561,Supplier_L,San Antonio,Seattle,Rail,3033,5153.1,Clear,Moderate,Critical,12,10,0
SHP-000562,Supplier_U,New York,Portland,Sea,3384,3242.5,Clear,Low,Critical,4,4,0
SHP-000563,Supplier_Q,Dallas,Seattle,Road,4398,5980.7,Clear,Severe,High,9,9,0
SHP-000564,Supplier_M,Dallas,Nashville,Air,2911,9957.56,Clear,High,Low,5,11,1
SHP-000565,Supplier_V,New York,Seattle,Sea,1350,4380.86,Clear,Low,Low,5,4,0
SHP-000566,Supplier_R,Los Angeles,Boston,Road,3612,9210.88,Snow,Low,Low,9,15,1
SHP-000567,Supplier_K,San Jose,Nashville,Rail,1356,3482.92,Snow,Moderate,Critical,8,10,1
SHP-000568,Supplier_A,San Jose,Nashville,Rail,3476,594.59,Clear,Low,High,2,2,0
SHP-000569,Supplier_D,Phoenix,Orlando,Air,3586,2082.21,Snow,Low,High,7,10,1
SHP-000570,Supplier_I,Dallas,Denver,Rail,3684,4216.02,Snow,Low,Low,1,2,1
SHP-000571,Supplier_F,Dallas,Detroit,Road,1496,2235.37,Clear,Severe,Low,10,9,0
SHP-000572,Supplier_S,Houston,Boston,Air,3737,52.26,Fog,High,Medium,11,12,1
SHP-000573,Supplier_I,San Diego,Las Vegas,Rail,3430,9154.27,Storm,Moderate,High,11,17,1
SHP-000574,Supplier_B,Philadelphia,Atlanta,Air,2803,8446.6,Clear,Moderate,Low,9,13,1
SHP-000575,Supplier_D,Philadelphia,Denver,Air,570,7435.81,Clear,Severe,Critical,3,1,0
SHP-000576,Supplier_T,New York,Atlanta,Sea,1453,1719.76,Clear,Severe,High,13,13,0
SHP-000577,Supplier_N,Houston,Boston,Road,2883,1247.62,Clear,Severe,Low,2,8,1
SHP-000578,Supplier_L,San Diego,Portland,Rail,2931,722.67,Snow,Low,Critical,4,3,0
SHP-000579,Supplier_X,Philadelphia,Las Vegas,Sea,457,7254.09,Clear,Low,High,4,3,0
SHP-000580,Supplier_Z,Dallas,Detroit,Road,3119,9291.64,Snow,Moderate,Critical,3,1,0
SHP-000581,Supplier_K,San Jose,Seattle,Sea,767,4333.83,Snow,Moderate,Low,2,3,1
SHP-000582,Supplier_N,San Jose,Orlando,Road,4568,1235.45,Rain,Low,Low,5,8,1
SHP-000583,Supplier_T,San Diego,Miami,Rail,1245,5148.31,Rain,Low,High,4,4,0
SHP-000584,Supplier_Q,Philadelphia,Portland,Sea,4285,3520.88,Clear,High,Medium,5,3,0
SHP-000585,Supplier_D,San Diego,Las Vegas,Road,3819,3779.51,Clear,High,Critical,13,15,1
SHP-000586,Supplier_M,Los Angeles,Orlando,Sea,2845,6232.24,Rain,Low,Critical,12,10,0
SHP-000587,Supplier_S,Los Angeles,Detroit,Sea,639,7201.25,Clear,High,Medium,12,12,0
SHP-000588,Supplier_G,Houston,Nashville,Sea,2879,1150.51,Clear,Moderate,High,8,6,0
SHP-000589,Supplier_I,New York,Portland,Sea,4236,404.12,Storm,High,Medium,11,11,0
SHP-000590,Supplier_B,Philadelphia,Portland,Road,4935,9943.59,Rain,Moderate,Critical,2,1,0
SHP-000591,Supplier_W,Philadelphia,Nashville,Sea,3875,2365.65,Clear,Low,Critical,9,7,0
SHP-000592,Supplier_N,Phoenix,Nashville,Air,2608,585.61,Rain,Moderate,Medium,10,8,0
SHP-000593,Supplier_A,Dallas,Detroit,Air,2879,1939.26,Snow,Moderate,Critical,1,7,1
SHP-000594,Supplier_Q,Dallas,Portland,Air,1024,437.63,Clear,Moderate,Critical,8,7,0
SHP-000595,Supplier_Z,Philadelphia,Detroit,Sea,3056,3948.52,Clear,Low,Low,12,10,0
SHP-000596,Supplier_R,Los Angeles,Boston,Road,1681,8033.9,Fog,Severe,Medium,5,7,1
SHP-000597,Supplier_V,New York,Nashville,Air,3424,3445.38,Clear,Low,Critical,2,1,0
SHP-000598,Supplier_X,Chicago,Miami,Road,4585,4469.62,Clear,Low,Low,8,6,0
SHP-000599,Supplier_X,San Diego,Denver,Road,355,6772.09,Clear,Moderate,Critical,5,4,0
SHP-000600,Supplier_X,Chicago,Portland,Sea,4904,5113.5,Snow,Moderate,Critical,10,9,0
SHP-000601,Supplier_V,San Antonio,Seattle,Sea,1938,8621.38,Clear,Moderate,Low,14,13,0
SHP-000602,Supplier_G,Los Angeles,Boston,Sea,2044,8667.05,Clear,High,High,10,9,0
SHP-000603,Supplier_L,Phoenix,Atlanta,Road,109,148.61,Clear,Moderate,Low,13,20,1
SHP-000604,Supplier_N,San Jose,Detroit,Sea,2971,7791.56,Fog,Moderate,High,14,13,0
SHP-000605,Supplier_C,Houston,Atlanta,Rail,897,4634.3,Clear,High,Critical,3,2,0
SHP-000606,Supplier_V,Houston,Boston,Road,1115,9888.96,Rain,Low,Medium,7,7,0
SHP-000607,Supplier_K,Los Angeles,Las Vegas,Sea,1924,4858.16,Fog,Moderate,High,4,6,1
SHP-000608,Supplier_T,San Antonio,Las Vegas,Sea,4569,9869.61,Clear,High,Critical,11,9,0
SHP-000609,Supplier_K,Houston,Las Vegas,Road,3236,7557.97,Fog,Low,Low,11,13,1
SHP-000610,Supplier_V,San Diego,Atlanta,Air,2293,2523.62,Fog,Moderate,Critical,10,8,0
SHP-000611,Supplier_D,Houston,Boston,Sea,323,5407.03,Storm,Severe,Critical,12,19,1
SHP-000612,Supplier_X,Philadelphia,Seattle,Rail,4258,9921.75,Clear,Low,Low,6,11,1
SHP-000613,Supplier_J,Los Angeles,Atlanta,Air,4025,8582.43,Rain,Moderate,Medium,10,9,0
SHP-000614,Supplier_Q,San Antonio,Atlanta,Rail,4884,1018.8,Snow,Severe,Medium,8,10,1
SHP-000615,Supplier_J,New York,Atlanta,Air,4100,7078.4,Fog,Low,Low,1,1,0
SHP-000616,Supplier_V,San Jose,Detroit,Rail,1733,3488.52,Clear,Low,Low,2,2,0
SHP-000617,Supplier_N,Los Angeles,Miami,Sea,2252,119.47,Snow,High,Medium,14,18,1
SHP-000618,Supplier_K,San Diego,Las Vegas,Rail,610,4064.64,Clear,High,Critical,13,11,0
SHP-000619,Supplier_M,San Diego,Seattle,Air,484,2385.81,Clear,Moderate,High,8,8,0
SHP-000620,Supplier_W,San Jose,Detroit,Rail,504,8197.75,Clear,Moderate,Critical,7,7,0
SHP-000621,Supplier_J,Dallas,Seattle,Rail,4713,3406.44,Snow,High,Medium,10,13,1
SHP-000622,Supplier_R,Chicago,Detroit,Rail,4671,8283.86,Clear,High,Critical,9,7,0
SHP-000623,Supplier_E,San Diego,Boston,Sea,2100,55.95,Rain,Low,Low,2,2,0
SHP-000624,Supplier_G,New York,Boston,Sea,2856,3112.8,Fog,Low,High,8,8,0
SHP-000625,Supplier_N,Dallas,Boston,Rail,1768,2449.59,Clear,Moderate,Low,6,5,0
SHP-000626,Supplier_V,New York,Seattle,Air,1560,2374.0,Rain,High,Low,1,8,1
SHP-000627,Supplier_M,Dallas,Orlando,Air,3736,728.46,Clear,High,High,4,3,0
SHP-000628,Supplier_V,San Antonio,Denver,Sea,2824,1911.89,Clear,Severe,Medium,14,17,1
SHP-000629,Supplier_X,San Jose,Las Vegas,Air,4909,5577.72,Rain,High,Low,2,1,0
SHP-000630,Supplier_F,San Diego,Boston,Sea,4278,2949.04,Fog,Moderate,Critical,7,5,0
SHP-000631,Supplier_T,Dallas,Miami,Sea,2148,4203.08,Rain,Moderate,High,9,8,0
SHP-000632,Supplier_S,Chicago,Boston,Air,4246,3799.83,Snow,High,High,6,10,1
SHP-000633,Supplier_J,San Jose,Boston,Rail,4880,8765.25,Clear,High,High,4,3,0
SHP-000634,Supplier_M,Chicago,Detroit,Road,816,9057.73,Clear,Moderate,Low,5,4,0
SHP-000635,Supplier_R,Chicago,Nashville,Road,4644,4954.92,Rain,Low,Critical,11,9,0
SHP-000636,Supplier_A,Los Angeles,Nashville,Rail,4683,3335.05,Clear,Severe,Critical,1,3,1
SHP-000637,Supplier_J,San Antonio,Orlando,Sea,1923,1112.67,Clear,Moderate,Critical,13,12,0
SHP-000638,Supplier_J,San Jose,Miami,Sea,2181,9536.36,Rain,Low,High,4,2,0
SHP-000639,Supplier_G,San Jose,Portland,Air,3519,649.26,Clear,Moderate,Low,13,12,0
SHP-000640,Supplier_N,Philadelphia,Las Vegas,Road,1674,3011.62,Clear,Moderate,Medium,10,8,0
SHP-000641,Supplier_Z,Dallas,Denver,Rail,349,3015.76,Rain,Low,Critical,3,1,0
SHP-000642,Supplier_S,San Antonio,Nashville,Road,773,3237.99,Rain,High,High,9,7,0
SHP-000643,Supplier_T,San Antonio,Seattle,Air,4633,1684.65,Fog,Low,Critical,6,6,0
SHP-000644,Supplier_U,San Jose,Seattle,Rail,2265,7842.46,Rain,Low,Medium,4,3,0
SHP-000645,Supplier_K,Houston,Seattle,Air,870,1268.85,Clear,Moderate,Low,3,5,1
SHP-000646,Supplier_O,Phoenix,Portland,Air,4062,6367.32,Fog,High,Low,12,12,0
SHP-000647,Supplier_O,San Antonio,Seattle,Rail,4463,1282.27,Snow,Severe,Medium,13,14,1
SHP-000648,Supplier_O,Philadelphia,Las Vegas,Rail,2084,751.83,Clear,High,High,4,9,1
SHP-000649,Supplier_V,Phoenix,Orlando,Rail,1177,9098.82,Clear,Severe,Low,8,15,1
SHP-000650,Supplier_G,San Diego,Las Vegas,Air,335,1941.78,Rain,Low,Critical,12,12,0
SHP-000651,Supplier_Q,Chicago,Portland,Road,488,8221.44,Rain,Low,Medium,5,4,0
SHP-000652,Supplier_P,Chicago,Portland,Road,3137,5469.08,Snow,Moderate,Critical,13,11,0
SHP-000653,Supplier_Z,San Antonio,Detroit,Road,4958,824.67,Snow,Low,High,11,17,1
SHP-000654,Supplier_Z,San Jose,Atlanta,Air,1948,9556.71,Rain,High,Medium,1,1,0
SHP-000655,Supplier_X,Dallas,Detroit,Rail,4819,2507.26,Fog,Moderate,Medium,5,5,0
SHP-000656,Supplier_F,Phoenix,Seattle,Road,2914,8603.47,Rain,Severe,Medium,8,15,1
SHP-000657,Supplier_V,Dallas,Nashville,Sea,3474,1729.66,Clear,Low,Critical,11,11,0
SHP-000658,Supplier_C,Philadelphia,Nashville,Air,3378,8546.73,Storm,Moderate,High,12,12,0
SHP-000659,Supplier_J,Dallas,Seattle,Rail,1352,181.63,Clear,Moderate,Low,4,2,0
SHP-000660,Supplier_Q,Houston,Portland,Rail,4081,5142.22,Snow,Low,Critical,14,12,0
SHP-000661,Supplier_V,Houston,Portland,Air,4773,7705.95,Fog,Moderate,Low,2,2,0
SHP-000662,Supplier_U,Houston,Las Vegas,Road,2222,9351.22,Rain,Moderate,High,13,13,0
SHP-000663,Supplier_T,San Jose,Miami,Road,4630,9096.56,Rain,Moderate,High,3,2,0
SHP-000664,Supplier_K,Phoenix,Detroit,Air,2250,8205.27,Clear,Low,High,14,12,0
SHP-000665,Supplier_C,Philadelphia,Denver,Sea,4959,8887.5,Clear,Low,Medium,11,9,0
SHP-000666,Supplier_Y,Chicago,Orlando,Sea,1429,2032.24,Clear,Moderate,Low,9,15,1
SHP-000667,Supplier_H,Chicago,Denver,Sea,1458,2877.63,Rain,Low,High,14,13,0
SHP-000668,Supplier_V,Dallas,Boston,Air,2582,2925.24,Snow,Low,High,7,7,0
SHP-000669,Supplier_J,Dallas,Miami,Sea,4642,3801.69,Rain,Low,High,3,3,0
SHP-000670,Supplier_H,Philadelphia,Portland,Sea,2117,3963.54,Clear,Low,Critical,5,4,0
SHP-000671,Supplier_Z,Los Angeles,Detroit,Sea,1431,5468.33,Clear,Low,Low,3,1,0
SHP-000672,Supplier_G,Philadelphia,Detroit,Rail,4444,1640.8,Snow,Low,High,10,9,0
SHP-000673,Supplier_E,Dallas,Seattle,Air,4361,6927.9,Clear,Moderate,Critical,4,4,0
SHP-000674,Supplier_A,San Diego,Nashville,Air,1458,1717.29,Rain,Moderate,Medium,12,15,1
SHP-000675,Supplier_B,San Jose,Nashville,Sea,4737,3137.57,Snow,Moderate,Low,8,8,0
SHP-000676,Supplier_H,San Jose,Nashville,Road,4954,5058.28,Rain,High,Medium,14,21,1
SHP-000677,Supplier_P,San Antonio,Las Vegas,Road,3277,7974.58,Clear,Moderate,Medium,3,3,0
SHP-000678,Supplier_T,Dallas,Boston,Rail,2228,7407.72,Storm,Moderate,High,3,10,1
SHP-000679,Supplier_Y,Phoenix,Detroit,Sea,2280,6473.07,Clear,High,Critical,11,11,0
SHP-000680,Supplier_C,San Antonio,Orlando,Rail,4992,1599.94,Fog,Moderate,Low,11,11,0
SHP-000681,Supplier_O,New York,Miami,Sea,237,5493.1,Clear,High,Low,8,13,1
SHP-000682,Supplier_N,Dallas,Orlando,Sea,3572,920.09,Clear,Moderate,Low,10,10,0
SHP-000683,Supplier_U,Los Angeles,Miami,Sea,2932,3804.76,Storm,Moderate,Low,13,13,0
SHP-000684,Supplier_S,New York,Denver,Sea,3679,4164.49,Clear,High,Critical,10,9,0
SHP-000685,Supplier_G,San Antonio,Denver,Road,3131,446.12,Snow,Low,Medium,7,11,1
SHP-000686,Supplier_W,Chicago,Detroit,Air,4264,2776.18,Storm,Low,High,7,5,0
SHP-000687,Supplier_W,New York,Orlando,Sea,2693,9558.71,Storm,Low,Critical,10,10,0
SHP-000688,Supplier_M,New York,Orlando,Air,4400,9538.64,Fog,Low,High,2,1,0
SHP-000689,Supplier_P,Houston,Orlando,Rail,3918,3555.65,Clear,Low,Low,12,11,0
SHP-000690,Supplier_M,Phoenix,Orlando,Sea,4238,478.85,Snow,Moderate,Critical,7,10,1
SHP-000691,Supplier_H,Chicago,Nashville,Road,3923,1831.99,Clear,High,Medium,10,14,1
SHP-000692,Supplier_E,Phoenix,Nashville,Rail,4142,3952.57,Clear,High,Medium,11,14,1
SHP-000693,Supplier_U,Phoenix,Seattle,Road,2006,9480.41,Storm,Low,Medium,10,12,1
SHP-000694,Supplier_W,Chicago,Nashville,Road,860,1454.93,Clear,Severe,High,3,10,1
SHP-000695,Supplier_A,New York,Atlanta,Road,3545,7646.98,Rain,Moderate,Critical,14,14,0
SHP-000696,Supplier_Y,Phoenix,Las Vegas,Air,999,1131.39,Rain,Low,Medium,7,6,0
SHP-000697,Supplier_Y,Houston,Nashville,Air,4555,9813.51,Rain,High,Medium,13,12,0
SHP-000698,Supplier_D,Dallas,Seattle,Road,3047,3847.08,Fog,High,High,4,4,0
SHP-000699,Supplier_Y,New York,Portland,Air,1819,7763.58,Clear,High,High,13,12,0
SHP-000700,Supplier_N,Philadelphia,Atlanta,Rail,380,3458.78,Rain,Low,Low,8,8,0
SHP-000701,Supplier_H,San Diego,Detroit,Air,3366,6295.31,Storm,Moderate,Low,8,8,0
SHP-000702,Supplier_F,Los Angeles,Orlando,Sea,1987,1960.56,Clear,High,Low,6,6,0
SHP-000703,Supplier_Z,San Jose,Portland,Rail,3366,1502.91,Clear,Moderate,Critical,13,13,0
SHP-000704,Supplier_W,Dallas,Boston,Air,766,9383.74,Rain,Moderate,Medium,12,11,0
SHP-000705,Supplier_Q,Houston,Atlanta,Rail,4288,9180.59,Clear,Moderate,Medium,3,1,0
SHP-000706,Supplier_O,Dallas,Denver,Sea,771,8880.32,Clear,High,High,6,4,0
SHP-000707,Supplier_B,San Antonio,Atlanta,Sea,2069,6273.06,Storm,Low,Critical,6,5,0
SHP-000708,Supplier_R,Houston,Las Vegas,Air,4256,8092.27,Rain,Moderate,Medium,3,3,0
SHP-000709,Supplier_H,Dallas,Denver,Air,3222,736.92,Fog,Low,Low,11,10,0
SHP-000710,Supplier_D,Phoenix,Miami,Road,4799,3381.15,Storm,Moderate,Medium,4,8,1
SHP-000711,Supplier_O,New York,Orlando,Sea,4877,3171.35,Rain,High,Critical,2,1,0
SHP-000712,Supplier_E,San Antonio,Portland,Air,4000,6374.67,Clear,Low,Low,1,1,0
SHP-000713,Supplier_Z,San Antonio,Miami,Rail,623,3591.78,Clear,Moderate,Critical,2,2,0
SHP-000714,Supplier_O,San Antonio,Denver,Air,2493,1527.64,Clear,Moderate,High,7,5,0
SHP-000715,Supplier_V,Philadelphia,Seattle,Air,3217,5984.85,Fog,Low,Low,10,10,0
SHP-000716,Supplier_Q,Dallas,Atlanta,Rail,2693,8153.12,Clear,Moderate,Critical,5,4,0
SHP-000717,Supplier_R,New York,Nashville,Rail,2068,3852.13,Clear,Low,Low,9,7,0
SHP-000718,Supplier_T,New York,Boston,Rail,1853,1366.07,Rain,Moderate,Low,3,3,0
SHP-000719,Supplier_K,Phoenix,Seattle,Rail,2396,2007.05,Clear,Low,High,2,1,0
SHP-000720,Supplier_Y,Houston,Seattle,Sea,2361,2412.96,Clear,High,Low,4,2,0
SHP-000721,Supplier_O,San Jose,Boston,Air,2386,3033.98,Rain,High,Low,2,7,1
SHP-000722,Supplier_T,San Diego,Las Vegas,Road,4302,6445.81,Clear,Moderate,Low,11,11,0
SHP-000723,Supplier_X,Houston,Atlanta,Rail,2978,6029.41,Clear,Low,High,7,12,1
SHP-000724,Supplier_Q,Philadelphia,Portland,Rail,4243,6975.99,Clear,Severe,Low,10,11,1
SHP-000725,Supplier_N,San Jose,Miami,Road,3744,3656.89,Snow,Moderate,Medium,6,13,1
SHP-000726,Supplier_R,Dallas,Detroit,Sea,4532,8248.78,Rain,Low,Critical,8,8,0
SHP-000727,Supplier_O,San Jose,Las Vegas,Road,2155,2080.67,Clear,High,Low,13,16,1
SHP-000728,Supplier_F,Houston,Miami,Road,4820,4716.96,Rain,Low,Low,5,11,1
SHP-000729,Supplier_X,Houston,Denver,Air,1376,8019.34,Clear,Moderate,High,2,2,0
SHP-000730,Supplier_P,Phoenix,Detroit,Rail,2866,1842.58,Fog,Moderate,Medium,13,17,1
SHP-000731,Supplier_O,San Diego,Nashville,Rail,402,1143.14,Clear,Moderate,Critical,4,4,0
SHP-000732,Supplier_I,Chicago,Nashville,Sea,738,8842.66,Rain,High,Low,1,2,1
SHP-000733,Supplier_Y,Los Angeles,Denver,Sea,155,3462.15,Storm,Moderate,Low,2,8,1
SHP-000734,Supplier_H,Chicago,Atlanta,Sea,4921,6854.51,Storm,Low,High,4,3,0
SHP-000735,Supplier_U,Chicago,Denver,Sea,625,302.22,Clear,Severe,Medium,6,5,0
SHP-000736,Supplier_I,Dallas,Las Vegas,Sea,4669,6915.97,Clear,Severe,Critical,4,3,0
SHP-000737,Supplier_Y,Los Angeles,Nashville,Sea,4223,3195.21,Snow,Moderate,Low,4,6,1
SHP-000738,Supplier_Y,San Antonio,Portland,Air,2225,604.62,Clear,Moderate,Medium,14,14,0
SHP-000739,Supplier_Q,New York,Atlanta,Air,3387,6117.64,Storm,Low,Medium,11,16,1
SHP-000740,Supplier_P,San Antonio,Nashville,Rail,464,2446.0,Snow,High,Low,10,12,1
SHP-000741,Supplier_U,Phoenix,Seattle,Road,4721,3898.73,Snow,Low,Low,10,16,1
SHP-000742,Supplier_H,Dallas,Denver,Air,1746,851.78,Clear,Low,Critical,2,2,0
SHP-000743,Supplier_I,Phoenix,Seattle,Sea,1018,1514.27,Snow,Moderate,Low,9,9,0
SHP-000744,Supplier_O,Chicago,Boston,Sea,2897,3014.87,Rain,Low,Critical,12,11,0
SHP-000745,Supplier_C,Chicago,Nashville,Road,1631,943.11,Storm,Low,High,10,10,0
SHP-000746,Supplier_W,San Jose,Portland,Sea,3445,9112.72,Clear,Moderate,Low,8,14,1
SHP-000747,Supplier_J,Phoenix,Denver,Road,2006,110.17,Clear,Low,Low,8,8,0
SHP-000748,Supplier_H,New York,Orlando,Road,3186,4864.41,Clear,Low,Critical,5,7,1
SHP-000749,Supplier_I,Philadelphia,Orlando,Rail,4680,1276.31,Clear,Low,High,3,2,0
SHP-000750,Supplier_K,San Diego,Boston,Road,2175,3111.41,Rain,Low,Low,6,7,1
SHP-000751,Supplier_K,Chicago,Orlando,Sea,813,9264.29,Fog,High,High,14,18,1
SHP-000752,Supplier_R,New York,Seattle,Road,1162,1658.86,Clear,High,High,9,8,0
SHP-000753,Supplier_C,Chicago,Las Vegas,Rail,2076,9660.03,Storm,Moderate,High,8,9,1
SHP-000754,Supplier_E,Philadelphia,Portland,Road,1396,2097.65,Clear,Moderate,Medium,7,7,0
SHP-000755,Supplier_E,San Jose,Boston,Sea,225,7428.58,Clear,Low,Medium,14,12,0
SHP-000756,Supplier_H,New York,Seattle,Air,4732,5489.44,Clear,Low,Critical,11,10,0
SHP-000757,Supplier_M,San Jose,Miami,Rail,3696,8850.56,Clear,Low,Critical,8,13,1
SHP-000758,Supplier_W,Phoenix,Denver,Air,3383,5562.23,Fog,Moderate,Medium,4,2,0
SHP-000759,Supplier_E,San Diego,Portland,Sea,1703,5368.86,Clear,High,Critical,6,5,0
SHP-000760,Supplier_W,San Jose,Atlanta,Sea,166,1994.81,Rain,Moderate,High,14,13,0
SHP-000761,Supplier_G,Dallas,Nashville,Air,332,1703.98,Clear,Low,Medium,5,5,0
SHP-000762,Supplier_C,Philadelphia,Orlando,Sea,2256,9169.07,Fog,Low,High,12,10,0
SHP-000763,Supplier_N,Los Angeles,Seattle,Air,1269,3311.99,Clear,High,High,2,2,0
SHP-000764,Supplier_N,Philadelphia,Las Vegas,Sea,2258,3752.22,Clear,Low,Critical,8,7,0
SHP-000765,Supplier_K,Dallas,Detroit,Sea,4306,7610.25,Clear,High,Low,3,1,0
SHP-000766,Supplier_R,Houston,Orlando,Rail,1593,3421.29,Clear,Moderate,Critical,14,12,0
SHP-000767,Supplier_O,Chicago,Portland,Road,4818,9523.02,Clear,High,Low,5,8,1
SHP-000768,Supplier_N,Dallas,Portland,Air,4107,7392.38,Storm,Severe,Medium,8,14,1
SHP-000769,Supplier_B,Los Angeles,Portland,Rail,2572,5994.42,Rain,Severe,Critical,11,15,1
SHP-000770,Supplier_G,Dallas,Orlando,Rail,2760,8814.91,Rain,Moderate,Medium,9,11,1
SHP-000771,Supplier_N,Chicago,Miami,Road,2839,543.58,Rain,Moderate,High,13,15,1
SHP-000772,Supplier_M,San Antonio,Atlanta,Sea,1861,2607.77,Clear,Low,Low,9,8,0
SHP-000773,Supplier_Y,Dallas,Boston,Rail,3614,4677.11,Clear,Severe,Medium,14,12,0
SHP-000774,Supplier_S,Dallas,Portland,Rail,2075,2308.44,Fog,Moderate,Low,5,4,0
SHP-000775,Supplier_W,San Antonio,Detroit,Sea,2462,7451.86,Storm,Low,Low,2,2,0
SHP-000776,Supplier_A,Los Angeles,Boston,Rail,976,9196.12,Storm,Moderate,High,7,7,0
SHP-000777,Supplier_Y,Philadelphia,Nashville,Road,3912,4266.51,Storm,Low,High,11,17,1
SHP-000778,Supplier_S,Houston,Orlando,Rail,3548,3454.22,Clear,Moderate,Low,11,14,1
SHP-000779,Supplier_M,Houston,Denver,Air,1412,9617.43,Clear,Moderate,Medium,7,7,0
SHP-000780,Supplier_P,Philadelphia,Nashville,Road,1560,4476.28,Clear,Low,High,12,11,0
SHP-000781,Supplier_A,Philadelphia,Seattle,Road,2809,4916.03,Clear,Low,Critical,13,16,1
SHP-000782,Supplier_L,Philadelphia,Denver,Road,2424,3548.92,Clear,Severe,Medium,8,11,1
SHP-000783,Supplier_J,Phoenix,Orlando,Sea,1833,9100.01,Clear,High,Medium,8,6,0
SHP-000784,Supplier_Y,Houston,Nashville,Road,1705,5711.11,Rain,High,Low,5,6,1
SHP-000785,Supplier_M,San Jose,Portland,Road,2663,7633.64,Storm,Low,Critical,1,1,0
SHP-000786,Supplier_N,Dallas,Nashville,Rail,3521,8127.48,Snow,High,High,13,15,1
SHP-000787,Supplier_R,San Diego,Denver,Rail,3617,3451.4,Fog,Moderate,Medium,11,17,1
SHP-000788,Supplier_X,Dallas,Orlando,Air,2497,4365.26,Clear,Low,High,13,13,0
SHP-000789,Supplier_X,New York,Atlanta,Road,3835,8492.29,Clear,Low,Critical,4,6,1
SHP-000790,Supplier_R,Los Angeles,Nashville,Road,2970,3664.39,Rain,Low,High,4,5,1
SHP-000791,Supplier_Z,Philadelphia,Miami,Air,1260,7949.65,Clear,Low,Medium,11,11,0
SHP-000792,Supplier_T,San Diego,Seattle,Road,4954,9412.87,Clear,Severe,High,3,1,0
SHP-000793,Supplier_H,Houston,Denver,Rail,342,6250.94,Clear,Low,Medium,8,6,0
SHP-000794,Supplier_P,San Jose,Boston,Air,2690,7429.19,Clear,Moderate,Critical,3,2,0
SHP-000795,Supplier_H,San Jose,Las Vegas,Sea,1163,8060.72,Rain,Moderate,Low,13,11,0
SHP-000796,Supplier_I,Houston,Boston,Air,4424,8458.14,Clear,Low,Critical,5,3,0
SHP-000797,Supplier_N,New York,Atlanta,Sea,2695,3980.78,Rain,Moderate,High,2,2,0
SHP-000798,Supplier_P,Philadelphia,Seattle,Rail,1019,560.07,Rain,Low,Critical,6,6,0
SHP-000799,Supplier_A,San Antonio,Portland,Air,105,4048.67,Clear,High,Low,6,5,0
SHP-000800,Supplier_M,Los Angeles,Nashville,Air,567,6753.87,Clear,Low,Critical,8,8,0
SHP-000801,Supplier_K,San Antonio,Las Vegas,Road,4270,4530.99,Clear,Moderate,Critical,8,8,0
SHP-000802,Supplier_V,Phoenix,Atlanta,Sea,103,7502.18,Clear,High,Medium,1,7,1
SHP-000803,Supplier_V,Dallas,Detroit,Road,745,3601.98,Snow,High,Medium,5,7,1
SHP-000804,Supplier_Z,Phoenix,Atlanta,Road,217,6365.7,Snow,High,High,2,3,1
SHP-000805,Supplier_M,New York,Atlanta,Rail,3028,1904.88,Rain,Moderate,High,10,10,0
SHP-000806,Supplier_X,Dallas,Las Vegas,Rail,2651,7506.23,Clear,Low,Medium,12,17,1
SHP-000807,Supplier_F,Philadelphia,Detroit,Air,4389,5479.67,Rain,Moderate,High,5,4,0
SHP-000808,Supplier_O,Dallas,Nashville,Sea,946,2080.44,Rain,High,Medium,10,9,0
SHP-000809,Supplier_E,Dallas,Portland,Rail,2862,2954.52,Clear,High,High,12,15,1
SHP-000810,Supplier_T,San Diego,Denver,Sea,1241,7498.66,Rain,Low,Medium,9,13,1
SHP-000811,Supplier_R,San Diego,Boston,Sea,1910,4851.88,Clear,Low,Critical,4,3,0
SHP-000812,Supplier_A,New York,Seattle,Sea,823,2199.51,Rain,High,High,8,7,0
SHP-000813,Supplier_M,Phoenix,Las Vegas,Air,324,9674.35,Snow,Moderate,Critical,1,1,0
SHP-000814,Supplier_S,Houston,Miami,Sea,4727,7165.49,Clear,Low,Medium,8,6,0
SHP-000815,Supplier_S,Philadelphia,Portland,Road,4308,9573.49,Snow,Moderate,Low,6,8,1
SHP-000816,Supplier_V,Dallas,Miami,Sea,4754,4299.7,Clear,Moderate,High,8,6,0
SHP-000817,Supplier_A,Los Angeles,Atlanta,Air,2148,4777.25,Clear,Severe,High,6,13,1
SHP-000818,Supplier_C,Los Angeles,Portland,Road,4849,8984.65,Fog,Moderate,Low,11,10,0
SHP-000819,Supplier_U,Chicago,Nashville,Sea,4515,5274.24,Fog,Low,Critical,3,2,0
SHP-000820,Supplier_N,Dallas,Detroit,Sea,1673,7087.43,Clear,Low,Critical,12,11,0
SHP-000821,Supplier_E,Dallas,Nashville,Road,1928,2559.12,Clear,Low,High,11,11,0
SHP-000822,Supplier_O,New York,Seattle,Sea,2017,4494.93,Clear,Moderate,Low,8,6,0
SHP-000823,Supplier_F,Los Angeles,Nashville,Air,4334,1278.33,Clear,Moderate,Critical,5,3,0
SHP-000824,Supplier_B,Houston,Miami,Sea,2126,2099.5,Storm,Low,High,12,17,1
SHP-000825,Supplier_I,Houston,Miami,Sea,3844,59.39,Fog,Moderate,Critical,10,10,0
SHP-000826,Supplier_M,San Antonio,Boston,Sea,1001,440.69,Rain,High,High,5,12,1
SHP-000827,Supplier_K,Los Angeles,Atlanta,Rail,4885,9773.97,Clear,Low,High,12,11,0
SHP-000828,Supplier_G,Houston,Denver,Sea,2139,2461.42,Rain,Low,Low,7,6,0
SHP-000829,Supplier_O,Dallas,Detroit,Road,109,6649.94,Clear,Severe,High,6,5,0
SHP-000830,Supplier_K,San Antonio,Portland,Air,360,8399.04,Fog,Low,Critical,9,8,0
SHP-000831,Supplier_K,Los Angeles,Portland,Rail,1773,5529.07,Storm,High,Medium,7,8,1
SHP-000832,Supplier_Y,Chicago,Portland,Road,2319,1573.79,Rain,Moderate,Medium,3,10,1
SHP-000833,Supplier_M,New York,Atlanta,Rail,2160,7294.76,Clear,High,Medium,11,11,0
SHP-000834,Supplier_I,San Diego,Atlanta,Rail,3813,6022.5,Clear,High,Low,11,13,1
SHP-000835,Supplier_Y,Philadelphia,Las Vegas,Rail,1719,7325.94,Clear,Moderate,Low,12,10,0
SHP-000836,Supplier_N,New York,Seattle,Rail,420,7708.98,Storm,High,High,5,9,1
SHP-000837,Supplier_I,Los Angeles,Portland,Road,1442,9755.33,Clear,Severe,High,9,9,0
SHP-000838,Supplier_C,Los Angeles,Denver,Sea,2476,5756.95,Clear,Moderate,Low,11,10,0
SHP-000839,Supplier_P,New York,Portland,Road,2932,3449.33,Clear,Low,Low,13,17,1
SHP-000840,Supplier_A,Chicago,Boston,Air,2924,6502.22,Storm,Low,Critical,10,8,0
SHP-000841,Supplier_X,Phoenix,Denver,Air,2094,730.99,Clear,High,High,14,13,0
SHP-000842,Supplier_R,Dallas,Denver,Road,3058,8979.1,Storm,Moderate,Low,2,1,0
SHP-000843,Supplier_B,Los Angeles,Miami,Road,2138,1237.84,Storm,Low,Low,1,1,0
SHP-000844,Supplier_L,San Jose,Orlando,Sea,3590,3312.04,Fog,Low,Medium,11,10,0
SHP-000845,Supplier_H,Houston,Atlanta,Air,3777,8166.67,Clear,Moderate,Low,8,7,0
SHP-000846,Supplier_U,Phoenix,Denver,Air,1218,5993.26,Clear,Low,Low,8,6,0
SHP-000847,Supplier_C,San Antonio,Boston,Rail,1704,3966.67,Clear,Moderate,Low,2,1,0
SHP-000848,Supplier_Y,San Antonio,Atlanta,Sea,4127,4760.68,Clear,High,Critical,14,20,1
SHP-000849,Supplier_U,San Diego,Las Vegas,Sea,335,8552.75,Clear,Moderate,Critical,13,11,0
SHP-000850,Supplier_B,San Antonio,Nashville,Rail,2069,3433.04,Rain,Low,Low,8,7,0
SHP-000851,Supplier_Y,San Antonio,Denver,Sea,4529,8703.01,Clear,Low,Low,5,5,0
SHP-000852,Supplier_A,Philadelphia,Atlanta,Sea,2008,926.94,Storm,Low,Medium,2,8,1
SHP-000853,Supplier_H,New York,Miami,Rail,475,7779.14,Clear,Low,High,7,6,0
SHP-000854,Supplier_G,San Antonio,Boston,Sea,3630,8483.1,Rain,Moderate,High,7,5,0
SHP-000855,Supplier_A,Los Angeles,Denver,Rail,2735,1859.09,Snow,Moderate,Critical,3,4,1
SHP-000856,Supplier_T,Dallas,Portland,Rail,1670,4331.95,Snow,Low,Critical,14,15,1
SHP-000857,Supplier_E,New York,Detroit,Sea,2660,1696.72,Storm,Low,Low,1,5,1
SHP-000858,Supplier_H,San Jose,Denver,Sea,3491,7080.71,Snow,Low,Medium,11,9,0
SHP-000859,Supplier_E,Los Angeles,Seattle,Road,3065,5376.71,Fog,Severe,Medium,4,4,0
SHP-000860,Supplier_P,San Jose,Miami,Air,3743,6371.47,Clear,Moderate,Low,2,2,0
SHP-000861,Supplier_V,New York,Las Vegas,Sea,3950,2005.05,Rain,High,Critical,4,6,1
SHP-000862,Supplier_D,Los Angeles,Seattle,Road,972,2156.87,Clear,High,High,8,7,0
SHP-000863,Supplier_S,Philadelphia,Portland,Sea,1352,462.9,Clear,Moderate,Medium,2,1,0
SHP-000864,Supplier_G,Dallas,Miami,Rail,1414,3254.57,Clear,High,High,1,1,0
SHP-000865,Supplier_O,Los Angeles,Las Vegas,Air,4920,5619.46,Clear,Low,High,11,9,0
SHP-000866,Supplier_W,Phoenix,Atlanta,Sea,2998,8586.45,Clear,Moderate,Low,14,21,1
SHP-000867,Supplier_I,Phoenix,Nashville,Sea,177,6685.93,Clear,Low,Medium,3,1,0
SHP-000868,Supplier_Y,San Jose,Boston,Rail,2721,4382.19,Clear,High,Low,10,13,1
SHP-000869,Supplier_L,Los Angeles,Portland,Sea,4327,9533.55,Fog,Low,Low,7,5,0
SHP-000870,Supplier_F,Phoenix,Miami,Road,700,7206.49,Clear,High,Medium,13,11,0
SHP-000871,Supplier_T,San Diego,Orlando,Road,1165,9305.14,Snow,Low,Medium,12,10,0
SHP-000872,Supplier_T,San Antonio,Miami,Air,2236,5299.5,Clear,High,Critical,6,6,0
SHP-000873,Supplier_X,San Antonio,Miami,Air,2549,2626.1,Fog,Low,High,6,5,0
SHP-000874,Supplier_W,New York,Nashville,Road,2443,575.63,Storm,Moderate,High,7,5,0
SHP-000875,Supplier_D,San Diego,Seattle,Air,1963,7274.54,Rain,Moderate,Low,8,8,0
SHP-000876,Supplier_Y,Chicago,Seattle,Rail,1418,1256.96,Rain,Low,Low,3,10,1
SHP-000877,Supplier_F,Dallas,Detroit,Sea,4811,3062.61,Clear,Moderate,Medium,3,3,0
SHP-000878,Supplier_J,Houston,Seattle,Rail,3697,5348.09,Fog,Severe,Critical,10,10,0
SHP-000879,Supplier_D,Chicago,Seattle,Road,3862,5665.95,Storm,Low,Low,13,14,1
SHP-000880,Supplier_S,San Antonio,Atlanta,Air,4770,6025.8,Storm,Severe,Low,8,10,1
SHP-000881,Supplier_A,Dallas,Miami,Rail,2290,1704.24,Rain,Moderate,High,12,11,0
SHP-000882,Supplier_J,Phoenix,Nashville,Sea,1092,3828.39,Clear,High,Low,13,19,1
SHP-000883,Supplier_S,Chicago,Miami,Air,2812,6191.08,Storm,Low,High,14,21,1
SHP-000884,Supplier_V,Phoenix,Miami,Road,2292,9699.7,Clear,Moderate,Medium,13,13,0
SHP-000885,Supplier_M,Philadelphia,Detroit,Road,1348,7289.93,Rain,High,Medium,7,12,1
SHP-000886,Supplier_M,New York,Seattle,Air,3154,9229.91,Clear,Moderate,High,10,9,0
SHP-000887,Supplier_W,Dallas,Atlanta,Rail,4698,7634.01,Fog,Moderate,High,5,3,0
SHP-000888,Supplier_G,Dallas,Seattle,Road,4133,5937.58,Clear,Low,Critical,4,6,1
SHP-000889,Supplier_C,Chicago,Atlanta,Air,2097,1960.63,Clear,Low,High,6,5,0
SHP-000890,Supplier_S,Los Angeles,Denver,Rail,3787,6683.52,Rain,Moderate,Low,9,9,0
SHP-000891,Supplier_W,New York,Denver,Rail,2251,6252.63,Snow,High,Critical,6,7,1
SHP-000892,Supplier_U,New York,Miami,Sea,4118,6044.57,Rain,Moderate,High,8,7,0
SHP-000893,Supplier_H,San Jose,Nashville,Rail,3210,4923.37,Clear,Low,Low,1,1,0
SHP-000894,Supplier_D,San Jose,Las Vegas,Road,2070,5310.13,Clear,Moderate,Critical,12,11,0
SHP-000895,Supplier_W,San Antonio,Atlanta,Sea,297,3377.7,Snow,Low,Low,14,17,1
SHP-000896,Supplier_Y,Dallas,Detroit,Air,2726,5217.16,Fog,Moderate,Critical,6,6,0
SHP-000897,Supplier_J,Dallas,Detroit,Air,1302,2015.68,Storm,High,Medium,14,21,1
SHP-000898,Supplier_V,Los Angeles,Las Vegas,Road,2135,8061.49,Clear,High,Medium,14,13,0
SHP-000899,Supplier_T,Phoenix,Seattle,Sea,577,1898.48,Fog,Low,Critical,2,1,0
SHP-000900,Supplier_Z,Houston,Orlando,Rail,1354,895.41,Clear,High,Low,3,7,1
SHP-000901,Supplier_D,Philadelphia,Seattle,Rail,1022,4390.65,Rain,Moderate,High,6,6,0
SHP-000902,Supplier_Z,Houston,Las Vegas,Rail,519,6600.16,Clear,High,High,2,1,0
SHP-000903,Supplier_S,San Antonio,Nashville,Air,2304,4405.28,Clear,Low,Low,4,2,0
SHP-000904,Supplier_Z,Dallas,Nashville,Air,2697,2803.7,Snow,Moderate,Medium,6,4,0
SHP-000905,Supplier_B,Chicago,Atlanta,Road,1220,5603.8,Rain,Low,Low,5,4,0
SHP-000906,Supplier_L,Chicago,Seattle,Road,3168,3502.67,Clear,Moderate,Low,6,10,1
SHP-000907,Supplier_R,Chicago,Seattle,Road,1050,9332.03,Clear,Low,Low,6,5,0
SHP-000908,Supplier_N,Houston,Atlanta,Road,2436,9230.32,Clear,Low,Critical,8,6,0
SHP-000909,Supplier_V,San Jose,Detroit,Rail,2343,5048.6,Rain,Low,High,9,15,1
SHP-000910,Supplier_L,Phoenix,Detroit,Road,2745,3312.45,Clear,Low,Medium,5,11,1
SHP-000911,Supplier_C,Houston,Denver,Road,1957,7384.47,Clear,Low,High,6,5,0
SHP-000912,Supplier_Q,Los Angeles,Miami,Air,4712,415.29,Rain,Moderate,Low,6,4,0
SHP-000913,Supplier_U,Chicago,Nashville,Air,1965,4773.95,Rain,Low,Medium,6,4,0
SHP-000914,Supplier_K,San Jose,Detroit,Air,3012,3396.42,Snow,Moderate,Low,2,8,1
SHP-000915,Supplier_A,New York,Miami,Rail,2953,9209.33,Rain,Low,Low,4,10,1
SHP-000916,Supplier_N,Dallas,Nashville,Sea,3328,169.43,Storm,Severe,High,1,1,0
SHP-000917,Supplier_P,San Diego,Seattle,Rail,3819,5550.51,Fog,Severe,High,14,16,1
SHP-000918,Supplier_D,Dallas,Portland,Sea,3328,7419.6,Storm,Low,Medium,12,12,0
SHP-000919,Supplier_N,Los Angeles,Seattle,Rail,2471,4875.93,Rain,Moderate,Low,1,5,1
SHP-000920,Supplier_L,Phoenix,Atlanta,Road,2991,899.76,Clear,Low,Medium,1,4,1
SHP-000921,Supplier_U,Los Angeles,Boston,Air,3856,9725.99,Fog,Severe,Critical,7,5,0
SHP-000922,Supplier_O,Phoenix,Orlando,Rail,4325,5204.2,Clear,Moderate,Low,1,5,1
SHP-000923,Supplier_W,Los Angeles,Detroit,Rail,194,6161.15,Clear,Low,High,6,6,0
SHP-000924,Supplier_E,Houston,Miami,Rail,2774,2404.27,Clear,Low,Low,2,1,0
SHP-000925,Supplier_N,San Jose,Atlanta,Air,2055,4860.81,Clear,Low,Low,6,6,0
SHP-000926,Supplier_F,San Diego,Seattle,Air,893,4320.04,Fog,Low,High,6,6,0
SHP-000927,Supplier_X,Philadelphia,Nashville,Air,1934,795.21,Rain,Moderate,Low,12,14,1
SHP-000928,Supplier_Q,Philadelphia,Boston,Air,2216,1106.3,Rain,Moderate,Medium,11,10,0
SHP-000929,Supplier_U,Chicago,Orlando,Air,4206,8382.85,Rain,Low,High,3,1,0
SHP-000930,Supplier_I,Houston,Portland,Sea,3425,2436.21,Clear,Low,Medium,8,7,0
SHP-000931,Supplier_T,Los Angeles,Atlanta,Road,3019,1989.83,Clear,Low,High,11,11,0
SHP-000932,Supplier_Z,Phoenix,Las Vegas,Rail,2697,5073.87,Rain,Low,High,4,3,0
SHP-000933,Supplier_R,San Jose,Orlando,Rail,3305,7699.03,Snow,High,Medium,13,14,1
SHP-000934,Supplier_Y,Los Angeles,Denver,Air,4907,666.37,Clear,Low,High,7,5,0
SHP-000935,Supplier_P,Houston,Boston,Road,914,5789.24,Snow,Moderate,High,4,2,0
SHP-000936,Supplier_O,Philadelphia,Atlanta,Rail,445,1236.14,Clear,Low,Medium,1,1,0
SHP-000937,Supplier_N,San Diego,Orlando,Rail,2449,412.79,Clear,Low,Low,6,5,0
SHP-000938,Supplier_X,San Diego,Detroit,Air,462,574.8,Clear,Moderate,High,5,5,0
SHP-000939,Supplier_S,Philadelphia,Nashville,Rail,2543,8349.93,Clear,Moderate,Critical,9,12,1
SHP-000940,Supplier_I,San Jose,Denver,Rail,2365,1223.83,Storm,Moderate,Low,14,14,0
SHP-000941,Supplier_K,Phoenix,Detroit,Air,2288,499.26,Storm,Moderate,Low,14,15,1
SHP-000942,Supplier_H,San Jose,Denver,Sea,3105,4407.1,Clear,Moderate,Low,9,7,0
SHP-000943,Supplier_C,Chicago,Detroit,Sea,3381,8447.74,Rain,Low,Critical,12,10,0
SHP-000944,Supplier_I,San Jose,Portland,Air,1084,2660.96,Snow,Moderate,Critical,11,11,0
SHP-000945,Supplier_O,San Jose,Atlanta,Road,1739,4246.04,Clear,Moderate,Low,13,13,0
SHP-000946,Supplier_H,Philadelphia,Detroit,Air,927,447.23,Clear,Low,Low,8,6,0
SHP-000947,Supplier_Y,Philadelphia,Miami,Road,2830,4518.33,Fog,Moderate,Critical,7,7,0
SHP-000948,Supplier_O,San Antonio,Orlando,Rail,3631,5797.25,Rain,Low,Critical,14,14,0
SHP-000949,Supplier_S,Chicago,Orlando,Air,4551,5730.53,Fog,Low,Low,2,7,1
SHP-000950,Supplier_T,New York,Portland,Rail,3035,3357.65,Clear,Moderate,Low,14,13,0
SHP-000951,Supplier_V,Philadelphia,Nashville,Road,3976,3189.56,Snow,High,Critical,8,9,1
SHP-000952,Supplier_M,Houston,Las Vegas,Road,226,1110.91,Clear,High,Critical,3,1,0
SHP-000953,Supplier_K,Houston,Seattle,Road,3277,3699.64,Clear,Low,Critical,6,4,0
SHP-000954,Supplier_A,San Antonio,Las Vegas,Road,3156,1039.97,Rain,Moderate,High,10,8,0
SHP-000955,Supplier_P,Phoenix,Orlando,Sea,703,7677.63,Clear,Moderate,Low,7,7,0
SHP-000956,Supplier_K,Philadelphia,Miami,Road,3549,9664.43,Clear,Low,Medium,12,13,1
SHP-000957,Supplier_F,Chicago,Seattle,Rail,4246,9702.24,Clear,High,Critical,6,6,0
SHP-000958,Supplier_P,Philadelphia,Miami,Air,3633,8657.46,Clear,High,High,5,11,1
SHP-000959,Supplier_G,San Diego,Orlando,Road,3467,6027.88,Snow,Severe,Medium,4,7,1
SHP-000960,Supplier_L,San Diego,Atlanta,Rail,3468,7023.61,Clear,Low,Medium,2,2,0
SHP-000961,Supplier_Z,San Diego,Boston,Road,3897,2887.8,Clear,Low,Medium,9,9,0
SHP-000962,Supplier_I,Philadelphia,Seattle,Sea,1892,6326.17,Clear,High,High,14,14,0
SHP-000963,Supplier_K,Phoenix,Nashville,Sea,2961,4583.71,Clear,Moderate,High,7,5,0
SHP-000964,Supplier_I,San Diego,Seattle,Road,3576,4846.07,Rain,High,High,7,13,1
SHP-000965,Supplier_T,Dallas,Orlando,Rail,3517,7589.88,Clear,Low,Medium,4,11,1
SHP-000966,Supplier_W,Los Angeles,Atlanta,Road,1745,2855.09,Snow,Moderate,Low,14,12,0
SHP-000967,Supplier_I,Chicago,Miami,Sea,1305,3214.49,Clear,Moderate,Low,5,10,1
SHP-000968,Supplier_R,San Jose,Denver,Rail,3130,9250.19,Clear,Low,Critical,6,6,0
SHP-000969,Supplier_A,Los Angeles,Detroit,Air,2972,609.43,Storm,Moderate,Critical,12,16,1
SHP-000970,Supplier_Q,Phoenix,Portland,Road,3172,4882.06,Snow,Moderate,Critical,11,17,1
SHP-000971,Supplier_G,Chicago,Boston,Road,1954,9132.37,Clear,Low,Critical,12,11,0
SHP-000972,Supplier_C,Dallas,Seattle,Sea,4121,6123.11,Storm,Low,Medium,2,4,1
SHP-000973,Supplier_H,Houston,Denver,Road,4762,5486.75,Clear,Moderate,High,4,4,0
SHP-000974,Supplier_X,Phoenix,Nashville,Road,2808,2534.95,Storm,Moderate,High,13,16,1
SHP-000975,Supplier_N,Los Angeles,Seattle,Air,3602,3465.59,Rain,High,Low,4,4,0
SHP-000976,Supplier_P,Los Angeles,Miami,Air,1432,8527.88,Rain,Low,Medium,12,11,0
SHP-000977,Supplier_R,New York,Seattle,Rail,301,5614.22,Fog,Low,Medium,13,11,0
SHP-000978,Supplier_Y,Dallas,Orlando,Road,3607,5171.68,Clear,Severe,High,4,4,0
SHP-000979,Supplier_H,New York,Portland,Rail,4312,1040.82,Rain,Severe,Low,7,5,0
SHP-000980,Supplier_W,San Jose,Detroit,Sea,674,209.48,Clear,Low,Low,13,11,0
SHP-000981,Supplier_P,San Jose,Denver,Rail,636,9638.67,Clear,High,Critical,7,8,1
SHP-000982,Supplier_U,San Antonio,Boston,Sea,1725,3801.01,Clear,Low,Medium,7,5,0
SHP-000983,Supplier_W,San Jose,Detroit,Road,2222,6051.97,Clear,Low,Critical,7,5,0
SHP-000984,Supplier_P,Houston,Miami,Rail,485,843.16,Rain,Low,High,2,2,0
SHP-000985,Supplier_O,New York,Las Vegas,Road,3381,6846.99,Rain,Low,High,5,3,0
SHP-000986,Supplier_Z,Dallas,Nashville,Road,574,9329.04,Rain,High,Medium,10,15,1
SHP-000987,Supplier_A,Phoenix,Boston,Rail,517,5777.87,Clear,High,Critical,2,6,1
SHP-000988,Supplier_C,Dallas,Miami,Road,3700,1304.85,Clear,Severe,Medium,5,10,1
SHP-000989,Supplier_J,Dallas,Seattle,Sea,1054,5838.13,Fog,High,High,12,16,1
SHP-000990,Supplier_H,San Diego,Detroit,Sea,4958,7675.15,Clear,Moderate,Low,6,5,0
SHP-000991,Supplier_M,Chicago,Detroit,Road,1305,4093.84,Rain,Moderate,Critical,3,3,0
SHP-000992,Supplier_W,Philadelphia,Seattle,Air,4859,8804.39,Snow,Severe,High,6,13,1
SHP-000993,Supplier_H,San Antonio,Seattle,Air,4220,6504.4,Snow,High,Medium,5,5,0
SHP-000994,Supplier_J,Houston,Las Vegas,Sea,2090,8997.53,Rain,High,Low,4,3,0
SHP-000995,Supplier_V,San Jose,Miami,Road,4905,6253.88,Storm,Severe,Medium,10,11,1
SHP-000996,Supplier_S,Phoenix,Seattle,Road,3672,1356.32,Clear,Low,Medium,9,8,0
SHP-000997,Supplier_L,Chicago,Seattle,Sea,4480,3131.43,Storm,High,Medium,11,16,1
SHP-000998,Supplier_P,San Diego,Orlando,Rail,4258,2057.86,Clear,High,Medium,14,14,0
SHP-000999,Supplier_R,Dallas,Nashville,Air,4857,9092.82,Clear,Severe,High,8,10,1
SHP-001000,Supplier_Q,Dallas,Las Vegas,Sea,2813,7615.98,Clear,Low,High,12,11,0
SHP-001001,Supplier_L,Los Angeles,Detroit,Air,2303,6780.16,Snow,Moderate,Low,7,7,0
SHP-001002,Supplier_N,San Antonio,Denver,Air,3220,3044.61,Clear,Moderate,Low,11,11,0
SHP-001003,Supplier_X,Philadelphia,Portland,Rail,1066,1881.25,Clear,Low,Low,1,1,0
SHP-001004,Supplier_R,Dallas,Miami,Road,3532,7576.69,Clear,Moderate,Low,9,8,0
SHP-001005,Supplier_K,New York,Atlanta,Sea,788,4767.87,Fog,Low,Low,9,8,0
SHP-001006,Supplier_L,Houston,Portland,Road,4343,2296.61,Storm,Low,Critical,6,6,0
SHP-001007,Supplier_W,San Jose,Atlanta,Road,3801,6185.39,Rain,Moderate,Low,7,11,1
SHP-001008,Supplier_O,Chicago,Seattle,Rail,441,451.32,Rain,Moderate,High,13,12,0
SHP-001009,Supplier_I,Dallas,Miami,Sea,1824,3295.39,Clear,Moderate,Medium,3,2,0
SHP-001010,Supplier_J,Chicago,Denver,Rail,4522,4712.14,Clear,Moderate,Low,5,11,1
SHP-001011,Supplier_I,San Diego,Seattle,Air,1892,1522.19,Fog,Low,Critical,7,6,0
SHP-001012,Supplier_H,Chicago,Denver,Road,1859,9847.31,Clear,Low,High,1,1,0
SHP-001013,Supplier_D,Chicago,Atlanta,Air,3312,2130.52,Clear,Low,Medium,12,11,0
SHP-001014,Supplier_X,San Jose,Denver,Road,1089,1347.01,Clear,Low,Low,1,1,0
SHP-001015,Supplier_G,San Jose,Orlando,Sea,2362,2075.17,Clear,Moderate,Medium,5,4,0
SHP-001016,Supplier_K,Chicago,Las Vegas,Rail,2582,7702.16,Clear,High,Low,9,14,1
SHP-001017,Supplier_D,San Diego,Seattle,Air,1051,4283.78,Rain,Low,Low,7,6,0
SHP-001018,Supplier_X,Philadelphia,Seattle,Sea,822,5675.89,Clear,Low,Critical,1,1,0
SHP-001019,Supplier_R,New York,Las Vegas,Sea,3489,259.04,Rain,High,Critical,13,11,0
SHP-001020,Supplier_Y,Houston,Atlanta,Road,2179,392.59,Clear,Low,Critical,13,11,0
SHP-001021,Supplier_W,San Diego,Nashville,Air,2817,4485.96,Clear,Severe,Medium,12,10,0
SHP-001022,Supplier_F,Houston,Portland,Rail,2432,8175.72,Clear,High,Medium,5,6,1
SHP-001023,Supplier_G,Los Angeles,Boston,Sea,3476,8858.13,Snow,Low,Low,8,9,1
SHP-001024,Supplier_G,Phoenix,Denver,Sea,4624,912.73,Clear,Low,High,8,6,0
SHP-001025,Supplier_X,Philadelphia,Seattle,Sea,1600,5406.71,Rain,Moderate,High,12,11,0
SHP-001026,Supplier_P,Houston,Seattle,Sea,385,9136.64,Snow,Low,Critical,2,1,0
SHP-001027,Supplier_I,New York,Nashville,Rail,3595,3910.33,Rain,Low,High,7,6,0
SHP-001028,Supplier_X,Houston,Denver,Sea,2165,8304.18,Clear,Low,Critical,10,9,0
SHP-001029,Supplier_S,Dallas,Orlando,Sea,868,1380.27,Clear,High,High,5,4,0
SHP-001030,Supplier_Y,Philadelphia,Seattle,Air,3157,9357.18,Clear,Moderate,Medium,9,9,0
SHP-001031,Supplier_Q,San Antonio,Boston,Road,4389,7526.66,Rain,Low,Low,3,1,0
SHP-001032,Supplier_T,San Diego,Boston,Sea,2261,9416.28,Clear,Moderate,Medium,1,3,1
SHP-001033,Supplier_J,San Diego,Orlando,Air,3393,6782.34,Storm,Moderate,Critical,13,15,1
SHP-001034,Supplier_D,New York,Portland,Rail,1046,3665.87,Storm,Moderate,High,4,3,0
SHP-001035,Supplier_G,New York,Seattle,Rail,3435,9384.9,Clear,Low,Medium,7,7,0
SHP-001036,Supplier_J,Philadelphia,Boston,Rail,4250,2791.89,Clear,Moderate,Critical,1,1,0
SHP-001037,Supplier_H,Los Angeles,Portland,Sea,4995,3355.12,Rain,Severe,Low,2,8,1
SHP-001038,Supplier_L,Dallas,Atlanta,Rail,4973,7023.04,Clear,Low,Medium,14,17,1
SHP-001039,Supplier_F,Phoenix,Detroit,Sea,1581,7664.9,Clear,Low,Medium,5,3,0
SHP-001040,Supplier_J,Phoenix,Nashville,Rail,2001,9297.56,Storm,Low,Critical,9,9,0
SHP-001041,Supplier_A,San Jose,Nashville,Rail,3551,2087.78,Clear,Low,Medium,14,14,0
SHP-001042,Supplier_W,Dallas,Denver,Road,4164,7990.08,Fog,Low,Low,1,1,0
SHP-001043,Supplier_R,San Jose,Portland,Road,154,7398.53,Snow,High,Medium,12,16,1
SHP-001044,Supplier_E,Chicago,Portland,Road,1923,684.76,Snow,Severe,Critical,4,3,0
SHP-001045,Supplier_I,San Antonio,Nashville,Rail,3562,3902.87,Clear,Low,High,12,18,1
SHP-001046,Supplier_B,San Antonio,Las Vegas,Road,3179,2863.52,Clear,Moderate,High,14,14,0
SHP-001047,Supplier_B,Philadelphia,Orlando,Road,932,3079.68,Rain,Moderate,Medium,3,3,0
SHP-001048,Supplier_R,San Jose,Nashville,Sea,4508,9830.32,Clear,Moderate,Low,14,13,0
SHP-001049,Supplier_J,Los Angeles,Denver,Road,2906,6445.64,Clear,Moderate,High,5,3,0
SHP-001050,Supplier_W,Dallas,Portland,Road,2590,7190.88,Clear,Low,Critical,5,8,1
SHP-001051,Supplier_E,Phoenix,Miami,Air,427,9767.35,Clear,Moderate,Critical,10,10,0
SHP-001052,Supplier_U,San Antonio,Nashville,Sea,3410,3803.16,Clear,Moderate,Low,2,2,0
SHP-001053,Supplier_Y,Houston,Nashville,Road,3400,8028.31,Snow,High,Medium,5,9,1
SHP-001054,Supplier_P,Dallas,Atlanta,Sea,3775,4373.58,Clear,High,Low,9,14,1
SHP-001055,Supplier_D,San Antonio,Boston,Sea,3154,8701.86,Clear,Low,Critical,5,5,0
SHP-001056,Supplier_A,Philadelphia,Orlando,Air,2243,1847.54,Rain,Low,Low,11,9,0
SHP-001057,Supplier_S,Philadelphia,Las Vegas,Rail,1411,9479.48,Fog,Severe,Low,10,12,1
SHP-001058,Supplier_J,San Diego,Denver,Road,3291,2226.78,Clear,Moderate,High,2,4,1
SHP-001059,Supplier_P,San Diego,Las Vegas,Air,2638,3295.89,Clear,High,Medium,7,12,1
SHP-001060,Supplier_P,San Jose,Denver,Sea,4083,7574.11,Rain,Low,Medium,6,7,1
SHP-001061,Supplier_O,New York,Boston,Road,4647,3967.86,Fog,Moderate,Low,7,6,0
SHP-001062,Supplier_K,Dallas,Nashville,Sea,264,6101.7,Snow,Moderate,Medium,8,10,1
SHP-001063,Supplier_F,Chicago,Portland,Rail,4377,4473.51,Rain,High,Medium,10,13,1
SHP-001064,Supplier_B,San Diego,Boston,Road,922,7436.58,Clear,Low,Critical,5,3,0
SHP-001065,Supplier_I,Chicago,Portland,Air,1043,2321.9,Rain,Low,Medium,2,2,0
SHP-001066,Supplier_P,Houston,Boston,Rail,4525,631.66,Clear,Moderate,Low,7,8,1
SHP-001067,Supplier_D,Los Angeles,Nashville,Rail,874,3034.3,Rain,High,Medium,7,14,1
SHP-001068,Supplier_C,Dallas,Las Vegas,Rail,2298,4769.37,Snow,Severe,Low,8,12,1
SHP-001069,Supplier_M,Phoenix,Orlando,Rail,3256,1721.8,Fog,Severe,High,7,7,0
SHP-001070,Supplier_P,Houston,Portland,Air,4342,3580.23,Clear,Severe,Low,10,17,1
SHP-001071,Supplier_C,Chicago,Atlanta,Sea,3795,4029.83,Clear,Low,Critical,7,7,0
SHP-001072,Supplier_S,Chicago,Detroit,Air,3552,621.05,Rain,Low,Low,14,13,0
SHP-001073,Supplier_U,Chicago,Denver,Rail,1014,5853.91,Snow,Low,High,13,12,0
SHP-001074,Supplier_V,Philadelphia,Portland,Air,1408,8849.22,Snow,Low,Low,9,16,1
SHP-001075,Supplier_B,San Jose,Seattle,Road,4277,1559.84,Clear,High,Critical,8,8,0
SHP-001076,Supplier_E,Los Angeles,Denver,Rail,613,5998.19,Clear,High,Low,2,8,1
SHP-001077,Supplier_E,Houston,Seattle,Sea,2020,6664.16,Rain,Low,Low,2,2,0
SHP-001078,Supplier_Z,San Antonio,Miami,Air,3694,4222.38,Clear,Moderate,Critical,7,7,0
SHP-001079,Supplier_S,Philadelphia,Miami,Road,4941,7025.92,Storm,Severe,Medium,10,14,1
SHP-001080,Supplier_J,Los Angeles,Las Vegas,Air,1509,4136.78,Clear,Moderate,High,11,9,0
SHP-001081,Supplier_C,San Diego,Detroit,Road,4902,5071.14,Snow,Low,High,13,11,0
SHP-001082,Supplier_H,San Diego,Portland,Road,4666,123.16,Rain,Moderate,Low,10,14,1
SHP-001083,Supplier_D,San Diego,Nashville,Air,3290,6932.62,Snow,Low,High,3,3,0
SHP-001084,Supplier_R,Houston,Nashville,Rail,4591,6630.36,Clear,Moderate,Critical,1,1,0
SHP-001085,Supplier_Y,San Jose,Nashville,Rail,1655,432.09,Storm,Moderate,Critical,9,9,0
SHP-001086,Supplier_N,Chicago,Detroit,Sea,904,3714.09,Clear,Low,Medium,14,12,0
SHP-001087,Supplier_T,San Antonio,Nashville,Rail,1379,9791.37,Rain,Severe,Low,14,15,1
SHP-001088,Supplier_T,New York,Portland,Sea,3677,4236.33,Clear,Moderate,Critical,14,13,0
SHP-001089,Supplier_Z,Houston,Boston,Rail,3001,5044.36,Clear,Moderate,Low,3,6,1
SHP-001090,Supplier_T,New York,Orlando,Road,1487,9103.81,Clear,Severe,Low,1,1,0
SHP-001091,Supplier_H,Chicago,Atlanta,Road,4788,7186.76,Clear,Low,High,6,6,0
SHP-001092,Supplier_Y,San Jose,Nashville,Road,2861,5841.6,Fog,Low,Medium,4,4,0
SHP-001093,Supplier_Q,San Jose,Miami,Sea,2779,7988.16,Clear,High,Critical,14,12,0
SHP-001094,Supplier_M,Chicago,Atlanta,Rail,2206,8650.44,Snow,Low,Medium,1,1,0
SHP-001095,Supplier_O,Chicago,Nashville,Sea,4323,4596.04,Fog,High,Low,4,3,0
SHP-001096,Supplier_O,Dallas,Orlando,Road,4931,4777.33,Clear,Low,Critical,8,6,0
SHP-001097,Supplier_J,New York,Denver,Air,2868,3891.21,Rain,Low,Medium,11,10,0
SHP-001098,Supplier_S,San Jose,Seattle,Air,4053,9668.73,Clear,Moderate,Critical,7,5,0
SHP-001099,Supplier_N,Chicago,Nashville,Road,3286,6986.8,Clear,Low,Medium,12,13,1
SHP-001100,Supplier_J,New York,Boston,Air,3380,878.07,Clear,High,High,1,7,1
SHP-001101,Supplier_S,Chicago,Detroit,Air,2673,8636.45,Fog,Moderate,High,10,8,0
SHP-001102,Supplier_T,Phoenix,Las Vegas,Air,4716,4831.57,Clear,Severe,High,12,12,0
SHP-001103,Supplier_B,Chicago,Portland,Rail,2699,734.1,Rain,High,Low,9,11,1
SHP-001104,Supplier_T,Dallas,Detroit,Sea,4133,5519.69,Rain,Low,Low,6,5,0
SHP-001105,Supplier_X,San Antonio,Miami,Sea,336,4200.78,Storm,High,Medium,2,2,0
SHP-001106,Supplier_D,San Jose,Nashville,Sea,1404,8783.61,Clear,Moderate,Medium,3,3,0
SHP-001107,Supplier_Y,San Jose,Nashville,Sea,3530,2079.75,Rain,Moderate,Critical,7,5,0
SHP-001108,Supplier_G,New York,Seattle,Sea,1401,8273.32,Rain,High,Medium,3,1,0
SHP-001109,Supplier_U,Phoenix,Seattle,Air,2641,5599.0,Rain,Moderate,Low,13,15,1
SHP-001110,Supplier_G,Los Angeles,Portland,Rail,2151,593.37,Fog,Moderate,Low,3,1,0
SHP-001111,Supplier_I,Houston,Miami,Air,541,9719.86,Storm,Moderate,Medium,5,3,0
SHP-001112,Supplier_V,San Diego,Detroit,Road,2176,5150.52,Clear,Low,Medium,3,3,0
SHP-001113,Supplier_C,San Jose,Miami,Air,3280,2944.22,Clear,Low,High,3,2,0
SHP-001114,Supplier_F,San Diego,Denver,Air,2757,4720.6,Clear,Moderate,Medium,11,11,0
SHP-001115,Supplier_H,San Diego,Boston,Rail,3898,8585.68,Clear,Low,Medium,5,4,0
SHP-001116,Supplier_F,Chicago,Orlando,Rail,904,3083.79,Clear,Low,Medium,14,13,0
SHP-001117,Supplier_R,Houston,Portland,Rail,174,1967.13,Clear,Low,Medium,5,4,0
SHP-001118,Supplier_C,San Antonio,Denver,Rail,2275,1334.26,Clear,Moderate,Low,12,11,0
SHP-001119,Supplier_F,San Jose,Boston,Rail,4024,3013.7,Fog,Low,High,9,9,0
SHP-001120,Supplier_A,Chicago,Seattle,Sea,2189,7811.48,Clear,High,Low,1,1,0
SHP-001121,Supplier_N,San Jose,Orlando,Road,140,4742.68,Fog,Low,High,14,12,0
SHP-001122,Supplier_O,Chicago,Orlando,Sea,2181,2313.44,Clear,Moderate,High,1,1,0
SHP-001123,Supplier_W,San Jose,Denver,Air,4783,1703.54,Rain,Moderate,Critical,11,10,0
SHP-001124,Supplier_T,Dallas,Miami,Road,1722,3360.66,Storm,Moderate,High,14,14,0
SHP-001125,Supplier_P,Phoenix,Atlanta,Road,441,9402.25,Clear,Low,Medium,9,8,0
SHP-001126,Supplier_J,Chicago,Atlanta,Sea,4152,3463.12,Clear,Severe,Medium,5,3,0
SHP-001127,Supplier_B,Philadelphia,Nashville,Rail,2174,9881.83,Clear,Severe,Low,4,2,0
SHP-001128,Supplier_H,San Diego,Nashville,Road,745,4878.04,Clear,High,Low,2,1,0
SHP-001129,Supplier_J,San Jose,Orlando,Rail,4926,1832.68,Fog,Severe,Critical,12,13,1
SHP-001130,Supplier_W,San Jose,Atlanta,Air,4363,8916.84,Storm,Moderate,High,9,13,1
SHP-001131,Supplier_J,Los Angeles,Las Vegas,Sea,709,4630.54,Clear,Moderate,Medium,6,6,0
SHP-001132,Supplier_W,Houston,Seattle,Road,554,7111.23,Clear,High,Low,9,8,0
SHP-001133,Supplier_O,San Antonio,Nashville,Rail,3053,9837.93,Clear,Moderate,Medium,5,5,0
SHP-001134,Supplier_C,San Antonio,Denver,Sea,1808,549.24,Clear,High,Low,4,7,1
SHP-001135,Supplier_V,Chicago,Nashville,Sea,3572,1012.11,Rain,High,Medium,7,11,1
SHP-001136,Supplier_H,Los Angeles,Boston,Road,3069,7218.54,Clear,Severe,Low,5,7,1
SHP-001137,Supplier_I,New York,Boston,Air,3128,2854.16,Rain,Low,Medium,8,6,0
SHP-001138,Supplier_Z,Houston,Las Vegas,Road,4897,1883.8,Clear,High,Low,8,13,1
SHP-001139,Supplier_Z,Dallas,Las Vegas,Rail,2781,441.65,Clear,Moderate,High,13,13,0
SHP-001140,Supplier_U,Dallas,Nashville,Air,3729,267.37,Rain,Moderate,Medium,2,4,1
SHP-001141,Supplier_S,San Antonio,Orlando,Road,4325,7756.13,Clear,Low,Medium,13,11,0
SHP-001142,Supplier_V,Chicago,Boston,Air,3167,1387.61,Fog,High,Medium,5,9,1
SHP-001143,Supplier_Z,San Jose,Nashville,Air,1486,4703.82,Storm,Severe,Medium,10,15,1
SHP-001144,Supplier_G,Los Angeles,Atlanta,Air,3876,6078.67,Clear,Low,Critical,8,6,0
SHP-001145,Supplier_N,Chicago,Atlanta,Road,2966,4312.1,Clear,Moderate,Critical,3,2,0
SHP-001146,Supplier_D,San Diego,Orlando,Air,4888,319.71,Storm,Low,High,7,10,1
SHP-001147,Supplier_R,San Jose,Detroit,Sea,3463,7845.84,Fog,Severe,Medium,3,10,1
SHP-001148,Supplier_H,San Jose,Denver,Air,4989,154.61,Storm,Moderate,Low,6,8,1
SHP-001149,Supplier_U,New York,Boston,Air,4224,7630.8,Clear,Low,Medium,2,2,0
SHP-001150,Supplier_E,Dallas,Seattle,Air,248,8938.38,Fog,Low,High,6,4,0
SHP-001151,Supplier_I,Dallas,Nashville,Road,3950,4356.76,Clear,Moderate,Medium,6,12,1
SHP-001152,Supplier_E,Los Angeles,Boston,Rail,2158,5378.65,Snow,Low,Low,8,11,1
SHP-001153,Supplier_C,Los Angeles,Miami,Road,1236,4795.98,Fog,Moderate,Medium,5,8,1
SHP-001154,Supplier_B,San Diego,Denver,Air,286,3922.63,Clear,Severe,Low,14,14,0
SHP-001155,Supplier_F,Chicago,Portland,Road,2954,8879.87,Fog,High,Critical,1,5,1
SHP-001156,Supplier_Z,San Jose,Miami,Air,1350,8944.64,Clear,Low,High,8,7,0
SHP-001157,Supplier_J,Dallas,Atlanta,Sea,1433,3391.37,Fog,Severe,Low,12,15,1
SHP-001158,Supplier_T,New York,Atlanta,Sea,4293,6169.94,Clear,Moderate,Critical,9,8,0
SHP-001159,Supplier_X,San Antonio,Nashville,Rail,4250,9272.73,Fog,Low,High,1,1,0
SHP-001160,Supplier_S,Dallas,Las Vegas,Sea,2811,9622.48,Clear,Low,Critical,5,4,0
SHP-001161,Supplier_J,San Antonio,Nashville,Sea,4953,5114.14,Snow,Low,Medium,12,19,1
SHP-001162,Supplier_O,Philadelphia,Boston,Road,4601,4555.61,Rain,High,Low,6,6,0
SHP-001163,Supplier_D,New York,Nashville,Air,1885,2823.01,Clear,Low,Low,4,3,0
SHP-001164,Supplier_O,Dallas,Denver,Sea,850,9590.78,Clear,Low,High,14,13,0
SHP-001165,Supplier_W,San Antonio,Denver,Road,1862,1471.0,Snow,High,Medium,11,14,1
SHP-001166,Supplier_J,Houston,Detroit,Sea,4020,5819.3,Clear,Moderate,Critical,2,1,0
SHP-001167,Supplier_W,San Diego,Denver,Rail,4560,2861.38,Rain,High,Critical,5,12,1
SHP-001168,Supplier_M,San Antonio,Denver,Sea,581,2826.13,Clear,High,Critical,14,20,1
SHP-001169,Supplier_I,Philadelphia,Seattle,Sea,253,4079.44,Fog,Low,High,14,13,0
SHP-001170,Supplier_Q,San Jose,Portland,Rail,1624,9987.99,Clear,High,Critical,4,3,0
SHP-001171,Supplier_R,San Jose,Denver,Air,2220,596.91,Clear,Low,Low,13,13,0
SHP-001172,Supplier_P,Los Angeles,Las Vegas,Air,2443,5806.49,Clear,Moderate,Medium,7,6,0
SHP-001173,Supplier_O,San Antonio,Atlanta,Air,1340,871.59,Clear,Moderate,Medium,6,6,0
SHP-001174,Supplier_C,Chicago,Portland,Road,160,1587.48,Clear,Low,Low,3,3,0
SHP-001175,Supplier_T,Phoenix,Orlando,Road,1038,4423.65,Clear,Severe,Low,9,10,1
SHP-001176,Supplier_B,San Diego,Seattle,Air,1739,5129.08,Storm,Moderate,Medium,14,14,0
SHP-001177,Supplier_N,Houston,Denver,Road,4220,2624.98,Snow,Low,Low,4,8,1
SHP-001178,Supplier_X,Los Angeles,Seattle,Sea,4326,3198.75,Rain,Severe,Critical,11,17,1
SHP-001179,Supplier_K,Phoenix,Miami,Sea,3669,915.32,Clear,Moderate,Low,5,5,0
SHP-001180,Supplier_T,San Jose,Denver,Air,1352,3067.04,Rain,Moderate,Critical,14,14,0
SHP-001181,Supplier_I,Dallas,Seattle,Rail,4303,9667.26,Clear,Moderate,High,3,3,0
SHP-001182,Supplier_A,San Antonio,Boston,Sea,271,9449.84,Snow,High,Critical,8,15,1
SHP-001183,Supplier_C,Phoenix,Nashville,Sea,1558,3382.04,Clear,Low,Low,11,10,0
SHP-001184,Supplier_H,Houston,Portland,Road,3649,5730.0,Clear,Low,Medium,7,11,1
SHP-001185,Supplier_V,New York,Orlando,Rail,4297,9100.47,Clear,Moderate,Medium,11,11,0
SHP-001186,Supplier_S,New York,Atlanta,Rail,2422,111.53,Storm,Low,Low,11,10,0
SHP-001187,Supplier_S,San Jose,Denver,Rail,1736,8116.3,Clear,High,Low,7,5,0
SHP-001188,Supplier_A,Dallas,Atlanta,Air,3215,9486.28,Rain,Low,High,8,7,0
SHP-001189,Supplier_Y,Los Angeles,Boston,Air,4190,958.69,Clear,Low,Medium,7,7,0
SHP-001190,Supplier_V,Dallas,Atlanta,Road,3104,1656.4,Snow,Low,High,3,10,1
SHP-001191,Supplier_I,New York,Nashville,Sea,429,9609.43,Fog,High,Low,3,5,1
SHP-001192,Supplier_S,San Antonio,Atlanta,Road,3740,5398.52,Clear,High,Critical,2,1,0
SHP-001193,Supplier_B,Houston,Boston,Sea,3994,191.26,Clear,Low,Critical,13,13,0
SHP-001194,Supplier_Y,Philadelphia,Atlanta,Sea,4207,2613.44,Fog,Moderate,Medium,1,3,1
SHP-001195,Supplier_Y,San Antonio,Detroit,Rail,1441,4526.94,Rain,Low,Medium,5,3,0
SHP-001196,Supplier_F,Philadelphia,Miami,Sea,3763,6944.44,Clear,Moderate,Low,12,17,1
SHP-001197,Supplier_P,Los Angeles,Orlando,Rail,315,7344.95,Rain,Low,Medium,4,3,0
SHP-001198,Supplier_Q,Chicago,Seattle,Air,438,9954.44,Rain,Moderate,Low,13,15,1
SHP-001199,Supplier_U,San Antonio,Portland,Road,4162,2910.74,Clear,Moderate,Critical,11,12,1
SHP-001200,Supplier_O,San Jose,Portland,Air,2808,5405.29,Storm,Severe,Critical,2,3,1
SHP-001201,Supplier_I,Phoenix,Atlanta,Rail,3252,5356.57,Clear,Low,Low,1,3,1
SHP-001202,Supplier_F,Phoenix,Miami,Air,1850,4086.17,Clear,High,Low,14,14,0
SHP-001203,Supplier_S,Dallas,Miami,Air,2521,1733.16,Snow,Moderate,High,14,16,1
SHP-001204,Supplier_N,San Antonio,Boston,Road,809,9775.69,Clear,Severe,Critical,3,2,0
SHP-001205,Supplier_U,San Jose,Miami,Rail,3826,8540.51,Clear,Low,High,13,14,1
SHP-001206,Supplier_P,Philadelphia,Orlando,Sea,3742,5008.41,Rain,Low,Critical,6,12,1
SHP-001207,Supplier_C,San Jose,Miami,Road,4093,6052.29,Storm,High,Critical,13,19,1
SHP-001208,Supplier_P,Phoenix,Atlanta,Road,588,2311.25,Storm,Low,Critical,2,1,0
SHP-001209,Supplier_L,San Antonio,Seattle,Sea,146,5460.68,Fog,Low,Low,10,9,0
SHP-001210,Supplier_N,Houston,Las Vegas,Rail,3459,6964.95,Storm,Low,Critical,13,20,1
SHP-001211,Supplier_K,San Antonio,Miami,Sea,4973,5175.91,Clear,High,Medium,7,13,1
SHP-001212,Supplier_K,Dallas,Nashville,Road,4906,9903.34,Clear,Low,Critical,11,10,0
SHP-001213,Supplier_V,Dallas,Orlando,Rail,500,6132.85,Storm,High,Medium,7,8,1
SHP-001214,Supplier_D,San Diego,Las Vegas,Rail,4090,3741.19,Clear,Moderate,Low,11,10,0
SHP-001215,Supplier_F,Chicago,Boston,Rail,3257,7732.91,Rain,Low,Critical,3,1,0
SHP-001216,Supplier_K,Philadelphia,Portland,Rail,4445,1746.1,Rain,Moderate,High,14,12,0
SHP-001217,Supplier_N,Dallas,Portland,Air,490,3875.93,Clear,Low,High,1,1,0
SHP-001218,Supplier_W,Dallas,Detroit,Rail,3953,3502.24,Fog,Moderate,Low,9,12,1
SHP-001219,Supplier_P,San Diego,Orlando,Air,4530,4346.48,Rain,Moderate,High,11,10,0
SHP-001220,Supplier_J,Phoenix,Nashville,Rail,728,7828.71,Clear,Moderate,High,5,5,0
SHP-001221,Supplier_V,Phoenix,Detroit,Air,4332,4867.52,Fog,Low,High,2,2,0
SHP-001222,Supplier_M,San Jose,Detroit,Road,3030,7950.44,Clear,Moderate,High,8,12,1
SHP-001223,Supplier_Y,Philadelphia,Detroit,Rail,1621,5786.06,Clear,High,Low,12,11,0
SHP-001224,Supplier_R,San Antonio,Detroit,Rail,926,3453.59,Rain,High,Critical,10,8,0
SHP-001225,Supplier_B,Chicago,Seattle,Road,4922,8109.29,Storm,High,Critical,10,13,1
SHP-001226,Supplier_O,Los Angeles,Detroit,Rail,1600,2420.98,Snow,Low,Critical,4,7,1
SHP-001227,Supplier_C,Houston,Nashville,Road,3394,2282.61,Snow,High,Medium,11,14,1
SHP-001228,Supplier_K,San Diego,Nashville,Air,2519,5069.8,Snow,Low,High,10,9,0
SHP-001229,Supplier_I,Chicago,Orlando,Air,1034,2645.45,Clear,Low,Medium,12,18,1
SHP-001230,Supplier_K,Los Angeles,Miami,Sea,3142,140.42,Storm,High,Medium,7,10,1
SHP-001231,Supplier_D,Houston,Detroit,Air,4597,6500.56,Storm,Severe,Critical,14,13,0
SHP-001232,Supplier_Y,Dallas,Detroit,Road,1566,5135.38,Clear,Moderate,High,13,11,0
SHP-001233,Supplier_M,San Antonio,Atlanta,Sea,3661,4482.9,Clear,Low,Low,5,5,0
SHP-001234,Supplier_Q,Philadelphia,Miami,Road,714,9671.34,Fog,Low,High,13,11,0
SHP-001235,Supplier_A,Dallas,Portland,Air,1282,5733.43,Storm,Moderate,Critical,3,2,0
SHP-001236,Supplier_V,San Jose,Nashville,Air,3323,8641.14,Storm,High,Medium,10,14,1
SHP-001237,Supplier_R,New York,Denver,Air,2767,1437.53,Storm,Low,Critical,8,7,0
SHP-001238,Supplier_O,Chicago,Miami,Road,230,5713.6,Rain,High,Medium,2,4,1
SHP-001239,Supplier_N,San Antonio,Orlando,Rail,3083,8686.4,Rain,Low,Medium,1,1,0
SHP-001240,Supplier_B,New York,Atlanta,Sea,4378,5851.9,Rain,High,Medium,5,6,1
SHP-001241,Supplier_G,Los Angeles,Las Vegas,Road,4559,7194.24,Clear,Severe,Critical,11,11,0
SHP-001242,Supplier_Q,Chicago,Boston,Air,138,3751.83,Snow,Moderate,Medium,4,2,0
SHP-001243,Supplier_L,San Diego,Seattle,Rail,4059,969.87,Rain,Low,Critical,11,10,0
SHP-001244,Supplier_T,San Jose,Detroit,Sea,3687,4606.11,Rain,High,Low,10,9,0
SHP-001245,Supplier_Y,San Antonio,Portland,Road,1020,3975.07,Rain,Moderate,Low,7,5,0
SHP-001246,Supplier_P,Los Angeles,Orlando,Air,2869,8677.25,Clear,Moderate,High,13,13,0
SHP-001247,Supplier_U,Los Angeles,Portland,Sea,4211,2477.75,Clear,Moderate,Medium,9,9,0
SHP-001248,Supplier_O,Phoenix,Las Vegas,Air,592,9669.01,Clear,Low,High,6,5,0
SHP-001249,Supplier_Y,Houston,Nashville,Rail,1231,9583.47,Clear,High,Medium,11,9,0
SHP-001250,Supplier_B,Philadelphia,Seattle,Sea,3621,2513.93,Clear,Low,Critical,1,1,0
SHP-001251,Supplier_G,Los Angeles,Miami,Sea,410,3513.12,Fog,Severe,Medium,8,14,1
SHP-001252,Supplier_I,San Jose,Detroit,Road,838,8960.78,Clear,Low,High,2,1,0
SHP-001253,Supplier_R,New York,Miami,Air,3341,9667.89,Clear,High,High,4,6,1
SHP-001254,Supplier_E,San Antonio,Detroit,Sea,645,4462.22,Rain,Low,High,3,3,0
SHP-001255,Supplier_J,San Antonio,Miami,Rail,2561,3243.92,Rain,Low,Medium,6,6,0
SHP-001256,Supplier_O,San Jose,Detroit,Sea,4446,5284.64,Clear,Low,Low,2,2,0
SHP-001257,Supplier_W,Dallas,Portland,Air,4954,6893.3,Snow,High,Low,5,7,1
SHP-001258,Supplier_P,Phoenix,Seattle,Air,1904,2771.07,Snow,Moderate,Critical,11,17,1
SHP-001259,Supplier_D,San Jose,Orlando,Rail,3312,7377.91,Clear,High,Low,9,12,1
SHP-001260,Supplier_A,New York,Portland,Sea,3910,563.99,Clear,Low,Critical,3,2,0
SHP-001261,Supplier_U,Chicago,Nashville,Air,913,540.48,Fog,Moderate,Medium,2,1,0
SHP-001262,Supplier_T,San Diego,Orlando,Road,4224,3893.56,Storm,High,Medium,2,5,1
SHP-001263,Supplier_Z,San Diego,Atlanta,Air,2132,3567.06,Rain,Low,High,9,7,0
SHP-001264,Supplier_H,New York,Detroit,Sea,4672,3190.55,Clear,Moderate,Low,6,6,0
SHP-001265,Supplier_W,Houston,Nashville,Road,4513,4935.65,Clear,Moderate,Critical,2,8,1
SHP-001266,Supplier_F,Dallas,Portland,Sea,344,3241.3,Rain,Low,High,3,2,0
SHP-001267,Supplier_J,Phoenix,Atlanta,Rail,4943,1962.97,Clear,Low,Medium,14,14,0
SHP-001268,Supplier_R,Houston,Nashville,Sea,4892,3129.22,Clear,Moderate,Medium,1,1,0
SHP-001269,Supplier_A,New York,Boston,Road,371,9750.3,Rain,Low,High,2,2,0
SHP-001270,Supplier_R,San Jose,Orlando,Rail,3611,4140.58,Clear,High,Medium,2,5,1
SHP-001271,Supplier_N,Dallas,Seattle,Air,1871,4474.89,Snow,Severe,Medium,11,16,1
SHP-001272,Supplier_C,Dallas,Denver,Sea,1362,5786.62,Storm,Moderate,High,2,1,0
SHP-001273,Supplier_H,Houston,Las Vegas,Sea,2524,9834.24,Clear,Moderate,Critical,7,7,0
SHP-001274,Supplier_D,San Jose,Orlando,Sea,4461,2453.93,Storm,Low,Medium,3,7,1
SHP-001275,Supplier_O,Chicago,Las Vegas,Road,1020,6828.76,Clear,High,High,13,11,0
SHP-001276,Supplier_D,New York,Miami,Rail,3530,7174.05,Storm,Low,Low,14,14,0
SHP-001277,Supplier_U,Philadelphia,Denver,Road,4535,6092.88,Clear,Moderate,High,11,9,0
SHP-001278,Supplier_E,Houston,Portland,Sea,4584,931.35,Clear,Severe,Medium,4,10,1
SHP-001279,Supplier_P,New York,Atlanta,Road,2724,6784.88,Rain,Moderate,Medium,2,1,0
SHP-001280,Supplier_W,Chicago,Boston,Rail,3860,687.74,Clear,High,Medium,5,8,1
SHP-001281,Supplier_J,Los Angeles,Las Vegas,Air,2150,5981.62,Fog,Moderate,High,14,12,0
SHP-001282,Supplier_Q,Phoenix,Portland,Rail,3600,7408.83,Clear,Low,Medium,9,10,1
SHP-001283,Supplier_W,San Antonio,Denver,Rail,1265,2149.15,Clear,High,Low,12,15,1
SHP-001284,Supplier_I,Philadelphia,Portland,Rail,475,8424.14,Rain,Low,Medium,9,9,0
SHP-001285,Supplier_N,San Antonio,Atlanta,Road,2133,352.02,Clear,High,Low,7,6,0
SHP-001286,Supplier_P,San Antonio,Portland,Sea,245,8445.94,Clear,Low,Low,12,11,0
SHP-001287,Supplier_P,San Jose,Las Vegas,Rail,4488,4630.27,Rain,High,High,8,10,1
SHP-001288,Supplier_H,Houston,Seattle,Road,531,2215.0,Snow,Low,Critical,13,13,0
SHP-001289,Supplier_O,Dallas,Seattle,Air,804,1381.09,Storm,Moderate,Critical,14,13,0
SHP-001290,Supplier_R,New York,Seattle,Rail,2732,9535.41,Fog,Moderate,Low,5,7,1
SHP-001291,Supplier_E,Los Angeles,Denver,Air,4594,773.02,Clear,Moderate,High,5,4,0
SHP-001292,Supplier_M,Los Angeles,Atlanta,Rail,1063,2030.98,Snow,Low,High,12,15,1
SHP-001293,Supplier_G,Dallas,Atlanta,Sea,2334,3510.83,Clear,Moderate,High,3,3,0
SHP-001294,Supplier_T,Phoenix,Nashville,Sea,2141,6221.34,Rain,Low,Critical,6,5,0
SHP-001295,Supplier_Q,Dallas,Miami,Air,1928,5470.77,Clear,Moderate,Critical,1,1,0
SHP-001296,Supplier_X,San Jose,Denver,Air,2208,1300.15,Fog,Low,High,3,2,0
SHP-001297,Supplier_E,Philadelphia,Detroit,Air,4168,2932.79,Snow,Moderate,Critical,11,10,0
SHP-001298,Supplier_C,Philadelphia,Nashville,Sea,1038,2425.58,Fog,Low,High,2,1,0
SHP-001299,Supplier_I,Phoenix,Boston,Rail,4905,2174.75,Storm,Severe,Critical,7,12,1
SHP-001300,Supplier_Y,Houston,Seattle,Air,906,4140.89,Fog,Moderate,Critical,9,9,0
SHP-001301,Supplier_Z,San Jose,Boston,Sea,1563,7055.11,Storm,Low,High,4,11,1
SHP-001302,Supplier_N,Houston,Portland,Road,3515,2213.66,Clear,Moderate,High,7,5,0
SHP-001303,Supplier_K,San Diego,Atlanta,Sea,110,3698.45,Clear,High,Medium,8,9,1
SHP-001304,Supplier_Z,San Antonio,Denver,Road,1968,3939.63,Clear,Low,High,10,9,0
SHP-001305,Supplier_Q,San Jose,Las Vegas,Rail,4967,9765.74,Clear,Moderate,Medium,2,1,0
SHP-001306,Supplier_I,New York,Portland,Road,984,9548.93,Rain,Moderate,Critical,7,11,1
SHP-001307,Supplier_A,Phoenix,Atlanta,Road,3664,8011.37,Rain,Low,High,13,11,0
SHP-001308,Supplier_J,Chicago,Detroit,Road,1489,2454.51,Rain,High,Critical,12,11,0
SHP-001309,Supplier_X,San Antonio,Seattle,Road,3501,726.97,Fog,Low,High,3,2,0
SHP-001310,Supplier_J,Dallas,Orlando,Air,4421,3203.2,Fog,Low,Critical,8,8,0
SHP-001311,Supplier_S,Los Angeles,Orlando,Air,924,2704.61,Clear,High,Critical,6,6,0
SHP-001312,Supplier_S,Dallas,Atlanta,Rail,2365,5083.96,Clear,Moderate,Critical,3,3,0
SHP-001313,Supplier_V,Los Angeles,Detroit,Sea,1036,7788.39,Clear,High,Low,8,7,0
SHP-001314,Supplier_P,Dallas,Nashville,Air,2900,8590.31,Clear,Moderate,Critical,11,11,0
SHP-001315,Supplier_E,Phoenix,Nashville,Rail,2653,8456.4,Snow,High,Medium,13,15,1
SHP-001316,Supplier_O,Philadelphia,Las Vegas,Sea,3945,3628.77,Rain,High,High,3,1,0
SHP-001317,Supplier_R,Los Angeles,Nashville,Sea,1896,6887.98,Rain,Low,Medium,9,13,1
SHP-001318,Supplier_P,Dallas,Seattle,Air,153,3162.7,Storm,High,Low,11,13,1
SHP-001319,Supplier_L,Phoenix,Seattle,Rail,826,656.01,Storm,Moderate,Medium,3,6,1
SHP-001320,Supplier_K,Dallas,Boston,Rail,2836,7030.57,Clear,Low,High,1,1,0
SHP-001321,Supplier_R,San Jose,Atlanta,Air,3270,147.78,Snow,Moderate,High,13,14,1
SHP-001322,Supplier_Y,Phoenix,Boston,Air,2013,4121.37,Clear,Low,High,2,1,0
SHP-001323,Supplier_R,San Diego,Atlanta,Sea,1696,3327.32,Clear,High,Low,4,4,0
SHP-001324,Supplier_M,San Antonio,Atlanta,Air,2014,6949.11,Clear,Moderate,Low,13,13,0
SHP-001325,Supplier_O,San Jose,Atlanta,Rail,2566,7674.14,Clear,Severe,High,11,15,1
SHP-001326,Supplier_K,San Diego,Detroit,Sea,2837,3075.74,Clear,Low,High,2,2,0
SHP-001327,Supplier_G,Houston,Orlando,Air,949,8125.69,Clear,Moderate,Low,4,3,0
SHP-001328,Supplier_W,Philadelphia,Seattle,Air,2209,2974.47,Rain,Low,High,4,2,0
SHP-001329,Supplier_H,San Diego,Atlanta,Sea,102,4490.95,Snow,Moderate,Medium,4,4,0
SHP-001330,Supplier_S,San Diego,Orlando,Rail,4355,7283.83,Clear,High,Critical,1,8,1
SHP-001331,Supplier_M,San Jose,Detroit,Road,4169,6944.56,Clear,High,Medium,9,15,1
SHP-001332,Supplier_H,New York,Denver,Rail,4976,9874.32,Storm,High,High,10,14,1
SHP-001333,Supplier_Y,San Diego,Detroit,Sea,992,2290.35,Clear,High,High,11,13,1
SHP-001334,Supplier_N,Los Angeles,Nashville,Rail,2130,6640.06,Fog,Low,Critical,7,5,0
SHP-001335,Supplier_B,Phoenix,Orlando,Air,3260,6116.33,Rain,Low,Critical,2,1,0
SHP-001336,Supplier_K,Los Angeles,Miami,Sea,2476,9155.23,Clear,Moderate,High,3,1,0
SHP-001337,Supplier_X,San Antonio,Boston,Sea,4775,1605.8,Clear,Moderate,Critical,13,13,0
SHP-001338,Supplier_P,Houston,Miami,Road,2033,7530.39,Clear,Low,Medium,8,8,0
SHP-001339,Supplier_W,Houston,Orlando,Air,1480,5704.27,Clear,Moderate,Low,7,5,0
SHP-001340,Supplier_Z,Philadelphia,Las Vegas,Air,3781,2782.93,Clear,Moderate,Medium,4,2,0
SHP-001341,Supplier_M,San Antonio,Seattle,Sea,1390,4770.63,Rain,Low,Low,4,9,1
SHP-001342,Supplier_M,Philadelphia,Nashville,Road,1740,3371.08,Clear,High,Critical,9,8,0
SHP-001343,Supplier_V,Dallas,Nashville,Road,2782,5814.17,Rain,Moderate,High,5,3,0
SHP-001344,Supplier_Z,Dallas,Detroit,Sea,1087,8895.56,Rain,Low,Medium,14,13,0
SHP-001345,Supplier_U,New York,Detroit,Road,1318,5714.58,Clear,Low,Medium,13,11,0
SHP-001346,Supplier_E,Phoenix,Denver,Rail,1455,6335.64,Clear,High,High,11,10,0
SHP-001347,Supplier_P,Houston,Las Vegas,Sea,4365,5211.54,Clear,Severe,Low,5,11,1
SHP-001348,Supplier_B,Phoenix,Orlando,Air,4716,559.1,Clear,Moderate,High,7,7,0
SHP-001349,Supplier_E,Los Angeles,Orlando,Rail,4235,2366.94,Snow,Low,Medium,1,1,0
SHP-001350,Supplier_Q,San Antonio,Seattle,Rail,1660,4945.42,Clear,Severe,Critical,3,4,1
SHP-001351,Supplier_S,Philadelphia,Atlanta,Sea,1518,3136.84,Snow,Moderate,Low,2,4,1
SHP-001352,Supplier_K,Los Angeles,Nashville,Road,1054,1858.55,Clear,High,High,11,11,0
SHP-001353,Supplier_D,Dallas,Miami,Air,1083,5066.12,Clear,High,Low,10,17,1
SHP-001354,Supplier_O,Chicago,Las Vegas,Sea,1074,3261.96,Rain,Low,High,6,12,1
SHP-001355,Supplier_D,San Diego,Portland,Sea,4233,2618.17,Snow,Moderate,Medium,11,10,0
SHP-001356,Supplier_Q,Philadelphia,Detroit,Sea,4072,4666.65,Clear,Low,Medium,12,11,0
SHP-001357,Supplier_O,Philadelphia,Denver,Road,1013,1376.18,Clear,Low,Medium,6,5,0
SHP-001358,Supplier_A,Houston,Boston,Rail,4649,9281.07,Rain,High,Critical,10,8,0
SHP-001359,Supplier_X,San Jose,Seattle,Air,136,8683.64,Clear,High,Low,1,8,1
SHP-001360,Supplier_E,Phoenix,Portland,Rail,3487,7090.82,Clear,High,High,14,21,1
SHP-001361,Supplier_N,Chicago,Portland,Air,1811,1106.83,Rain,Moderate,High,14,12,0
SHP-001362,Supplier_U,Houston,Denver,Sea,3120,7769.98,Clear,Low,High,6,4,0
SHP-001363,Supplier_E,San Diego,Orlando,Road,895,8089.18,Rain,Low,Medium,10,16,1
SHP-001364,Supplier_C,Houston,Boston,Sea,4136,7689.26,Rain,Low,Low,2,1,0
SHP-001365,Supplier_P,Houston,Denver,Sea,4788,1183.96,Snow,Moderate,Critical,11,9,0
SHP-001366,Supplier_Z,Houston,Miami,Road,3211,6456.88,Snow,Moderate,Critical,4,2,0
SHP-001367,Supplier_I,Phoenix,Orlando,Air,1424,8351.53,Rain,Low,Medium,6,6,0
SHP-001368,Supplier_K,Houston,Detroit,Air,417,5794.67,Rain,Severe,Critical,3,1,0
SHP-001369,Supplier_T,Houston,Boston,Air,2496,6481.75,Storm,Low,Medium,3,1,0
SHP-001370,Supplier_W,Houston,Las Vegas,Rail,2262,4610.72,Clear,High,Low,12,11,0
SHP-001371,Supplier_M,Houston,Atlanta,Air,2845,5310.64,Clear,Moderate,Low,3,1,0
SHP-001372,Supplier_U,San Jose,Boston,Sea,1691,392.05,Snow,Low,Low,4,9,1
SHP-001373,Supplier_C,Philadelphia,Orlando,Road,3211,6407.68,Rain,High,Low,9,8,0
SHP-001374,Supplier_K,Chicago,Portland,Road,4030,860.4,Clear,High,Critical,4,10,1
SHP-001375,Supplier_V,Los Angeles,Seattle,Air,2096,4378.4,Storm,Moderate,High,13,13,0
SHP-001376,Supplier_R,Los Angeles,Portland,Sea,1412,2961.92,Clear,Moderate,Medium,4,4,0
SHP-001377,Supplier_M,Los Angeles,Boston,Air,1385,5477.01,Snow,Low,Medium,4,7,1
SHP-001378,Supplier_K,San Diego,Nashville,Sea,4411,1377.49,Snow,Moderate,Low,7,7,0
SHP-001379,Supplier_U,San Jose,Miami,Air,2483,6931.85,Fog,Severe,Low,5,5,0
SHP-001380,Supplier_W,New York,Detroit,Rail,3339,7960.36,Clear,Low,High,12,10,0
SHP-001381,Supplier_Y,Dallas,Denver,Air,2239,1675.38,Rain,Low,Critical,2,2,0
SHP-001382,Supplier_P,New York,Seattle,Air,1804,1087.92,Clear,Severe,Low,7,10,1
SHP-001383,Supplier_R,San Diego,Seattle,Rail,462,1497.88,Clear,Low,High,3,3,0
SHP-001384,Supplier_B,Philadelphia,Miami,Air,2704,8777.42,Clear,Moderate,High,11,9,0
SHP-001385,Supplier_T,San Jose,Denver,Sea,1816,5305.48,Rain,Moderate,Medium,1,1,0
SHP-001386,Supplier_C,Philadelphia,Portland,Air,4551,4699.25,Clear,Moderate,Medium,9,9,0
SHP-001387,Supplier_H,San Diego,Nashville,Air,4386,1111.78,Clear,Moderate,High,5,3,0
SHP-001388,Supplier_U,San Jose,Boston,Air,3838,6513.08,Rain,Low,High,10,8,0
SHP-001389,Supplier_V,Phoenix,Denver,Rail,2569,8686.6,Snow,Low,Medium,1,7,1
SHP-001390,Supplier_J,San Diego,Miami,Rail,4895,8290.45,Snow,High,Critical,11,14,1
SHP-001391,Supplier_H,Chicago,Las Vegas,Road,656,6279.24,Fog,High,Critical,1,2,1
SHP-001392,Supplier_X,Dallas,Nashville,Rail,925,799.02,Clear,Moderate,High,1,1,0
SHP-001393,Supplier_C,Phoenix,Detroit,Rail,2908,1168.35,Fog,Moderate,High,12,13,1
SHP-001394,Supplier_N,San Antonio,Nashville,Sea,4621,540.62,Storm,Low,Critical,9,13,1
SHP-001395,Supplier_D,Houston,Portland,Rail,2819,2611.92,Clear,Low,Low,13,12,0
SHP-001396,Supplier_Y,San Jose,Detroit,Road,3608,1399.83,Clear,High,Low,8,10,1
SHP-001397,Supplier_U,Chicago,Nashville,Road,3841,2637.48,Clear,Moderate,Critical,11,11,0
SHP-001398,Supplier_W,New York,Nashville,Rail,1674,3881.33,Clear,Low,Medium,13,11,0
SHP-001399,Supplier_D,Dallas,Atlanta,Rail,4098,9432.68,Rain,Low,Medium,13,18,1
SHP-001400,Supplier_O,San Antonio,Las Vegas,Sea,2229,6123.24,Rain,Low,Low,6,5,0
SHP-001401,Supplier_F,San Diego,Boston,Rail,2503,8357.99,Snow,Low,Critical,10,13,1
SHP-001402,Supplier_W,Dallas,Boston,Road,3429,7118.0,Rain,High,High,6,7,1
SHP-001403,Supplier_J,New York,Seattle,Sea,688,1169.41,Clear,Severe,Medium,6,11,1
SHP-001404,Supplier_A,Dallas,Las Vegas,Sea,2112,7372.41,Storm,High,Medium,4,5,1
SHP-001405,Supplier_B,Philadelphia,Nashville,Road,1647,2787.23,Clear,Severe,Critical,5,3,0
SHP-001406,Supplier_K,San Antonio,Atlanta,Sea,394,6409.12,Fog,Severe,Critical,10,9,0
SHP-001407,Supplier_Z,Chicago,Denver,Rail,2085,3442.57,Clear,Moderate,Critical,3,3,0
SHP-001408,Supplier_B,San Diego,Detroit,Road,3217,9976.84,Fog,Low,Medium,3,2,0
SHP-001409,Supplier_J,Los Angeles,Orlando,Sea,1790,2672.34,Clear,High,Critical,10,10,0
SHP-001410,Supplier_L,Dallas,Miami,Road,1236,2827.35,Clear,Low,Critical,7,5,0
SHP-001411,Supplier_L,San Diego,Boston,Air,2164,9310.19,Clear,Low,High,5,4,0
SHP-001412,Supplier_N,Philadelphia,Portland,Rail,4555,295.21,Snow,Low,Critical,8,6,0
SHP-001413,Supplier_E,New York,Denver,Road,4895,6982.06,Storm,Moderate,Medium,5,10,1
SHP-001414,Supplier_H,New York,Orlando,Sea,4643,7267.0,Clear,Low,Medium,12,10,0
SHP-001415,Supplier_Q,Houston,Denver,Air,4870,8371.97,Fog,Low,Critical,4,4,0
SHP-001416,Supplier_N,San Antonio,Portland,Rail,1107,9745.67,Rain,Moderate,Low,14,14,0
SHP-001417,Supplier_S,San Jose,Portland,Rail,2614,9757.24,Rain,High,Low,3,4,1
SHP-001418,Supplier_V,Los Angeles,Boston,Sea,3626,699.5,Storm,Moderate,High,12,16,1
SHP-001419,Supplier_Z,Philadelphia,Denver,Rail,4781,8227.3,Clear,High,Low,2,9,1
SHP-001420,Supplier_F,Philadelphia,Seattle,Sea,1347,6480.78,Clear,Low,Low,3,2,0
SHP-001421,Supplier_F,San Jose,Seattle,Road,4002,6491.05,Fog,Low,High,7,12,1
SHP-001422,Supplier_F,Phoenix,Seattle,Sea,1535,1327.08,Fog,Moderate,Medium,8,7,0
SHP-001423,Supplier_C,Chicago,Miami,Rail,671,6519.36,Fog,Moderate,Critical,5,3,0
SHP-001424,Supplier_T,Dallas,Detroit,Rail,2482,9825.7,Fog,Moderate,Low,11,9,0
SHP-001425,Supplier_M,Phoenix,Orlando,Rail,1345,9122.59,Clear,High,Low,1,3,1
SHP-001426,Supplier_T,Houston,Atlanta,Rail,2184,4419.35,Storm,High,High,3,4,1
SHP-001427,Supplier_V,Phoenix,Denver,Rail,377,447.48,Clear,Severe,High,4,4,0
SHP-001428,Supplier_H,San Diego,Nashville,Rail,1987,3654.82,Fog,Low,Low,10,10,0
SHP-001429,Supplier_P,San Jose,Nashville,Rail,4679,8272.58,Clear,Low,Low,13,11,0
SHP-001430,Supplier_S,Philadelphia,Denver,Rail,1365,7029.92,Rain,Moderate,Low,13,13,0
SHP-001431,Supplier_E,Philadelphia,Miami,Road,4926,4620.47,Rain,Low,Medium,12,18,1
SHP-001432,Supplier_H,Chicago,Atlanta,Road,1140,598.26,Clear,Low,Critical,4,2,0
SHP-001433,Supplier_O,San Diego,Detroit,Road,1017,4297.6,Clear,Low,Medium,12,11,0
SHP-001434,Supplier_U,San Antonio,Portland,Rail,985,4716.8,Storm,Low,Medium,1,3,1
SHP-001435,Supplier_I,Houston,Denver,Sea,2852,9289.13,Storm,Low,Low,10,10,0
SHP-001436,Supplier_O,San Antonio,Miami,Sea,121,6428.81,Clear,Low,High,9,9,0
SHP-001437,Supplier_I,Philadelphia,Atlanta,Sea,4669,3150.95,Snow,Moderate,Medium,12,10,0
SHP-001438,Supplier_V,Philadelphia,Las Vegas,Sea,3291,5276.92,Rain,Moderate,High,10,8,0
SHP-001439,Supplier_A,San Antonio,Detroit,Sea,2453,707.25,Clear,High,Critical,4,6,1
SHP-001440,Supplier_Z,Phoenix,Orlando,Sea,4899,9727.05,Clear,Moderate,Medium,2,2,0
SHP-001441,Supplier_O,San Diego,Nashville,Road,786,3632.6,Storm,Low,Low,13,20,1
SHP-001442,Supplier_J,Chicago,Denver,Rail,384,4804.78,Snow,Low,Critical,9,8,0
SHP-001443,Supplier_V,San Jose,Nashville,Rail,4911,3585.08,Rain,Low,Low,14,14,0
SHP-001444,Supplier_R,Chicago,Seattle,Road,3847,6840.99,Rain,High,High,4,2,0
SHP-001445,Supplier_F,San Jose,Miami,Road,862,6639.21,Clear,High,Medium,4,3,0
SHP-001446,Supplier_C,Houston,Atlanta,Sea,2528,7167.46,Clear,Low,Low,11,10,0
SHP-001447,Supplier_O,Los Angeles,Seattle,Rail,2607,2718.03,Clear,Low,Medium,6,6,0
SHP-001448,Supplier_L,Phoenix,Nashville,Sea,128,3190.9,Clear,Severe,Critical,8,15,1
SHP-001449,Supplier_S,Houston,Portland,Rail,1006,1296.25,Rain,Moderate,Low,5,5,0
SHP-001450,Supplier_J,Dallas,Boston,Air,3204,6572.32,Fog,High,Critical,12,17,1
SHP-001451,Supplier_U,San Antonio,Orlando,Rail,4099,445.98,Clear,Low,Medium,8,8,0
SHP-001452,Supplier_N,San Antonio,Denver,Road,3094,5996.94,Clear,Low,Low,1,1,0
SHP-001453,Supplier_W,Houston,Nashville,Rail,2606,8703.47,Rain,High,Medium,13,20,1
SHP-001454,Supplier_I,Chicago,Atlanta,Air,4765,8913.78,Storm,Moderate,Low,4,9,1
SHP-001455,Supplier_O,Chicago,Portland,Sea,3709,4517.93,Snow,Moderate,Medium,1,1,0
SHP-001456,Supplier_J,San Diego,Nashville,Sea,3653,4620.07,Storm,Moderate,Critical,3,4,1
SHP-001457,Supplier_G,New York,Boston,Road,1553,815.84,Rain,Moderate,High,11,9,0
SHP-001458,Supplier_M,Chicago,Portland,Sea,4933,6724.11,Snow,High,High,7,7,0
SHP-001459,Supplier_P,San Antonio,Detroit,Rail,3456,8221.53,Clear,Low,Medium,1,1,0
SHP-001460,Supplier_D,San Diego,Miami,Rail,615,2484.32,Clear,Low,Critical,5,4,0
SHP-001461,Supplier_H,Chicago,Atlanta,Sea,138,4241.94,Clear,High,Medium,1,3,1
SHP-001462,Supplier_M,Dallas,Atlanta,Rail,3442,8396.45,Rain,Low,Low,6,11,1
SHP-001463,Supplier_S,Dallas,Atlanta,Air,986,8777.35,Fog,Moderate,Medium,9,9,0
SHP-001464,Supplier_L,Philadelphia,Atlanta,Sea,2944,2469.64,Storm,High,Critical,3,3,0
SHP-001465,Supplier_S,San Diego,Portland,Rail,2304,5528.18,Clear,Severe,Medium,11,16,1
SHP-001466,Supplier_J,Phoenix,Las Vegas,Sea,1198,1965.31,Clear,Moderate,High,11,11,0
SHP-001467,Supplier_W,Phoenix,Seattle,Road,1923,1063.69,Clear,Moderate,Medium,14,14,0
SHP-001468,Supplier_J,Dallas,Miami,Sea,3301,9115.65,Clear,High,High,12,12,0
SHP-001469,Supplier_A,San Jose,Orlando,Rail,3255,8214.05,Rain,High,High,6,12,1
SHP-001470,Supplier_V,New York,Orlando,Sea,3193,7612.35,Fog,High,Medium,4,3,0
SHP-001471,Supplier_M,San Antonio,Orlando,Sea,3630,535.22,Fog,Moderate,Medium,6,5,0
SHP-001472,Supplier_I,Los Angeles,Portland,Rail,3878,8445.1,Rain,Low,Medium,2,2,0
SHP-001473,Supplier_A,Chicago,Boston,Road,2996,4408.54,Storm,Moderate,Medium,4,11,1
SHP-001474,Supplier_S,New York,Atlanta,Rail,3553,3456.83,Rain,High,Medium,13,15,1
SHP-001475,Supplier_V,Houston,Orlando,Sea,3611,5487.44,Clear,High,Critical,13,11,0
SHP-001476,Supplier_Y,Phoenix,Denver,Sea,1088,958.96,Rain,Low,Medium,7,5,0
SHP-001477,Supplier_X,San Diego,Nashville,Rail,4216,7578.63,Rain,Moderate,Medium,11,10,0
SHP-001478,Supplier_B,Los Angeles,Portland,Road,4126,5845.23,Snow,Moderate,Medium,6,13,1
SHP-001479,Supplier_T,San Diego,Nashville,Air,4279,1906.57,Clear,Severe,Low,9,9,0
SHP-001480,Supplier_X,Philadelphia,Boston,Air,1782,1922.91,Clear,Moderate,High,11,11,0
SHP-001481,Supplier_P,Phoenix,Orlando,Air,4765,1883.27,Clear,Moderate,High,7,7,0
SHP-001482,Supplier_J,Philadelphia,Denver,Air,4063,617.17,Fog,Low,Critical,1,1,0
SHP-001483,Supplier_Y,Philadelphia,Atlanta,Air,1033,5898.59,Clear,Moderate,Medium,6,5,0
SHP-001484,Supplier_Z,Dallas,Detroit,Air,3698,8411.46,Snow,Low,High,11,10,0
SHP-001485,Supplier_H,Dallas,Atlanta,Air,3333,224.11,Snow,High,Medium,3,9,1
SHP-001486,Supplier_T,Phoenix,Las Vegas,Road,2080,537.6,Clear,High,Medium,8,7,0
SHP-001487,Supplier_Z,Philadelphia,Denver,Air,1955,5749.06,Rain,Moderate,Medium,13,12,0
SHP-001488,Supplier_L,New York,Nashville,Road,3156,8203.98,Storm,Moderate,Critical,1,1,0
SHP-001489,Supplier_H,San Antonio,Miami,Road,892,3301.05,Clear,High,Critical,10,10,0
SHP-001490,Supplier_U,Los Angeles,Nashville,Sea,891,3528.66,Fog,Low,Low,2,1,0
SHP-001491,Supplier_G,Philadelphia,Las Vegas,Sea,1909,5983.65,Clear,Low,High,3,1,0
SHP-001492,Supplier_T,San Jose,Las Vegas,Sea,2355,2778.42,Clear,Severe,Low,14,12,0
SHP-001493,Supplier_I,Houston,Las Vegas,Road,3710,314.75,Storm,High,Critical,3,7,1
SHP-001494,Supplier_V,San Jose,Portland,Air,1707,7365.52,Storm,High,Critical,7,12,1
SHP-001495,Supplier_Y,San Jose,Atlanta,Road,1084,6275.22,Fog,Low,Low,13,12,0
SHP-001496,Supplier_X,Dallas,Las Vegas,Road,3776,5828.52,Rain,Low,Low,8,7,0
SHP-001497,Supplier_Y,Chicago,Orlando,Rail,3480,7429.76,Fog,Low,Critical,9,9,0
SHP-001498,Supplier_V,Phoenix,Las Vegas,Rail,619,6768.55,Storm,Low,Low,7,5,0
SHP-001499,Supplier_V,Philadelphia,Atlanta,Road,690,2098.53,Storm,High,Medium,8,13,1
SHP-001500,Supplier_E,Philadelphia,Seattle,Sea,1150,3557.19,Rain,Low,Critical,11,11,0
SHP-001501,Supplier_U,Dallas,Atlanta,Road,3733,1304.8,Clear,High,Critical,6,9,1
SHP-001502,Supplier_D,San Diego,Denver,Road,4544,1342.08,Fog,Low,Low,2,7,1
SHP-001503,Supplier_U,San Diego,Orlando,Air,1059,6778.15,Clear,Low,Medium,1,1,0
SHP-001504,Supplier_U,Los Angeles,Denver,Sea,792,8593.07,Rain,Severe,Medium,3,10,1
SHP-001505,Supplier_B,San Antonio,Miami,Sea,3999,9629.19,Clear,Low,Critical,9,9,0
SHP-001506,Supplier_J,San Jose,Las Vegas,Sea,4573,6302.05,Rain,Low,Low,13,12,0
SHP-001507,Supplier_Z,Phoenix,Portland,Rail,3046,1881.81,Clear,Low,Low,7,6,0
SHP-001508,Supplier_O,San Diego,Detroit,Air,626,1101.22,Clear,Low,Low,2,1,0
SHP-001509,Supplier_B,Chicago,Atlanta,Rail,3324,8137.87,Storm,Moderate,Critical,14,12,0
SHP-001510,Supplier_S,Chicago,Miami,Sea,2353,5808.63,Clear,Low,Low,1,1,0
SHP-001511,Supplier_L,Philadelphia,Denver,Rail,3444,6201.94,Rain,Moderate,Medium,2,1,0
SHP-001512,Supplier_X,San Antonio,Orlando,Road,4065,7825.55,Clear,High,Critical,3,8,1
SHP-001513,Supplier_E,San Jose,Seattle,Sea,1975,7047.61,Clear,Moderate,Low,14,13,0
SHP-001514,Supplier_C,San Jose,Denver,Air,1863,8352.86,Clear,Low,High,6,4,0
SHP-001515,Supplier_J,San Antonio,Atlanta,Sea,620,609.33,Snow,Moderate,Medium,12,18,1
SHP-001516,Supplier_K,Los Angeles,Las Vegas,Rail,1116,7487.83,Clear,Low,Medium,9,9,0
SHP-001517,Supplier_X,Los Angeles,Boston,Air,216,8515.98,Fog,Moderate,Low,8,7,0
SHP-001518,Supplier_N,Chicago,Miami,Air,2533,2897.04,Clear,Moderate,Critical,10,8,0
SHP-001519,Supplier_F,Philadelphia,Atlanta,Sea,683,6422.45,Clear,Low,Critical,9,9,0
SHP-001520,Supplier_G,Houston,Atlanta,Rail,494,3175.91,Clear,High,High,11,10,0
SHP-001521,Supplier_E,Philadelphia,Las Vegas,Rail,3888,9581.81,Clear,Severe,High,11,17,1
SHP-001522,Supplier_Z,Philadelphia,Boston,Rail,2868,382.56,Snow,High,Critical,8,9,1
SHP-001523,Supplier_R,Phoenix,Detroit,Rail,4267,5818.94,Storm,Low,Critical,7,14,1
SHP-001524,Supplier_L,Phoenix,Las Vegas,Sea,3960,1706.71,Rain,Moderate,Medium,6,5,0
SHP-001525,Supplier_Q,San Jose,Denver,Air,373,7136.59,Clear,Severe,High,8,13,1
SHP-001526,Supplier_Q,San Antonio,Nashville,Road,2113,1800.11,Clear,Low,Critical,6,10,1
SHP-001527,Supplier_I,Phoenix,Miami,Rail,4533,2392.06,Clear,High,High,2,7,1
SHP-001528,Supplier_F,San Diego,Seattle,Sea,1489,4968.99,Fog,Low,Medium,13,11,0
SHP-001529,Supplier_I,Philadelphia,Boston,Rail,3666,9152.61,Clear,Low,Medium,9,13,1
SHP-001530,Supplier_P,San Jose,Miami,Air,4802,2156.56,Snow,High,Medium,9,7,0
SHP-001531,Supplier_Z,Dallas,Las Vegas,Rail,265,1485.19,Clear,High,Medium,3,1,0
SHP-001532,Supplier_J,San Diego,Boston,Road,1667,7601.82,Clear,High,Medium,9,9,0
SHP-001533,Supplier_X,San Antonio,Las Vegas,Road,828,5031.16,Clear,Severe,Medium,2,5,1
SHP-001534,Supplier_K,Chicago,Portland,Air,2143,9122.26,Clear,Low,Medium,12,10,0
SHP-001535,Supplier_Z,Chicago,Denver,Road,4297,1508.81,Snow,Low,Low,14,18,1
SHP-001536,Supplier_D,New York,Orlando,Air,3596,6476.98,Clear,Severe,Low,3,1,0
SHP-001537,Supplier_O,Chicago,Portland,Sea,878,2367.15,Snow,Low,High,14,17,1
SHP-001538,Supplier_C,Houston,Detroit,Sea,313,1609.77,Clear,Moderate,High,6,5,0
SHP-001539,Supplier_E,Phoenix,Las Vegas,Road,3862,6850.12,Fog,Moderate,Medium,14,13,0
SHP-001540,Supplier_Y,Los Angeles,Detroit,Rail,1676,5957.16,Clear,Low,High,4,2,0
SHP-001541,Supplier_H,Houston,Orlando,Sea,2548,7560.53,Storm,Low,Medium,8,7,0
SHP-001542,Supplier_V,Chicago,Las Vegas,Air,3036,3129.15,Storm,Moderate,Medium,1,1,0
SHP-001543,Supplier_X,San Antonio,Las Vegas,Sea,3217,4507.32,Fog,High,Medium,13,11,0
SHP-001544,Supplier_V,Los Angeles,Seattle,Road,691,4084.44,Clear,High,High,6,6,0
SHP-001545,Supplier_M,Los Angeles,Atlanta,Road,2820,9841.69,Snow,Moderate,Critical,2,4,1
SHP-001546,Supplier_Z,Los Angeles,Miami,Air,813,2957.88,Clear,Moderate,Low,6,10,1
SHP-001547,Supplier_R,San Diego,Seattle,Road,1035,2983.43,Clear,Low,Critical,14,12,0
SHP-001548,Supplier_L,Dallas,Miami,Rail,4437,3577.75,Clear,Low,Medium,1,1,0
SHP-001549,Supplier_C,New York,Seattle,Air,101,5667.71,Clear,Moderate,High,2,2,0
SHP-001550,Supplier_Z,New York,Denver,Rail,2948,2560.61,Fog,Low,Medium,9,14,1
SHP-001551,Supplier_M,San Antonio,Boston,Sea,4144,9157.13,Clear,Low,High,6,4,0
SHP-001552,Supplier_A,Dallas,Seattle,Road,2049,2693.57,Rain,Moderate,Low,8,6,0
SHP-001553,Supplier_I,Los Angeles,Denver,Road,1017,8963.37,Rain,Moderate,Critical,7,7,0
SHP-001554,Supplier_R,Los Angeles,Orlando,Sea,3274,1079.58,Rain,Low,Medium,9,9,0
SHP-001555,Supplier_D,Phoenix,Las Vegas,Road,2341,6582.8,Rain,Moderate,Critical,9,7,0
SHP-001556,Supplier_O,San Jose,Seattle,Air,189,9074.51,Clear,Moderate,Medium,11,9,0
SHP-001557,Supplier_L,Chicago,Orlando,Rail,1809,1729.06,Rain,Low,Low,4,4,0
SHP-001558,Supplier_V,Los Angeles,Detroit,Road,2269,9684.85,Clear,Severe,Low,7,13,1
SHP-001559,Supplier_X,San Antonio,Boston,Sea,4338,4556.19,Fog,Low,Low,5,8,1
SHP-001560,Supplier_V,Phoenix,Denver,Air,3141,9459.87,Snow,High,High,7,11,1
SHP-001561,Supplier_I,Houston,Orlando,Sea,205,6784.36,Fog,Low,Critical,4,3,0
SHP-001562,Supplier_S,Houston,Nashville,Road,986,3050.79,Clear,High,Critical,12,13,1
SHP-001563,Supplier_M,Phoenix,Atlanta,Road,527,1923.61,Clear,Low,High,10,9,0
SHP-001564,Supplier_U,San Diego,Las Vegas,Rail,1995,3072.16,Clear,High,Low,11,18,1
SHP-001565,Supplier_L,Chicago,Boston,Rail,416,975.52,Clear,Low,Medium,11,11,0
SHP-001566,Supplier_D,Chicago,Boston,Road,734,1481.49,Clear,High,Low,1,1,0
SHP-001567,Supplier_V,Dallas,Nashville,Air,2025,1091.37,Rain,Moderate,Critical,4,2,0
SHP-001568,Supplier_H,Chicago,Denver,Road,2156,4258.29,Clear,Low,High,13,13,0
SHP-001569,Supplier_P,New York,Nashville,Rail,3244,7966.0,Rain,High,Medium,10,9,0
SHP-001570,Supplier_A,New York,Portland,Air,2370,1456.77,Storm,Low,High,3,1,0
SHP-001571,Supplier_T,Philadelphia,Atlanta,Road,1539,1346.69,Rain,Severe,Low,9,8,0
SHP-001572,Supplier_R,Philadelphia,Boston,Air,652,6452.12,Clear,Low,High,5,5,0
SHP-001573,Supplier_K,San Diego,Nashville,Sea,815,2011.97,Clear,Moderate,Medium,4,4,0
SHP-001574,Supplier_T,San Diego,Denver,Air,4011,1021.22,Clear,High,Low,8,8,0
SHP-001575,Supplier_H,Dallas,Las Vegas,Air,1813,1710.14,Clear,Low,Low,5,3,0
SHP-001576,Supplier_U,Phoenix,Seattle,Road,3489,9241.13,Rain,Low,Medium,3,10,1
SHP-001577,Supplier_C,Dallas,Atlanta,Rail,1207,8223.64,Clear,High,Critical,2,2,0
SHP-001578,Supplier_U,San Diego,Boston,Sea,4306,3572.94,Storm,High,Medium,8,12,1
SHP-001579,Supplier_O,Chicago,Seattle,Rail,350,6575.42,Snow,Severe,Critical,12,18,1
SHP-001580,Supplier_W,Dallas,Detroit,Rail,2530,5395.89,Rain,Low,Low,2,5,1
SHP-001581,Supplier_J,Chicago,Orlando,Rail,2154,6787.39,Clear,Moderate,High,14,12,0
SHP-001582,Supplier_U,San Jose,Las Vegas,Air,558,6842.58,Clear,Low,Critical,8,8,0
SHP-001583,Supplier_N,San Jose,Orlando,Road,307,6305.9,Snow,Low,Medium,5,5,0
SHP-001584,Supplier_D,San Diego,Denver,Rail,999,2697.71,Clear,High,Critical,8,7,0
SHP-001585,Supplier_E,San Jose,Nashville,Road,3561,438.11,Clear,Low,High,5,10,1
SHP-001586,Supplier_B,San Antonio,Denver,Road,3485,4582.89,Clear,Moderate,Critical,1,1,0
SHP-001587,Supplier_B,Dallas,Detroit,Rail,121,8915.19,Clear,Moderate,Low,12,12,0
SHP-001588,Supplier_J,Dallas,Nashville,Rail,509,5716.5,Snow,High,High,13,15,1
SHP-001589,Supplier_P,Phoenix,Nashville,Road,994,8332.29,Clear,Severe,High,11,14,1
SHP-001590,Supplier_D,Philadelphia,Miami,Sea,614,9916.66,Rain,Moderate,Critical,14,12,0
SHP-001591,Supplier_D,San Diego,Orlando,Road,4209,1677.98,Clear,Moderate,Low,11,10,0
SHP-001592,Supplier_H,Dallas,Seattle,Road,2234,6933.19,Rain,High,High,2,9,1
SHP-001593,Supplier_R,Houston,Atlanta,Sea,3695,6759.22,Storm,Moderate,High,14,14,0
SHP-001594,Supplier_E,Los Angeles,Boston,Rail,3056,9800.56,Storm,Low,High,6,12,1
SHP-001595,Supplier_M,San Diego,Atlanta,Road,1660,9856.73,Clear,Low,Low,3,10,1
SHP-001596,Supplier_O,Phoenix,Las Vegas,Road,1366,6882.45,Clear,Low,Medium,8,8,0
SHP-001597,Supplier_L,Philadelphia,Atlanta,Air,2269,2473.97,Clear,Moderate,Low,5,3,0
SHP-001598,Supplier_V,San Antonio,Las Vegas,Rail,3738,7995.63,Rain,High,High,3,1,0
SHP-001599,Supplier_X,Phoenix,Nashville,Air,849,1114.94,Rain,Low,Low,12,19,1
SHP-001600,Supplier_W,Chicago,Atlanta,Road,3527,7817.96,Rain,Low,Critical,10,8,0
SHP-001601,Supplier_R,Phoenix,Detroit,Air,4880,9106.45,Clear,Severe,High,7,6,0
SHP-001602,Supplier_N,New York,Atlanta,Air,2027,3859.19,Rain,High,Low,14,13,0
SHP-001603,Supplier_S,New York,Detroit,Sea,3904,6324.82,Clear,Moderate,Low,8,8,0
SHP-001604,Supplier_X,Dallas,Detroit,Air,3802,4329.92,Snow,Low,High,4,2,0
SHP-001605,Supplier_X,Chicago,Boston,Sea,2456,4405.76,Clear,Low,High,13,13,0
SHP-001606,Supplier_E,Philadelphia,Denver,Air,4890,3138.19,Snow,Low,Critical,13,16,1
SHP-001607,Supplier_N,Phoenix,Seattle,Sea,2435,7633.19,Clear,Low,High,11,11,0
SHP-001608,Supplier_U,San Diego,Boston,Road,406,9364.96,Clear,Low,Low,9,7,0
SHP-001609,Supplier_D,Dallas,Miami,Air,3765,9410.47,Snow,Moderate,Low,6,13,1
SHP-001610,Supplier_P,New York,Atlanta,Sea,2089,1789.07,Clear,Low,Critical,14,13,0
SHP-001611,Supplier_T,San Diego,Nashville,Sea,761,8753.7,Snow,Low,Medium,1,1,0
SHP-001612,Supplier_N,San Diego,Seattle,Air,4744,7387.44,Rain,Low,High,5,4,0
SHP-001613,Supplier_I,Phoenix,Nashville,Air,411,2565.73,Rain,Moderate,Critical,5,5,0
SHP-001614,Supplier_B,New York,Atlanta,Air,3020,719.48,Clear,Moderate,Critical,7,7,0
SHP-001615,Supplier_W,San Antonio,Atlanta,Air,1182,2716.57,Clear,Moderate,High,7,7,0
SHP-001616,Supplier_L,Phoenix,Denver,Road,3071,9126.47,Rain,Low,Medium,6,4,0
SHP-001617,Supplier_G,San Jose,Las Vegas,Air,854,6350.13,Clear,Low,Low,8,7,0
SHP-001618,Supplier_O,Houston,Boston,Sea,4230,7224.49,Rain,Low,Critical,2,1,0
SHP-001619,Supplier_O,New York,Orlando,Rail,4640,2608.67,Clear,Low,Low,14,12,0
SHP-001620,Supplier_H,Dallas,Portland,Road,452,7207.91,Clear,High,Medium,13,20,1
SHP-001621,Supplier_L,Philadelphia,Atlanta,Air,1002,329.81,Clear,Severe,Low,13,12,0
SHP-001622,Supplier_D,Houston,Las Vegas,Air,3988,3784.45,Clear,Moderate,High,7,7,0
SHP-001623,Supplier_V,San Antonio,Detroit,Air,258,6286.2,Clear,Severe,Medium,10,9,0
SHP-001624,Supplier_L,Dallas,Orlando,Sea,2077,1503.66,Snow,Moderate,Critical,7,9,1
SHP-001625,Supplier_R,San Antonio,Boston,Sea,1056,8238.89,Snow,Low,Medium,4,2,0
SHP-001626,Supplier_U,San Antonio,Las Vegas,Air,2171,2388.56,Clear,Severe,Low,12,12,0
SHP-001627,Supplier_L,Houston,Boston,Sea,503,6540.2,Fog,Low,Low,10,10,0
SHP-001628,Supplier_B,Chicago,Orlando,Air,4711,4081.71,Rain,Moderate,Critical,2,1,0
SHP-001629,Supplier_M,San Antonio,Atlanta,Air,2879,5980.63,Fog,Low,Low,4,10,1
SHP-001630,Supplier_I,San Antonio,Miami,Air,1487,1119.13,Snow,Low,Medium,4,2,0
SHP-001631,Supplier_G,Houston,Denver,Rail,3553,218.28,Snow,Moderate,Low,12,16,1
SHP-001632,Supplier_D,Phoenix,Detroit,Sea,1055,9100.17,Clear,Moderate,Medium,12,12,0
SHP-001633,Supplier_O,Los Angeles,Nashville,Sea,1812,2732.82,Clear,Low,High,6,5,0
SHP-001634,Supplier_C,San Antonio,Denver,Air,4803,8205.79,Clear,Low,Low,14,12,0
SHP-001635,Supplier_V,Houston,Detroit,Air,1373,9993.54,Snow,Low,Medium,7,5,0
SHP-001636,Supplier_G,Dallas,Las Vegas,Rail,3911,2153.74,Clear,Severe,Medium,3,9,1
SHP-001637,Supplier_U,San Jose,Las Vegas,Road,2725,2688.45,Snow,High,Critical,10,14,1
SHP-001638,Supplier_U,Phoenix,Orlando,Sea,2482,6645.45,Clear,Moderate,Critical,1,1,0
SHP-001639,Supplier_T,Phoenix,Nashville,Rail,1541,9656.21,Storm,Low,Critical,3,2,0
SHP-001640,Supplier_A,Dallas,Portland,Sea,3079,9162.35,Clear,High,Critical,9,14,1
SHP-001641,Supplier_B,Phoenix,Orlando,Rail,1897,5053.61,Clear,Low,Critical,1,1,0
SHP-001642,Supplier_Z,San Antonio,Denver,Sea,4490,7961.35,Clear,Low,Low,13,11,0
SHP-001643,Supplier_K,Houston,Boston,Rail,4109,1400.67,Clear,Low,Critical,8,7,0
SHP-001644,Supplier_H,Los Angeles,Miami,Road,4950,9775.51,Clear,High,Medium,2,3,1
SHP-001645,Supplier_E,Chicago,Las Vegas,Air,1494,9645.31,Snow,Low,Low,6,9,1
SHP-001646,Supplier_Z,Chicago,Denver,Rail,4381,1679.1,Clear,Low,Medium,3,2,0
SHP-001647,Supplier_S,Phoenix,Denver,Sea,1369,3029.26,Clear,Moderate,Critical,7,6,0
SHP-001648,Supplier_G,Los Angeles,Denver,Air,4832,1046.54,Storm,Low,Critical,2,7,1
SHP-001649,Supplier_C,San Diego,Nashville,Air,3814,2753.59,Clear,Moderate,Critical,4,3,0
SHP-001650,Supplier_Y,San Jose,Orlando,Sea,629,8168.76,Fog,Moderate,Medium,10,8,0
SHP-001651,Supplier_R,San Diego,Boston,Sea,3723,3814.24,Fog,Moderate,Low,9,7,0
SHP-001652,Supplier_G,Phoenix,Miami,Road,3058,929.55,Clear,Low,Medium,6,4,0
SHP-001653,Supplier_S,San Jose,Detroit,Sea,3014,3455.14,Clear,Low,Medium,4,3,0
SHP-001654,Supplier_G,San Diego,Seattle,Sea,4989,9814.76,Clear,High,Critical,2,3,1
SHP-001655,Supplier_H,Houston,Orlando,Air,3691,6315.35,Snow,High,Critical,10,9,0
SHP-001656,Supplier_K,Philadelphia,Nashville,Air,2247,4190.8,Rain,Low,Low,14,18,1
SHP-001657,Supplier_Y,New York,Portland,Sea,4673,1707.06,Rain,Low,Critical,9,8,0
SHP-001658,Supplier_E,Chicago,Denver,Sea,3469,9862.46,Snow,Low,High,4,9,1
SHP-001659,Supplier_Z,New York,Portland,Road,1039,8217.45,Clear,Moderate,Critical,9,7,0
SHP-001660,Supplier_T,Dallas,Detroit,Sea,625,2850.7,Storm,High,Critical,14,21,1
SHP-001661,Supplier_A,New York,Portland,Sea,101,747.18,Snow,Low,High,2,9,1
SHP-001662,Supplier_I,Chicago,Las Vegas,Rail,474,613.42,Rain,Moderate,Medium,7,6,0
SHP-001663,Supplier_E,Los Angeles,Boston,Road,2440,1247.76,Storm,High,Medium,11,12,1
SHP-001664,Supplier_E,Phoenix,Boston,Rail,4105,5828.65,Snow,Severe,High,11,15,1
SHP-001665,Supplier_R,Phoenix,Nashville,Road,3152,9291.2,Clear,Low,Medium,5,6,1
SHP-001666,Supplier_I,Chicago,Las Vegas,Sea,4748,4992.6,Clear,Low,Low,8,7,0
SHP-001667,Supplier_Z,San Diego,Seattle,Rail,2465,8437.31,Clear,Low,Low,11,11,0
SHP-001668,Supplier_F,New York,Boston,Road,1625,4486.57,Clear,High,Critical,14,20,1
SHP-001669,Supplier_D,Houston,Atlanta,Road,4576,7100.41,Fog,High,High,8,9,1
SHP-001670,Supplier_V,Los Angeles,Boston,Sea,1746,7332.13,Clear,Moderate,High,14,12,0
SHP-001671,Supplier_A,Chicago,Nashville,Air,113,1780.94,Rain,Low,Medium,14,17,1
SHP-001672,Supplier_E,New York,Detroit,Road,4699,3644.1,Rain,Low,Low,4,2,0
SHP-001673,Supplier_A,San Diego,Atlanta,Road,2378,6391.16,Clear,Low,High,13,17,1
SHP-001674,Supplier_L,Houston,Atlanta,Sea,3255,753.43,Fog,Moderate,Medium,4,3,0
SHP-001675,Supplier_Z,Philadelphia,Atlanta,Air,229,3647.32,Storm,Low,Medium,8,12,1
SHP-001676,Supplier_Z,San Antonio,Seattle,Air,3914,5371.25,Rain,Low,Low,3,1,0
SHP-001677,Supplier_H,Phoenix,Atlanta,Air,3316,9962.43,Clear,High,Medium,7,8,1
SHP-001678,Supplier_S,San Diego,Denver,Rail,3038,4771.61,Clear,Low,Low,8,6,0
SHP-001679,Supplier_K,Philadelphia,Orlando,Road,4028,8169.76,Clear,Moderate,Medium,8,9,1
SHP-001680,Supplier_A,San Diego,Miami,Air,2140,4349.07,Clear,Low,Low,11,11,0
SHP-001681,Supplier_F,New York,Atlanta,Rail,127,7974.09,Rain,High,Low,10,11,1
SHP-001682,Supplier_I,Philadelphia,Boston,Air,2213,5974.38,Fog,Moderate,High,4,9,1
SHP-001683,Supplier_B,Los Angeles,Las Vegas,Rail,1352,8871.62,Rain,Severe,Low,9,15,1
SHP-001684,Supplier_E,Chicago,Portland,Air,4456,4138.88,Storm,Moderate,High,10,13,1
SHP-001685,Supplier_X,New York,Miami,Air,2146,6062.83,Rain,Severe,Critical,4,11,1
SHP-001686,Supplier_N,Phoenix,Nashville,Road,4655,6318.69,Clear,High,Critical,8,7,0
SHP-001687,Supplier_Q,San Antonio,Las Vegas,Road,4123,4202.96,Storm,Moderate,High,6,4,0
SHP-001688,Supplier_D,Los Angeles,Denver,Air,4496,1485.9,Clear,Severe,High,5,5,0
SHP-001689,Supplier_X,Dallas,Portland,Road,3474,980.92,Storm,Low,Critical,4,11,1
SHP-001690,Supplier_C,San Diego,Portland,Road,3566,215.88,Clear,Low,High,5,10,1
SHP-001691,Supplier_P,Chicago,Las Vegas,Rail,3181,8741.67,Clear,Low,Critical,13,13,0
SHP-001692,Supplier_O,Houston,Las Vegas,Road,3878,2402.93,Storm,Moderate,Low,11,12,1
SHP-001693,Supplier_Y,Phoenix,Atlanta,Rail,729,2154.49,Rain,High,Low,1,2,1
SHP-001694,Supplier_L,San Antonio,Nashville,Road,369,7373.55,Storm,High,Low,7,11,1
SHP-001695,Supplier_Q,New York,Miami,Rail,2739,3234.16,Fog,Low,Medium,8,8,0
SHP-001696,Supplier_S,Los Angeles,Orlando,Road,2093,5085.14,Clear,Moderate,Critical,12,11,0
SHP-001697,Supplier_D,Houston,Seattle,Rail,2991,1666.99,Rain,Low,Critical,9,8,0
SHP-001698,Supplier_O,San Antonio,Miami,Road,3532,9599.47,Clear,Moderate,Critical,13,12,0
SHP-001699,Supplier_Q,San Diego,Nashville,Sea,1380,8523.23,Rain,Low,High,3,1,0
SHP-001700,Supplier_H,Houston,Las Vegas,Sea,2460,8644.71,Snow,Severe,High,9,8,0
SHP-001701,Supplier_T,New York,Detroit,Sea,675,4097.4,Clear,Low,Critical,10,9,0
SHP-001702,Supplier_B,Houston,Seattle,Air,1407,7635.49,Rain,Low,Critical,5,3,0
SHP-001703,Supplier_X,San Diego,Las Vegas,Road,3292,1481.57,Snow,High,Critical,10,11,1
SHP-001704,Supplier_Z,Los Angeles,Orlando,Rail,3278,135.76,Clear,Moderate,High,6,5,0
SHP-001705,Supplier_V,Dallas,Miami,Rail,2834,248.73,Storm,Low,Critical,1,8,1
SHP-001706,Supplier_Q,Houston,Orlando,Rail,2312,5886.69,Rain,Moderate,Critical,9,7,0
SHP-001707,Supplier_J,San Diego,Portland,Road,2452,4581.18,Fog,Low,High,9,8,0
SHP-001708,Supplier_O,San Antonio,Denver,Rail,3668,5204.25,Clear,Severe,Low,6,12,1
SHP-001709,Supplier_U,Phoenix,Las Vegas,Rail,1755,124.26,Clear,Moderate,Critical,8,7,0
SHP-001710,Supplier_A,Philadelphia,Seattle,Rail,1679,4255.73,Rain,Low,Medium,4,2,0
SHP-001711,Supplier_B,Chicago,Denver,Rail,2303,7194.78,Clear,Moderate,Critical,5,4,0
SHP-001712,Supplier_P,New York,Atlanta,Sea,1490,4454.8,Fog,Low,High,5,3,0
SHP-001713,Supplier_M,Dallas,Detroit,Sea,1842,7335.58,Clear,High,Critical,7,6,0
SHP-001714,Supplier_N,Dallas,Denver,Rail,2025,2368.54,Snow,Severe,Low,7,10,1
SHP-001715,Supplier_V,Los Angeles,Las Vegas,Rail,719,8140.76,Rain,High,High,7,6,0
SHP-001716,Supplier_D,Phoenix,Detroit,Air,1374,5904.89,Clear,Low,High,5,5,0
SHP-001717,Supplier_P,San Diego,Miami,Sea,1056,2147.09,Clear,Low,Low,4,2,0
SHP-001718,Supplier_W,Phoenix,Nashville,Road,2039,2405.37,Rain,Low,Low,8,12,1
SHP-001719,Supplier_O,Houston,Portland,Rail,4053,6298.9,Rain,Moderate,Critical,1,1,0
SHP-001720,Supplier_C,Philadelphia,Nashville,Sea,2481,8307.9,Clear,Moderate,Medium,1,1,0
SHP-001721,Supplier_C,New York,Denver,Rail,1068,4185.5,Fog,Moderate,High,6,5,0
SHP-001722,Supplier_K,Houston,Detroit,Road,1416,2620.09,Clear,Severe,High,2,1,0
SHP-001723,Supplier_T,Los Angeles,Atlanta,Air,1143,8676.77,Clear,Low,Medium,12,12,0
SHP-001724,Supplier_E,Houston,Detroit,Rail,381,6709.22,Rain,Low,Critical,3,2,0
SHP-001725,Supplier_C,San Antonio,Seattle,Sea,2944,4508.45,Clear,Low,Medium,4,3,0
SHP-001726,Supplier_E,Philadelphia,Las Vegas,Sea,1158,4904.61,Fog,Low,Low,14,13,0
SHP-001727,Supplier_I,New York,Atlanta,Sea,4393,2082.35,Clear,Low,Critical,2,2,0
SHP-001728,Supplier_T,Chicago,Boston,Sea,2632,6286.69,Clear,Moderate,High,10,9,0
SHP-001729,Supplier_U,Phoenix,Boston,Air,3928,3619.49,Clear,Low,Critical,7,5,0
SHP-001730,Supplier_S,San Jose,Portland,Air,1108,9956.67,Rain,Low,Medium,10,10,0
SHP-001731,Supplier_R,Los Angeles,Boston,Rail,1329,4827.83,Rain,High,Critical,1,7,1
SHP-001732,Supplier_W,San Antonio,Boston,Rail,1135,4884.56,Rain,Low,Critical,3,2,0
SHP-001733,Supplier_K,Houston,Seattle,Sea,4685,5680.23,Clear,Moderate,Low,2,1,0
SHP-001734,Supplier_M,New York,Miami,Road,375,9171.72,Clear,Low,Low,13,18,1
SHP-001735,Supplier_T,New York,Orlando,Road,2840,8018.14,Storm,Moderate,High,9,8,0
SHP-001736,Supplier_Q,San Jose,Nashville,Sea,2389,4538.74,Clear,Severe,Medium,8,15,1
SHP-001737,Supplier_J,San Diego,Seattle,Air,1339,7201.06,Storm,Low,Critical,3,2,0
SHP-001738,Supplier_O,San Jose,Boston,Rail,225,5883.04,Clear,Moderate,Medium,5,3,0
SHP-001739,Supplier_Q,Chicago,Las Vegas,Rail,4165,4949.05,Storm,High,High,3,9,1
SHP-001740,Supplier_T,Philadelphia,Miami,Sea,4412,1963.54,Clear,Moderate,Medium,14,13,0
SHP-001741,Supplier_N,Los Angeles,Portland,Road,3968,4666.17,Rain,Low,Low,11,18,1
SHP-001742,Supplier_D,Houston,Orlando,Road,1308,2495.89,Clear,Low,High,13,12,0
SHP-001743,Supplier_Z,Chicago,Portland,Sea,3349,9152.68,Clear,Moderate,Critical,12,10,0
SHP-001744,Supplier_W,San Diego,Miami,Sea,1018,3387.3,Clear,High,Low,11,16,1
SHP-001745,Supplier_D,Los Angeles,Detroit,Rail,4023,9525.03,Clear,Low,Medium,12,13,1
SHP-001746,Supplier_U,San Jose,Miami,Rail,4503,5353.9,Clear,Low,High,11,10,0
SHP-001747,Supplier_U,Philadelphia,Orlando,Rail,2069,6333.87,Rain,Low,High,6,6,0
SHP-001748,Supplier_Y,New York,Portland,Rail,2893,5452.26,Rain,Low,Low,5,11,1
SHP-001749,Supplier_R,New York,Detroit,Sea,991,1337.34,Snow,Low,Medium,11,13,1
SHP-001750,Supplier_X,Philadelphia,Boston,Rail,4570,3789.42,Rain,Low,Medium,2,1,0
SHP-001751,Supplier_G,Chicago,Detroit,Air,2133,1036.5,Rain,Low,Critical,14,12,0
SHP-001752,Supplier_N,Dallas,Atlanta,Road,1464,6248.39,Clear,Low,Critical,10,10,0
SHP-001753,Supplier_O,Los Angeles,Miami,Air,228,4496.4,Clear,Severe,Medium,8,7,0
SHP-001754,Supplier_H,Chicago,Detroit,Air,1114,7790.95,Clear,Low,Critical,6,4,0
SHP-001755,Supplier_N,San Diego,Denver,Road,1899,2243.68,Storm,Low,High,14,12,0
SHP-001756,Supplier_K,Houston,Nashville,Rail,4712,1687.43,Clear,Low,Medium,3,7,1
SHP-001757,Supplier_O,Philadelphia,Detroit,Road,1618,4093.01,Clear,Severe,Low,13,11,0
SHP-001758,Supplier_M,Dallas,Miami,Sea,4281,9269.52,Rain,High,High,13,13,0
SHP-001759,Supplier_N,Philadelphia,Atlanta,Sea,1298,7118.7,Clear,High,High,1,1,0
SHP-001760,Supplier_X,San Diego,Nashville,Rail,3973,4218.29,Storm,Low,High,5,12,1
SHP-001761,Supplier_D,Houston,Portland,Sea,2574,5196.86,Storm,High,Critical,12,10,0
SHP-001762,Supplier_K,New York,Seattle,Rail,3585,887.92,Clear,Moderate,High,11,9,0
SHP-001763,Supplier_N,San Antonio,Atlanta,Rail,4149,9846.53,Clear,Low,High,2,7,1
SHP-001764,Supplier_K,Philadelphia,Las Vegas,Air,3819,6680.75,Clear,Moderate,Critical,13,13,0
SHP-001765,Supplier_V,Chicago,Las Vegas,Road,402,2889.77,Rain,High,Critical,2,1,0
SHP-001766,Supplier_I,Phoenix,Denver,Sea,4052,5878.79,Clear,High,Medium,9,8,0
SHP-001767,Supplier_L,New York,Nashville,Road,4783,1139.35,Snow,High,High,11,12,1
SHP-001768,Supplier_E,San Diego,Atlanta,Road,1086,9660.07,Rain,Severe,High,13,11,0
SHP-001769,Supplier_V,San Diego,Portland,Rail,1963,1789.11,Clear,Low,High,10,10,0
SHP-001770,Supplier_P,Dallas,Miami,Air,4540,6497.9,Clear,Moderate,High,7,6,0
SHP-001771,Supplier_C,Phoenix,Denver,Sea,3172,2492.27,Snow,Low,Medium,6,8,1
SHP-001772,Supplier_C,Dallas,Boston,Road,3224,7189.74,Clear,High,High,13,13,0
SHP-001773,Supplier_C,San Diego,Seattle,Road,1427,7779.37,Storm,Low,High,1,4,1
SHP-001774,Supplier_C,Houston,Portland,Road,2508,6750.53,Clear,High,Low,14,15,1
SHP-001775,Supplier_N,San Jose,Nashville,Sea,3773,6164.27,Rain,Low,High,10,9,0
SHP-001776,Supplier_D,Chicago,Detroit,Road,3391,8930.07,Storm,Low,Low,2,9,1
SHP-001777,Supplier_X,Dallas,Boston,Rail,4133,832.34,Storm,Low,Critical,11,9,0
SHP-001778,Supplier_X,Philadelphia,Detroit,Air,803,3342.6,Clear,Low,Medium,7,7,0
SHP-001779,Supplier_L,Philadelphia,Nashville,Air,674,2520.46,Clear,High,Medium,3,1,0
SHP-001780,Supplier_Z,San Diego,Denver,Rail,3332,9880.74,Snow,Low,High,2,1,0
SHP-001781,Supplier_E,Phoenix,Las Vegas,Road,4883,3924.43,Clear,Moderate,High,6,13,1
SHP-001782,Supplier_R,San Jose,Boston,Rail,2732,7339.5,Clear,Low,Critical,8,8,0
SHP-001783,Supplier_B,Dallas,Atlanta,Sea,3928,6863.02,Fog,Low,High,8,8,0
SHP-001784,Supplier_S,Chicago,Portland,Sea,3330,2160.21,Clear,Low,Medium,11,9,0
SHP-001785,Supplier_R,Los Angeles,Portland,Road,588,2428.03,Clear,Low,High,2,2,0
SHP-001786,Supplier_R,Dallas,Denver,Sea,1447,2848.78,Clear,High,Critical,6,6,0
SHP-001787,Supplier_K,Chicago,Denver,Road,3781,4140.72,Rain,Moderate,High,12,11,0
SHP-001788,Supplier_V,San Diego,Detroit,Rail,3273,2381.53,Rain,Low,Low,5,9,1
SHP-001789,Supplier_D,Phoenix,Nashville,Road,4689,245.53,Clear,Moderate,Medium,7,6,0
SHP-001790,Supplier_N,Phoenix,Miami,Road,1767,8799.96,Clear,Low,Medium,4,2,0
SHP-001791,Supplier_L,Dallas,Detroit,Road,1737,9657.82,Clear,Low,Medium,12,10,0
SHP-001792,Supplier_V,Philadelphia,Seattle,Sea,4214,3448.63,Rain,Moderate,Low,13,16,1
SHP-001793,Supplier_Y,San Diego,Atlanta,Sea,3653,3418.14,Clear,Low,High,2,2,0
SHP-001794,Supplier_N,New York,Seattle,Road,1100,120.56,Fog,Moderate,Critical,10,8,0
SHP-001795,Supplier_X,Dallas,Boston,Sea,950,6818.49,Clear,Moderate,Medium,3,2,0
SHP-001796,Supplier_B,San Antonio,Miami,Sea,1488,8263.13,Fog,High,Critical,9,10,1
SHP-001797,Supplier_J,Chicago,Denver,Sea,3812,1508.75,Clear,Severe,Medium,10,17,1
SHP-001798,Supplier_T,New York,Nashville,Rail,1467,1638.68,Snow,Low,High,8,8,0
SHP-001799,Supplier_J,San Jose,Nashville,Rail,921,7911.33,Clear,Low,Low,13,11,0
SHP-001800,Supplier_L,Philadelphia,Detroit,Air,554,6182.09,Clear,Low,Medium,9,11,1
SHP-001801,Supplier_D,San Jose,Miami,Road,1724,496.36,Storm,Low,Medium,5,6,1
SHP-001802,Supplier_S,Houston,Denver,Air,2872,6244.34,Storm,High,Low,13,16,1
SHP-001803,Supplier_Q,Philadelphia,Seattle,Rail,3826,3123.73,Clear,High,Low,5,8,1
SHP-001804,Supplier_G,Los Angeles,Portland,Sea,3247,3718.82,Snow,Moderate,Critical,7,13,1
SHP-001805,Supplier_E,Dallas,Boston,Road,4189,7708.83,Rain,Moderate,Medium,7,11,1
SHP-001806,Supplier_V,San Antonio,Atlanta,Air,4906,8118.81,Storm,Low,Low,1,1,0
SHP-001807,Supplier_P,Houston,Nashville,Rail,2290,4033.55,Clear,Moderate,Medium,12,14,1
SHP-001808,Supplier_H,Dallas,Portland,Rail,1016,9474.17,Rain,High,Low,14,14,0
SHP-001809,Supplier_D,San Diego,Las Vegas,Road,4086,4094.3,Clear,Moderate,Critical,5,5,0
SHP-001810,Supplier_L,Dallas,Portland,Air,2975,7729.77,Clear,Low,Low,8,7,0
SHP-001811,Supplier_R,Chicago,Denver,Rail,1540,4864.58,Storm,Moderate,Critical,7,14,1
SHP-001812,Supplier_L,San Jose,Detroit,Rail,4500,8980.45,Clear,Low,High,11,12,1
SHP-001813,Supplier_D,Phoenix,Nashville,Sea,835,9082.22,Clear,Moderate,High,2,1,0
SHP-001814,Supplier_Y,Philadelphia,Las Vegas,Road,3668,919.8,Rain,Moderate,High,14,13,0
SHP-001815,Supplier_I,San Antonio,Nashville,Sea,3438,9368.11,Rain,Low,Medium,8,6,0
SHP-001816,Supplier_S,Philadelphia,Denver,Road,3115,8264.07,Clear,High,High,2,6,1
SHP-001817,Supplier_H,Los Angeles,Atlanta,Air,2989,7923.54,Clear,High,Critical,10,11,1
SHP-001818,Supplier_Z,Los Angeles,Atlanta,Rail,1061,2049.07,Fog,Low,High,1,1,0
SHP-001819,Supplier_N,Dallas,Miami,Sea,3089,8060.94,Clear,Severe,High,11,14,1
SHP-001820,Supplier_R,Los Angeles,Denver,Sea,3948,8508.82,Rain,Moderate,Critical,11,9,0
SHP-001821,Supplier_Y,New York,Denver,Air,1126,2927.05,Snow,High,Medium,14,12,0
SHP-001822,Supplier_T,Chicago,Detroit,Road,3965,9524.99,Clear,High,Medium,11,13,1
SHP-001823,Supplier_T,Chicago,Las Vegas,Road,2963,546.11,Fog,Moderate,Low,3,8,1
SHP-001824,Supplier_V,New York,Miami,Rail,2601,1541.6,Snow,High,Medium,3,7,1
SHP-001825,Supplier_U,Houston,Seattle,Sea,2047,5398.93,Clear,Low,Low,6,6,0
SHP-001826,Supplier_R,Los Angeles,Miami,Road,1277,5779.14,Rain,Low,Low,12,11,0
SHP-001827,Supplier_A,San Diego,Detroit,Road,4860,6469.24,Rain,Moderate,High,3,10,1
SHP-001828,Supplier_T,Houston,Nashville,Rail,111,218.84,Rain,High,High,7,5,0
SHP-001829,Supplier_V,Los Angeles,Orlando,Road,4499,9605.65,Storm,High,Critical,8,9,1
SHP-001830,Supplier_W,New York,Miami,Sea,3464,493.65,Clear,Moderate,High,3,2,0
SHP-001831,Supplier_I,San Jose,Nashville,Sea,3122,1473.47,Clear,Moderate,Critical,9,8,0
SHP-001832,Supplier_A,San Antonio,Portland,Air,3471,189.44,Clear,Low,Low,1,1,0
SHP-001833,Supplier_F,San Diego,Boston,Road,2930,5690.24,Clear,Severe,Medium,3,1,0
SHP-001834,Supplier_I,Dallas,Boston,Air,142,9326.06,Clear,Low,Medium,12,12,0
SHP-001835,Supplier_W,San Jose,Portland,Sea,1043,6676.17,Storm,High,Low,3,1,0
SHP-001836,Supplier_Y,San Jose,Atlanta,Road,2490,8235.44,Rain,Moderate,Low,7,6,0
SHP-001837,Supplier_J,Phoenix,Nashville,Sea,2645,182.15,Rain,Moderate,Medium,11,11,0
SHP-001838,Supplier_K,New York,Seattle,Rail,2511,5443.05,Rain,Low,High,11,11,0
SHP-001839,Supplier_L,Philadelphia,Orlando,Rail,1104,4622.65,Storm,Severe,Low,5,7,1
SHP-001840,Supplier_A,Houston,Denver,Air,120,5014.73,Clear,Moderate,Medium,4,2,0
SHP-001841,Supplier_F,San Jose,Las Vegas,Road,506,768.52,Storm,Severe,Low,2,2,0
SHP-001842,Supplier_E,Los Angeles,Denver,Road,1114,6860.13,Clear,Low,Medium,7,6,0
SHP-001843,Supplier_S,New York,Seattle,Sea,4531,5057.04,Fog,Moderate,Critical,3,3,0
SHP-001844,Supplier_V,Houston,Boston,Sea,1938,7663.23,Rain,High,High,7,5,0
SHP-001845,Supplier_M,San Diego,Atlanta,Road,3288,4878.64,Clear,High,Critical,10,12,1
SHP-001846,Supplier_C,Los Angeles,Boston,Air,814,1536.35,Rain,Severe,High,12,19,1
SHP-001847,Supplier_E,San Diego,Seattle,Air,4246,6500.16,Rain,Low,Critical,7,6,0
SHP-001848,Supplier_X,New York,Nashville,Rail,3954,1765.24,Clear,Low,Medium,11,9,0
SHP-001849,Supplier_U,Philadelphia,Seattle,Air,4519,8730.33,Rain,Moderate,High,2,2,0
SHP-001850,Supplier_A,Dallas,Portland,Road,4984,6150.51,Clear,Low,High,7,7,0
SHP-001851,Supplier_C,San Antonio,Atlanta,Rail,240,1614.18,Clear,Severe,Critical,6,9,1
SHP-001852,Supplier_X,Philadelphia,Las Vegas,Sea,4665,9625.26,Fog,Low,Low,10,13,1
SHP-001853,Supplier_Q,New York,Orlando,Rail,4982,5207.74,Rain,Moderate,Critical,4,3,0
SHP-001854,Supplier_G,San Jose,Denver,Rail,1063,775.34,Storm,Low,Low,11,13,1
SHP-001855,Supplier_M,Phoenix,Seattle,Sea,472,6286.99,Rain,Moderate,Medium,5,5,0
SHP-001856,Supplier_N,Dallas,Orlando,Rail,3735,2569.33,Clear,Low,Low,12,15,1
SHP-001857,Supplier_O,New York,Denver,Road,2641,8046.75,Rain,Low,High,8,9,1
SHP-001858,Supplier_K,Los Angeles,Seattle,Air,3710,8187.33,Rain,Low,High,5,3,0
SHP-001859,Supplier_F,Phoenix,Atlanta,Road,1792,9790.53,Fog,Low,High,3,3,0
SHP-001860,Supplier_L,Los Angeles,Denver,Rail,205,5043.6,Clear,Severe,Medium,2,2,0
SHP-001861,Supplier_J,Houston,Nashville,Road,1781,4576.82,Storm,Low,High,6,6,0
SHP-001862,Supplier_X,Dallas,Miami,Sea,4197,7547.08,Fog,Moderate,High,6,4,0
SHP-001863,Supplier_K,Los Angeles,Boston,Rail,4116,1368.08,Rain,Severe,Critical,7,14,1
SHP-001864,Supplier_Y,Los Angeles,Seattle,Road,2736,5491.81,Fog,High,Critical,8,9,1
SHP-001865,Supplier_S,Houston,Denver,Sea,2237,5485.16,Clear,Severe,Medium,4,4,0
SHP-001866,Supplier_T,Dallas,Nashville,Sea,3516,940.26,Fog,Severe,Low,12,10,0
SHP-001867,Supplier_C,San Antonio,Miami,Road,4545,4208.94,Snow,Moderate,Low,8,9,1
SHP-001868,Supplier_B,Houston,Orlando,Air,3630,8540.18,Clear,Moderate,Medium,12,12,0
SHP-001869,Supplier_E,Houston,Seattle,Air,1386,8568.73,Fog,Low,High,1,1,0
SHP-001870,Supplier_F,Dallas,Atlanta,Air,3279,1037.41,Clear,Moderate,Low,6,4,0
SHP-001871,Supplier_Y,Houston,Miami,Road,3754,952.67,Clear,High,Medium,6,12,1
SHP-001872,Supplier_T,San Jose,Nashville,Rail,2459,2663.82,Rain,Moderate,High,3,1,0
SHP-001873,Supplier_B,Chicago,Nashville,Road,544,8753.92,Clear,High,Medium,9,16,1
SHP-001874,Supplier_V,Dallas,Las Vegas,Sea,135,1332.58,Clear,High,Medium,12,12,0
SHP-001875,Supplier_C,Dallas,Boston,Road,1575,7213.97,Storm,Low,Critical,12,12,0
SHP-001876,Supplier_I,San Antonio,Seattle,Rail,4057,1056.6,Clear,High,Medium,5,3,0
SHP-001877,Supplier_O,Los Angeles,Seattle,Air,1898,6250.22,Clear,Moderate,Medium,1,1,0
SHP-001878,Supplier_V,San Jose,Detroit,Rail,1945,3592.87,Clear,Low,Low,7,5,0
SHP-001879,Supplier_N,Philadelphia,Nashville,Road,1508,7899.69,Clear,High,Medium,10,11,1
SHP-001880,Supplier_P,San Diego,Portland,Rail,1808,2375.22,Snow,Moderate,Medium,14,13,0
SHP-001881,Supplier_T,San Antonio,Miami,Sea,3038,6410.06,Snow,High,High,3,8,1
SHP-001882,Supplier_O,Los Angeles,Las Vegas,Road,1400,2395.04,Fog,Moderate,Critical,10,10,0
SHP-001883,Supplier_N,Chicago,Nashville,Air,1343,7150.92,Rain,Low,High,10,10,0
SHP-001884,Supplier_I,Chicago,Miami,Road,4076,8743.1,Clear,High,Medium,11,12,1
SHP-001885,Supplier_G,Dallas,Boston,Road,3197,1311.68,Fog,Moderate,High,4,3,0
SHP-001886,Supplier_Y,San Antonio,Atlanta,Air,4716,8672.63,Snow,Low,Critical,6,10,1
SHP-001887,Supplier_Q,Dallas,Boston,Air,109,5956.07,Rain,Low,Medium,8,7,0
SHP-001888,Supplier_D,Philadelphia,Detroit,Sea,2525,1314.75,Rain,High,Low,13,14,1
SHP-001889,Supplier_L,Chicago,Boston,Rail,1760,4304.04,Fog,Low,Low,4,2,0
SHP-001890,Supplier_N,Dallas,Detroit,Air,2731,1650.56,Snow,High,High,12,16,1
SHP-001891,Supplier_D,San Jose,Nashville,Air,4915,7018.46,Clear,Low,Medium,9,8,0
SHP-001892,Supplier_J,San Diego,Seattle,Sea,1172,7600.74,Snow,Moderate,Critical,8,7,0
SHP-001893,Supplier_V,Philadelphia,Detroit,Sea,3325,1102.68,Clear,Severe,Critical,10,8,0
SHP-001894,Supplier_V,Philadelphia,Miami,Air,1416,5086.09,Clear,Low,Critical,10,8,0
SHP-001895,Supplier_S,Dallas,Denver,Sea,4245,8155.52,Clear,Moderate,Low,6,13,1
SHP-001896,Supplier_P,Philadelphia,Miami,Sea,3783,9364.82,Clear,High,Low,7,10,1
SHP-001897,Supplier_Q,Philadelphia,Miami,Air,3373,5159.5,Clear,High,High,8,9,1
SHP-001898,Supplier_V,San Antonio,Miami,Road,245,9505.28,Clear,Moderate,Medium,2,4,1
SHP-001899,Supplier_J,San Antonio,Detroit,Road,3140,5380.11,Rain,Moderate,High,5,12,1
SHP-001900,Supplier_B,Philadelphia,Seattle,Road,1562,3972.2,Storm,High,Critical,13,19,1
SHP-001901,Supplier_H,San Jose,Boston,Air,4776,8489.62,Fog,High,Low,7,7,0
SHP-001902,Supplier_M,Houston,Portland,Rail,1684,4955.18,Clear,High,Medium,8,6,0
SHP-001903,Supplier_T,San Jose,Boston,Road,582,4745.43,Rain,Low,Low,5,5,0
SHP-001904,Supplier_B,Dallas,Orlando,Air,3279,4928.61,Fog,Severe,Critical,3,2,0
SHP-001905,Supplier_A,Houston,Atlanta,Rail,1349,8475.51,Clear,Moderate,Critical,6,6,0
SHP-001906,Supplier_G,San Antonio,Nashville,Rail,4868,8327.82,Snow,Low,High,5,8,1
SHP-001907,Supplier_J,Dallas,Denver,Air,730,4065.02,Snow,Low,Low,8,7,0
SHP-001908,Supplier_G,Phoenix,Boston,Rail,761,3366.33,Clear,Low,Critical,9,9,0
SHP-001909,Supplier_Y,Philadelphia,Portland,Rail,3603,4944.68,Storm,Low,High,9,16,1
SHP-001910,Supplier_E,San Diego,Detroit,Sea,2952,5749.09,Storm,Low,Medium,12,13,1
SHP-001911,Supplier_Y,San Diego,Detroit,Air,2566,2421.46,Clear,Low,Low,12,10,0
SHP-001912,Supplier_I,San Antonio,Boston,Sea,1087,7949.85,Clear,Moderate,High,6,5,0
SHP-001913,Supplier_J,New York,Atlanta,Rail,1646,4890.5,Clear,Low,Medium,4,2,0
SHP-001914,Supplier_K,New York,Atlanta,Sea,749,3373.75,Clear,Low,High,4,3,0
SHP-001915,Supplier_D,Phoenix,Miami,Air,1068,1112.87,Rain,Low,Low,9,9,0
SHP-001916,Supplier_A,San Jose,Las Vegas,Road,2737,2426.51,Rain,Low,Medium,4,2,0
SHP-001917,Supplier_P,New York,Denver,Sea,1200,9495.35,Clear,Low,Medium,8,7,0
SHP-001918,Supplier_X,Dallas,Detroit,Sea,540,3085.74,Fog,Moderate,High,9,9,0
SHP-001919,Supplier_N,Chicago,Detroit,Air,869,1730.15,Clear,Severe,Low,5,7,1
SHP-001920,Supplier_F,Phoenix,Detroit,Air,1443,4633.69,Clear,High,Medium,13,11,0
SHP-001921,Supplier_E,New York,Orlando,Air,4458,3105.52,Clear,High,Medium,6,8,1
SHP-001922,Supplier_M,Phoenix,Las Vegas,Sea,3829,399.83,Rain,Low,High,3,10,1
SHP-001923,Supplier_R,Houston,Orlando,Rail,4006,3265.29,Clear,Low,Critical,12,12,0
SHP-001924,Supplier_W,Houston,Detroit,Air,1677,5463.88,Clear,Low,Critical,5,4,0
SHP-001925,Supplier_H,Philadelphia,Seattle,Air,4108,5539.54,Clear,High,High,5,5,0
SHP-001926,Supplier_Q,New York,Boston,Sea,3451,3597.76,Storm,Low,Medium,14,14,0
SHP-001927,Supplier_R,Phoenix,Seattle,Sea,4895,4500.66,Fog,Moderate,Critical,2,2,0
SHP-001928,Supplier_V,Dallas,Orlando,Sea,2449,9656.9,Clear,Low,High,10,8,0
SHP-001929,Supplier_Z,Dallas,Nashville,Sea,3702,3804.62,Clear,Low,Medium,6,5,0
SHP-001930,Supplier_L,Dallas,Atlanta,Road,1341,2619.36,Rain,Severe,Medium,9,9,0
SHP-001931,Supplier_C,San Jose,Atlanta,Road,1225,2472.5,Snow,High,Medium,11,16,1
SHP-001932,Supplier_M,San Jose,Denver,Rail,2701,4604.76,Clear,High,Medium,7,5,0
SHP-001933,Supplier_X,Chicago,Orlando,Rail,1290,7607.23,Fog,Moderate,Medium,14,12,0
SHP-001934,Supplier_B,Los Angeles,Atlanta,Air,4231,2099.58,Rain,High,Medium,8,9,1
SHP-001935,Supplier_N,New York,Miami,Road,4939,7107.5,Clear,Moderate,Low,2,1,0
SHP-001936,Supplier_A,San Diego,Orlando,Rail,4548,260.44,Rain,Severe,Medium,11,18,1
SHP-001937,Supplier_O,Philadelphia,Seattle,Air,172,4218.38,Fog,Low,Low,13,18,1
SHP-001938,Supplier_C,Chicago,Seattle,Rail,2014,7769.86,Snow,Moderate,Medium,14,20,1
SHP-001939,Supplier_K,Chicago,Portland,Air,2572,3420.39,Clear,Moderate,High,9,7,0
SHP-001940,Supplier_S,Phoenix,Atlanta,Air,3146,5659.18,Clear,Low,Critical,3,2,0
SHP-001941,Supplier_N,Philadelphia,Atlanta,Sea,807,2089.54,Clear,High,Low,10,8,0
SHP-001942,Supplier_S,San Jose,Las Vegas,Air,1904,7432.85,Clear,Severe,Medium,5,6,1
SHP-001943,Supplier_M,Houston,Orlando,Sea,3813,570.18,Snow,Moderate,Medium,14,19,1
SHP-001944,Supplier_W,Houston,Detroit,Sea,2664,8532.8,Storm,Low,Low,7,6,0
SHP-001945,Supplier_U,Phoenix,Boston,Rail,2575,2022.05,Snow,Moderate,Medium,4,8,1
SHP-001946,Supplier_N,Phoenix,Portland,Air,3710,8750.26,Fog,High,Low,7,8,1
SHP-001947,Supplier_J,Los Angeles,Seattle,Road,4355,3557.67,Clear,Moderate,Medium,8,11,1
SHP-001948,Supplier_D,San Jose,Las Vegas,Air,2923,7240.7,Storm,Low,Medium,13,16,1
SHP-001949,Supplier_M,San Antonio,Denver,Road,1835,3226.29,Snow,Moderate,High,10,10,0
SHP-001950,Supplier_A,San Jose,Miami,Sea,1685,9063.82,Clear,Low,Critical,14,13,0
SHP-001951,Supplier_K,Houston,Denver,Rail,166,1310.04,Snow,High,Critical,10,9,0
SHP-001952,Supplier_F,Los Angeles,Seattle,Sea,3161,1826.27,Clear,Low,Critical,4,4,0
SHP-001953,Supplier_Z,Philadelphia,Nashville,Sea,2528,4955.65,Snow,Moderate,Low,5,8,1
SHP-001954,Supplier_T,San Diego,Las Vegas,Air,4253,865.29,Rain,High,Low,11,11,0
SHP-001955,Supplier_O,Chicago,Boston,Road,441,2000.0,Clear,Low,Critical,3,1,0
SHP-001956,Supplier_W,San Diego,Las Vegas,Road,2874,9440.48,Rain,Low,Critical,5,3,0
SHP-001957,Supplier_L,San Jose,Detroit,Road,2917,9766.07,Rain,Low,High,8,8,0
SHP-001958,Supplier_C,Los Angeles,Detroit,Rail,2761,3793.78,Clear,Low,Low,3,4,1
SHP-001959,Supplier_N,San Jose,Portland,Sea,1332,9236.7,Clear,Low,Critical,14,14,0
SHP-001960,Supplier_D,Phoenix,Atlanta,Sea,3974,5471.01,Clear,Severe,Critical,13,11,0
SHP-001961,Supplier_H,New York,Nashville,Road,2501,2733.94,Rain,High,Medium,5,3,0
SHP-001962,Supplier_N,San Jose,Atlanta,Road,1594,7038.87,Storm,High,Critical,10,16,1
SHP-001963,Supplier_S,San Antonio,Portland,Sea,4311,6606.07,Fog,Severe,High,1,4,1
SHP-001964,Supplier_M,Los Angeles,Nashville,Road,761,9891.8,Rain,Low,High,2,1,0
SHP-001965,Supplier_Q,New York,Las Vegas,Road,3983,2687.22,Snow,Low,Medium,3,5,1
SHP-001966,Supplier_C,Philadelphia,Las Vegas,Rail,3719,6736.99,Clear,Low,Low,1,1,0
SHP-001967,Supplier_M,Philadelphia,Miami,Air,1968,567.64,Snow,High,Medium,13,20,1
SHP-001968,Supplier_J,San Antonio,Denver,Road,2434,1180.78,Clear,Moderate,High,11,13,1
SHP-001969,Supplier_X,San Antonio,Orlando,Rail,3474,88.99,Clear,Low,High,12,11,0
SHP-001970,Supplier_K,Los Angeles,Boston,Air,1116,9994.63,Rain,Low,Medium,11,15,1
SHP-001971,Supplier_H,Houston,Denver,Rail,4506,8032.62,Clear,Moderate,Low,9,7,0
SHP-001972,Supplier_K,San Jose,Boston,Rail,307,7877.89,Snow,Moderate,Low,9,7,0
SHP-001973,Supplier_Y,New York,Miami,Sea,2765,5121.77,Storm,High,Medium,5,10,1
SHP-001974,Supplier_F,San Antonio,Orlando,Sea,2593,3035.67,Clear,Low,Medium,14,14,0
SHP-001975,Supplier_C,New York,Miami,Air,732,1555.08,Clear,Severe,High,4,4,0
SHP-001976,Supplier_Q,Phoenix,Seattle,Air,2202,2882.51,Storm,Moderate,Critical,5,4,0
SHP-001977,Supplier_U,Dallas,Nashville,Rail,3059,3790.91,Snow,High,Medium,4,10,1
SHP-001978,Supplier_D,New York,Portland,Air,3183,7575.29,Clear,Severe,Medium,12,11,0
SHP-001979,Supplier_Q,Philadelphia,Las Vegas,Sea,4852,5419.63,Clear,Severe,Low,5,4,0
SHP-001980,Supplier_Q,Dallas,Las Vegas,Sea,2031,820.96,Rain,Low,Medium,7,7,0
SHP-001981,Supplier_G,San Jose,Atlanta,Road,3819,229.39,Rain,Low,High,11,10,0
SHP-001982,Supplier_Y,Chicago,Denver,Sea,2662,1068.21,Clear,Moderate,Medium,8,8,0
SHP-001983,Supplier_L,Philadelphia,Portland,Road,1779,4134.46,Clear,Moderate,Low,2,1,0
SHP-001984,Supplier_L,Dallas,Las Vegas,Road,336,9335.27,Storm,Moderate,Medium,4,4,0
SHP-001985,Supplier_X,Houston,Nashville,Rail,4543,6392.15,Rain,Severe,High,8,10,1
SHP-001986,Supplier_U,Chicago,Las Vegas,Air,4825,8028.17,Fog,Low,Critical,7,5,0
SHP-001987,Supplier_E,New York,Nashville,Sea,1640,4690.43,Snow,Moderate,Low,9,8,0
SHP-001988,Supplier_H,San Antonio,Nashville,Road,4043,3648.58,Fog,Low,Low,5,5,0
SHP-001989,Supplier_D,San Diego,Orlando,Sea,463,1128.58,Clear,High,Low,6,13,1
SHP-001990,Supplier_E,San Jose,Boston,Air,2468,8765.53,Snow,Severe,Critical,11,15,1
SHP-001991,Supplier_I,San Jose,Seattle,Road,385,7842.44,Clear,Moderate,Medium,8,7,0
SHP-001992,Supplier_G,Dallas,Denver,Air,248,1722.78,Rain,Low,Medium,12,12,0
SHP-001993,Supplier_F,Los Angeles,Miami,Sea,4137,5146.99,Clear,High,Medium,14,20,1
SHP-001994,Supplier_T,Houston,Denver,Sea,4651,4899.38,Clear,Moderate,High,11,10,0
SHP-001995,Supplier_E,San Antonio,Orlando,Road,1866,6269.66,Storm,Low,Low,5,6,1
SHP-001996,Supplier_Y,Phoenix,Seattle,Sea,4995,9464.56,Storm,High,High,14,16,1
SHP-001997,Supplier_Y,San Antonio,Orlando,Rail,1112,5818.73,Clear,Severe,Low,9,9,0
SHP-001998,Supplier_U,Chicago,Miami,Rail,2931,5425.16,Rain,Moderate,Critical,4,3,0
SHP-001999,Supplier_C,Chicago,Las Vegas,Road,2607,550.71,Clear,Moderate,Critical,8,8,0
SHP-002000,Supplier_F,Philadelphia,Portland,Rail,1623,675.93,Clear,Low,High,12,10,0
SHP-002001,Supplier_Y,Los Angeles,Las Vegas,Rail,2885,1914.1,Storm,Moderate,Critical,14,14,0
SHP-002002,Supplier_U,San Diego,Las Vegas,Sea,2656,373.08,Clear,Moderate,Low,3,2,0
SHP-002003,Supplier_P,San Jose,Boston,Rail,3825,7446.36,Fog,Low,Critical,5,6,1
SHP-002004,Supplier_O,New York,Boston,Rail,4676,7247.14,Clear,Low,Critical,8,7,0
SHP-002005,Supplier_Y,Dallas,Seattle,Road,1701,1403.76,Rain,Low,High,10,8,0
SHP-002006,Supplier_S,San Antonio,Boston,Sea,2508,8368.99,Rain,Low,High,12,11,0
SHP-002007,Supplier_Y,Phoenix,Boston,Air,440,1590.12,Clear,Moderate,Critical,7,6,0
SHP-002008,Supplier_S,Los Angeles,Las Vegas,Air,2917,3046.7,Clear,Moderate,Low,1,1,0
SHP-002009,Supplier_O,San Antonio,Atlanta,Air,2596,2527.32,Storm,Moderate,Medium,12,17,1
SHP-002010,Supplier_V,Dallas,Denver,Air,1825,3754.46,Snow,Low,High,4,4,0
SHP-002011,Supplier_S,San Antonio,Seattle,Air,1789,2583.9,Clear,Moderate,Low,2,5,1
SHP-002012,Supplier_U,Chicago,Miami,Air,3367,4915.06,Rain,High,Critical,2,1,0
SHP-002013,Supplier_U,Chicago,Las Vegas,Road,4506,4103.71,Clear,Moderate,High,13,11,0
SHP-002014,Supplier_T,San Diego,Seattle,Air,361,9866.37,Clear,Severe,Medium,7,13,1
SHP-002015,Supplier_K,Dallas,Boston,Road,1542,606.47,Clear,Moderate,Critical,12,12,0
SHP-002016,Supplier_U,Houston,Miami,Rail,505,1464.7,Clear,Moderate,Medium,12,10,0
SHP-002017,Supplier_K,San Diego,Denver,Rail,2290,575.62,Storm,Low,Critical,3,1,0
SHP-002018,Supplier_E,San Antonio,Boston,Sea,4537,6277.12,Snow,Moderate,Medium,3,1,0
SHP-002019,Supplier_O,San Jose,Denver,Air,343,592.37,Fog,High,High,6,4,0
SHP-002020,Supplier_C,Houston,Boston,Air,4685,8372.58,Rain,Severe,Low,6,12,1
SHP-002021,Supplier_P,Dallas,Miami,Road,4207,5143.79,Fog,Severe,Medium,1,2,1
SHP-002022,Supplier_O,San Jose,Seattle,Sea,660,5293.73,Rain,Low,Medium,1,1,0
SHP-002023,Supplier_U,Dallas,Seattle,Sea,4237,5637.87,Rain,Moderate,High,11,11,0
SHP-002024,Supplier_J,Houston,Las Vegas,Rail,2825,1749.6,Fog,Moderate,Low,6,6,0
SHP-002025,Supplier_Z,Houston,Atlanta,Road,693,2017.02,Rain,Moderate,High,7,5,0
SHP-002026,Supplier_I,Los Angeles,Miami,Air,1926,3222.23,Clear,Low,Critical,9,9,0
SHP-002027,Supplier_S,Phoenix,Detroit,Road,3329,5955.29,Snow,High,Critical,4,8,1
SHP-002028,Supplier_B,San Antonio,Orlando,Rail,3387,2140.67,Fog,Severe,High,14,19,1
SHP-002029,Supplier_L,Philadelphia,Detroit,Air,4173,1207.5,Snow,Moderate,High,10,14,1
SHP-002030,Supplier_Q,San Jose,Detroit,Road,233,9702.66,Rain,Low,Medium,6,8,1
SHP-002031,Supplier_C,Los Angeles,Atlanta,Air,3238,268.72,Rain,Low,Medium,12,17,1
SHP-002032,Supplier_J,Los Angeles,Las Vegas,Air,4019,8036.84,Fog,Moderate,Critical,3,1,0
SHP-002033,Supplier_O,San Antonio,Boston,Road,172,7890.95,Clear,Low,Medium,13,12,0
SHP-002034,Supplier_O,San Antonio,Denver,Sea,4594,3007.28,Rain,Severe,Medium,13,12,0
SHP-002035,Supplier_B,Philadelphia,Nashville,Road,4325,1399.48,Clear,Moderate,Critical,11,10,0
SHP-002036,Supplier_B,Philadelphia,Orlando,Rail,3078,1499.01,Rain,Moderate,Low,4,2,0
SHP-002037,Supplier_L,Houston,Boston,Sea,4461,6989.44,Rain,Moderate,Medium,9,7,0
SHP-002038,Supplier_J,Philadelphia,Detroit,Air,2085,6445.93,Clear,Low,Low,14,13,0
SHP-002039,Supplier_C,Philadelphia,Miami,Air,892,7838.32,Clear,Severe,Medium,14,13,0
SHP-002040,Supplier_U,San Jose,Miami,Rail,4359,9377.94,Rain,Moderate,Low,1,1,0
SHP-002041,Supplier_C,New York,Detroit,Sea,194,6934.68,Clear,Severe,Low,5,5,0
SHP-002042,Supplier_T,Phoenix,Seattle,Air,1233,1600.72,Clear,Moderate,Low,11,11,0
SHP-002043,Supplier_T,Chicago,Boston,Air,337,2472.25,Storm,High,Low,7,8,1
SHP-002044,Supplier_Q,Philadelphia,Denver,Air,3046,8429.83,Clear,Low,Critical,3,1,0
SHP-002045,Supplier_M,San Jose,Boston,Sea,2630,2132.6,Clear,Moderate,Low,2,1,0
SHP-002046,Supplier_O,San Diego,Miami,Rail,2060,771.6,Fog,High,Medium,13,12,0
SHP-002047,Supplier_S,San Jose,Las Vegas,Road,1148,7047.64,Clear,High,High,11,11,0
SHP-002048,Supplier_R,Chicago,Orlando,Road,2629,4055.14,Clear,High,Critical,2,2,0
SHP-002049,Supplier_Z,San Diego,Atlanta,Air,3064,9204.4,Rain,Low,Low,1,1,0
SHP-002050,Supplier_X,New York,Nashville,Rail,1063,6520.04,Snow,Severe,Low,5,9,1
SHP-002051,Supplier_B,Houston,Boston,Air,636,949.67,Fog,Severe,Critical,13,20,1
SHP-002052,Supplier_O,Houston,Orlando,Sea,4323,9481.17,Fog,Low,Low,3,1,0
SHP-002053,Supplier_Z,Philadelphia,Las Vegas,Sea,3779,2622.64,Snow,Severe,Critical,11,18,1
SHP-002054,Supplier_S,Chicago,Seattle,Air,4287,3405.26,Clear,Low,High,12,11,0
SHP-002055,Supplier_U,Los Angeles,Portland,Rail,3824,4052.49,Clear,Moderate,Low,7,8,1
SHP-002056,Supplier_G,Los Angeles,Seattle,Rail,642,559.68,Clear,Low,Medium,1,1,0
SHP-002057,Supplier_K,New York,Detroit,Air,945,4990.33,Clear,Severe,Medium,9,8,0
SHP-002058,Supplier_T,Houston,Boston,Air,3703,1277.02,Snow,Low,High,14,13,0
SHP-002059,Supplier_P,San Jose,Seattle,Rail,3136,4039.65,Rain,Moderate,Low,2,1,0
SHP-002060,Supplier_Q,Chicago,Orlando,Rail,2594,3539.56,Clear,Moderate,High,8,13,1
SHP-002061,Supplier_E,Phoenix,Nashville,Rail,4585,7739.76,Storm,Low,High,10,14,1
SHP-002062,Supplier_B,New York,Denver,Rail,2819,8041.55,Clear,Moderate,Medium,4,9,1
SHP-002063,Supplier_O,Philadelphia,Portland,Sea,1984,1576.46,Clear,Low,High,6,6,0
SHP-002064,Supplier_D,Los Angeles,Seattle,Air,4238,3697.18,Rain,High,Low,9,9,0
SHP-002065,Supplier_Z,Phoenix,Nashville,Air,4449,3764.86,Clear,Severe,Critical,7,5,0
SHP-002066,Supplier_K,San Diego,Detroit,Air,3301,1556.53,Clear,High,Low,8,6,0
SHP-002067,Supplier_W,San Diego,Denver,Road,2810,7994.61,Clear,High,Medium,7,12,1
SHP-002068,Supplier_C,New York,Portland,Road,2053,7086.92,Clear,Low,Medium,2,7,1
SHP-002069,Supplier_Q,Philadelphia,Atlanta,Rail,4837,1944.3,Snow,Low,Medium,9,9,0
SHP-002070,Supplier_U,Houston,Portland,Sea,3950,3698.88,Fog,Moderate,Critical,1,1,0
SHP-002071,Supplier_F,Dallas,Denver,Road,789,1102.76,Clear,Low,Critical,14,12,0
SHP-002072,Supplier_B,Houston,Portland,Air,2050,6300.66,Clear,Severe,High,2,1,0
SHP-002073,Supplier_H,Houston,Denver,Road,556,1257.65,Snow,Low,Medium,3,7,1
SHP-002074,Supplier_W,Dallas,Denver,Sea,2230,9860.04,Fog,Severe,Medium,3,10,1
SHP-002075,Supplier_O,Dallas,Seattle,Sea,4076,7817.79,Clear,Low,Critical,14,14,0
SHP-002076,Supplier_O,Phoenix,Orlando,Rail,4344,3932.87,Clear,High,Medium,10,12,1
SHP-002077,Supplier_Q,Dallas,Portland,Air,1279,5806.71,Snow,Low,Medium,4,2,0
SHP-002078,Supplier_Q,San Diego,Denver,Air,4385,9117.85,Rain,Low,Low,5,6,1
SHP-002079,Supplier_T,San Jose,Boston,Rail,3665,5563.29,Clear,High,High,6,6,0
SHP-002080,Supplier_F,Chicago,Miami,Rail,982,1786.26,Rain,Low,High,1,6,1
SHP-002081,Supplier_L,New York,Boston,Sea,499,3818.1,Clear,High,Medium,14,13,0
SHP-002082,Supplier_L,San Antonio,Denver,Air,708,8439.29,Rain,Moderate,Medium,13,13,0
SHP-002083,Supplier_J,San Jose,Denver,Road,1738,6459.92,Rain,Low,Low,8,8,0
SHP-002084,Supplier_M,Dallas,Nashville,Road,2248,6524.71,Storm,Severe,Critical,6,11,1
SHP-002085,Supplier_N,New York,Orlando,Air,1482,8674.87,Clear,Moderate,Medium,10,10,0
SHP-002086,Supplier_Y,Phoenix,Seattle,Road,1503,8945.03,Clear,High,Critical,9,9,0
SHP-002087,Supplier_K,Chicago,Atlanta,Rail,919,9201.94,Clear,Moderate,High,5,3,0
SHP-002088,Supplier_V,New York,Denver,Rail,3392,993.75,Storm,Moderate,High,7,12,1
SHP-002089,Supplier_T,Phoenix,Atlanta,Sea,919,5464.05,Clear,Low,Critical,11,9,0
SHP-002090,Supplier_B,Houston,Nashville,Road,519,7418.07,Clear,Low,Medium,4,2,0
SHP-002091,Supplier_Z,San Jose,Seattle,Road,4319,7581.42,Clear,Moderate,Medium,6,6,0
SHP-002092,Supplier_U,Phoenix,Portland,Sea,4617,6086.83,Snow,Moderate,Low,6,4,0
SHP-002093,Supplier_U,New York,Nashville,Road,3402,1709.53,Clear,Low,Medium,13,13,0
SHP-002094,Supplier_K,San Diego,Atlanta,Road,1608,7984.33,Clear,Moderate,Medium,4,3,0
SHP-002095,Supplier_C,New York,Las Vegas,Rail,867,7215.11,Clear,Moderate,High,6,6,0
SHP-002096,Supplier_K,Los Angeles,Denver,Sea,2144,907.05,Storm,Low,High,8,8,0
SHP-002097,Supplier_D,San Antonio,Miami,Rail,2239,4664.91,Rain,Low,High,11,14,1
SHP-002098,Supplier_R,Phoenix,Orlando,Road,3129,1781.08,Snow,Moderate,Critical,5,4,0
SHP-002099,Supplier_V,Philadelphia,Atlanta,Rail,1649,3407.9,Storm,Low,Low,2,9,1
SHP-002100,Supplier_M,Los Angeles,Nashville,Road,1864,229.91,Fog,Low,High,9,7,0
SHP-002101,Supplier_J,New York,Nashville,Road,2745,4033.28,Clear,Low,Critical,11,11,0
SHP-002102,Supplier_I,Phoenix,Miami,Sea,3816,5521.28,Fog,Severe,High,4,5,1
SHP-002103,Supplier_X,San Antonio,Atlanta,Rail,4705,6214.85,Clear,High,Low,4,3,0
SHP-002104,Supplier_V,Houston,Miami,Rail,4581,6651.73,Clear,Low,High,11,10,0
SHP-002105,Supplier_T,San Antonio,Miami,Road,2393,8371.1,Storm,Low,Critical,7,7,0
SHP-002106,Supplier_E,Dallas,Denver,Rail,4937,2193.86,Clear,High,Low,10,10,0
SHP-002107,Supplier_K,Los Angeles,Seattle,Air,2808,1248.79,Clear,Moderate,Medium,14,13,0
SHP-002108,Supplier_C,Philadelphia,Atlanta,Road,1000,8522.79,Clear,High,Low,10,10,0
SHP-002109,Supplier_S,San Diego,Boston,Sea,3184,1608.3,Rain,Severe,High,6,5,0
SHP-002110,Supplier_V,San Jose,Denver,Road,2109,9748.86,Clear,Moderate,Critical,14,12,0
SHP-002111,Supplier_E,Dallas,Orlando,Road,341,8433.26,Snow,Low,High,4,7,1
SHP-002112,Supplier_L,Los Angeles,Miami,Rail,2485,5033.72,Storm,High,Low,6,8,1
SHP-002113,Supplier_J,Chicago,Miami,Rail,4368,9815.14,Rain,Severe,High,3,1,0
SHP-002114,Supplier_U,Houston,Atlanta,Sea,771,1018.9,Clear,Moderate,Medium,7,7,0
SHP-002115,Supplier_W,Dallas,Las Vegas,Air,263,3065.5,Fog,Moderate,Critical,6,10,1
SHP-002116,Supplier_V,San Diego,Detroit,Road,564,6400.33,Clear,Low,Critical,3,3,0
SHP-002117,Supplier_M,Dallas,Atlanta,Sea,3142,3532.57,Clear,Low,High,1,1,0
SHP-002118,Supplier_E,New York,Seattle,Road,4692,9287.31,Clear,High,Medium,12,11,0
SHP-002119,Supplier_T,New York,Denver,Sea,4895,702.98,Rain,Severe,Critical,10,8,0
SHP-002120,Supplier_W,Houston,Portland,Sea,2542,5516.65,Clear,Moderate,Critical,5,4,0
SHP-002121,Supplier_C,Dallas,Orlando,Sea,4898,5929.12,Clear,High,Medium,10,8,0
SHP-002122,Supplier_J,Phoenix,Portland,Rail,2455,6544.64,Clear,Low,Medium,2,7,1
SHP-002123,Supplier_R,Philadelphia,Denver,Air,4378,2593.88,Clear,Low,High,7,5,0
SHP-002124,Supplier_M,San Diego,Boston,Rail,4824,3677.44,Rain,Moderate,Critical,13,11,0
SHP-002125,Supplier_U,San Antonio,Detroit,Air,2657,8444.62,Storm,Low,Medium,7,7,0
SHP-002126,Supplier_Z,Chicago,Portland,Air,645,1989.68,Snow,Moderate,High,4,2,0
SHP-002127,Supplier_K,New York,Denver,Air,4819,8277.34,Clear,Low,Medium,6,12,1
SHP-002128,Supplier_E,Philadelphia,Seattle,Air,3935,5648.42,Clear,High,Critical,1,1,0
SHP-002129,Supplier_V,Philadelphia,Miami,Road,693,7633.77,Fog,High,Critical,2,1,0
SHP-002130,Supplier_W,Philadelphia,Las Vegas,Sea,4939,7150.39,Clear,Moderate,Critical,6,6,0
SHP-002131,Supplier_X,Phoenix,Boston,Sea,3904,2114.74,Storm,Low,High,2,9,1
SHP-002132,Supplier_V,Houston,Las Vegas,Road,1559,5709.69,Clear,Moderate,Medium,12,11,0
SHP-002133,Supplier_Q,Dallas,Atlanta,Rail,3593,8683.85,Fog,Severe,Medium,12,13,1
SHP-002134,Supplier_C,Phoenix,Miami,Air,2701,4349.56,Clear,Moderate,High,11,11,0
SHP-002135,Supplier_U,New York,Miami,Road,2544,9667.58,Clear,Low,Medium,4,9,1
SHP-002136,Supplier_V,Phoenix,Atlanta,Road,2772,4549.54,Snow,Low,Low,4,8,1
SHP-002137,Supplier_N,San Antonio,Las Vegas,Rail,4300,1470.72,Rain,Low,Critical,10,9,0
SHP-002138,Supplier_Q,New York,Boston,Rail,116,3924.88,Clear,Low,Low,9,9,0
SHP-002139,Supplier_L,Dallas,Atlanta,Sea,3291,9519.44,Rain,High,Critical,10,10,0
SHP-002140,Supplier_A,Phoenix,Las Vegas,Road,492,3231.22,Snow,High,High,7,7,0
SHP-002141,Supplier_L,Houston,Nashville,Rail,524,8687.58,Clear,Low,Low,14,14,0
SHP-002142,Supplier_J,Chicago,Denver,Air,671,8818.44,Clear,Low,Medium,7,5,0
SHP-002143,Supplier_F,Philadelphia,Miami,Sea,3731,3534.36,Clear,Low,Medium,12,12,0
SHP-002144,Supplier_G,San Antonio,Seattle,Rail,1220,878.41,Clear,Severe,Low,11,10,0
SHP-002145,Supplier_K,Chicago,Miami,Sea,341,7259.35,Rain,Moderate,High,1,6,1
SHP-002146,Supplier_Y,Los Angeles,Seattle,Sea,3997,3149.55,Clear,Moderate,Medium,11,9,0
SHP-002147,Supplier_P,San Antonio,Nashville,Air,4195,7840.09,Clear,Moderate,Medium,5,5,0
SHP-002148,Supplier_G,Dallas,Nashville,Air,2379,4454.42,Clear,Moderate,High,3,3,0
SHP-002149,Supplier_H,San Jose,Denver,Rail,888,4878.4,Rain,Low,Low,3,5,1
SHP-002150,Supplier_E,Houston,Detroit,Sea,814,7790.2,Clear,Low,Low,6,5,0
SHP-002151,Supplier_E,San Antonio,Boston,Air,4954,3854.52,Clear,Moderate,High,4,4,0
SHP-002152,Supplier_C,Houston,Seattle,Road,2949,4459.12,Clear,Moderate,Critical,8,8,0
SHP-002153,Supplier_J,San Jose,Nashville,Sea,875,3793.1,Fog,Low,Medium,14,13,0
SHP-002154,Supplier_Z,Chicago,Atlanta,Rail,4126,3705.04,Clear,Low,Low,4,6,1
SHP-002155,Supplier_D,San Antonio,Portland,Road,2347,5283.17,Snow,Low,Medium,8,13,1
SHP-002156,Supplier_Q,Phoenix,Denver,Sea,178,8097.55,Clear,Moderate,High,14,13,0
SHP-002157,Supplier_Y,San Jose,Atlanta,Air,4026,3649.59,Clear,Moderate,High,12,10,0
SHP-002158,Supplier_R,Philadelphia,Seattle,Sea,955,5266.33,Rain,Severe,Critical,12,18,1
SHP-002159,Supplier_X,San Diego,Atlanta,Air,2248,6723.74,Clear,Low,Medium,4,3,0
SHP-002160,Supplier_Q,Dallas,Boston,Air,1131,2730.92,Fog,Low,Critical,3,8,1
SHP-002161,Supplier_B,Chicago,Detroit,Air,3371,2811.35,Fog,Low,Medium,5,4,0
SHP-002162,Supplier_V,Houston,Atlanta,Road,3676,9337.46,Snow,Moderate,Critical,12,13,1
SHP-002163,Supplier_K,Chicago,Orlando,Air,4282,7249.17,Rain,Moderate,Medium,13,19,1
SHP-002164,Supplier_Y,San Jose,Detroit,Sea,3556,5793.01,Clear,High,Critical,5,3,0
SHP-002165,Supplier_T,Dallas,Atlanta,Sea,3606,6494.81,Clear,Low,Medium,10,13,1
SHP-002166,Supplier_E,Houston,Detroit,Air,507,341.53,Fog,Moderate,High,10,9,0
SHP-002167,Supplier_T,Chicago,Atlanta,Air,2811,6200.12,Rain,High,Medium,1,8,1
SHP-002168,Supplier_M,Phoenix,Miami,Road,3188,5119.61,Rain,Severe,Low,8,9,1
SHP-002169,Supplier_E,Dallas,Orlando,Rail,1768,5480.21,Clear,Severe,Critical,8,7,0
SHP-002170,Supplier_F,Chicago,Denver,Air,247,3626.27,Clear,High,Critical,8,13,1
SHP-002171,Supplier_F,San Antonio,Denver,Rail,4427,860.67,Fog,Severe,Low,14,15,1
SHP-002172,Supplier_W,Chicago,Nashville,Road,3997,1973.73,Clear,Low,High,10,9,0
SHP-002173,Supplier_Y,San Jose,Las Vegas,Rail,2050,9509.91,Clear,Low,High,4,7,1
SHP-002174,Supplier_T,Chicago,Detroit,Air,465,4116.56,Clear,Low,Low,13,13,0
SHP-002175,Supplier_Z,Philadelphia,Orlando,Road,1774,4693.5,Storm,High,High,14,17,1
SHP-002176,Supplier_F,Los Angeles,Denver,Road,4631,574.46,Clear,Severe,Low,9,7,0
SHP-002177,Supplier_X,Dallas,Nashville,Rail,4594,423.78,Storm,Low,Medium,10,11,1
SHP-002178,Supplier_O,Dallas,Denver,Road,2646,7185.96,Clear,Moderate,Medium,3,3,0
SHP-002179,Supplier_B,Los Angeles,Boston,Sea,662,5404.04,Storm,High,Low,7,8,1
SHP-002180,Supplier_N,Chicago,Orlando,Road,3662,5111.62,Snow,Severe,Medium,6,13,1
SHP-002181,Supplier_L,Philadelphia,Boston,Rail,2589,2469.09,Clear,Moderate,Low,9,9,0
SHP-002182,Supplier_V,Chicago,Detroit,Rail,872,7460.27,Rain,Severe,Low,12,11,0
SHP-002183,Supplier_X,New York,Atlanta,Air,2137,1723.95,Clear,Low,High,14,12,0
SHP-002184,Supplier_H,Philadelphia,Boston,Rail,3523,1939.85,Clear,Low,Medium,13,19,1
SHP-002185,Supplier_O,San Antonio,Portland,Air,2667,4634.09,Storm,Moderate,Medium,4,4,0
SHP-002186,Supplier_T,San Antonio,Detroit,Rail,1673,2898.48,Clear,Low,Low,4,6,1
SHP-002187,Supplier_J,Phoenix,Boston,Road,3794,2512.26,Clear,Low,Low,6,10,1
SHP-002188,Supplier_Y,San Diego,Atlanta,Road,3391,6470.11,Clear,High,Medium,8,7,0
SHP-002189,Supplier_X,Phoenix,Miami,Air,1346,6527.17,Clear,High,Medium,3,2,0
SHP-002190,Supplier_Z,Chicago,Denver,Road,3819,8253.94,Storm,High,Low,11,18,1
SHP-002191,Supplier_O,Houston,Denver,Rail,3939,4206.2,Clear,Low,Medium,8,11,1
SHP-002192,Supplier_H,Los Angeles,Detroit,Rail,459,777.2,Fog,Moderate,Low,14,12,0
SHP-002193,Supplier_R,Chicago,Denver,Air,2476,2772.98,Fog,Low,High,8,6,0
SHP-002194,Supplier_H,Chicago,Nashville,Rail,3109,9801.05,Clear,Low,High,14,14,0
SHP-002195,Supplier_J,New York,Portland,Road,3093,5982.77,Clear,Moderate,Low,14,12,0
SHP-002196,Supplier_Z,San Jose,Portland,Rail,1062,7111.88,Storm,Low,High,7,7,0
SHP-002197,Supplier_Z,San Jose,Atlanta,Air,3732,123.21,Clear,Low,Medium,7,7,0
SHP-002198,Supplier_P,Phoenix,Atlanta,Rail,1927,5206.15,Clear,High,Critical,5,5,0
SHP-002199,Supplier_G,San Jose,Orlando,Air,1713,423.41,Clear,Low,Critical,2,1,0
SHP-002200,Supplier_L,San Jose,Nashville,Rail,1740,5713.84,Rain,Severe,Critical,12,18,1
SHP-002201,Supplier_V,San Jose,Boston,Air,2316,9211.67,Snow,Moderate,Critical,14,14,0
SHP-002202,Supplier_S,Houston,Denver,Rail,4412,9685.77,Clear,Severe,High,2,6,1
SHP-002203,Supplier_O,San Jose,Atlanta,Road,477,5428.5,Clear,Low,Low,13,13,0
SHP-002204,Supplier_O,Houston,Detroit,Air,4314,4609.14,Fog,Moderate,Low,12,12,0
SHP-002205,Supplier_Y,Houston,Denver,Air,4385,9452.92,Snow,Low,Low,10,12,1
SHP-002206,Supplier_J,New York,Denver,Sea,469,6752.42,Rain,High,High,12,15,1
SHP-002207,Supplier_Y,Philadelphia,Nashville,Air,2296,695.75,Snow,Low,High,8,6,0
SHP-002208,Supplier_M,Los Angeles,Detroit,Rail,3847,4683.97,Clear,Low,Low,11,11,0
SHP-002209,Supplier_Q,San Diego,Detroit,Rail,751,2440.44,Snow,High,Critical,6,10,1
SHP-002210,Supplier_Q,Chicago,Portland,Road,869,4724.55,Clear,Low,High,8,6,0
SHP-002211,Supplier_N,Dallas,Nashville,Sea,2521,4581.88,Clear,Low,High,3,2,0
SHP-002212,Supplier_F,San Jose,Portland,Rail,880,5842.34,Snow,Low,Medium,1,1,0
SHP-002213,Supplier_G,San Diego,Nashville,Air,1816,3599.87,Clear,Moderate,Low,13,11,0
SHP-002214,Supplier_Z,Philadelphia,Orlando,Road,4083,1684.49,Fog,Low,Low,6,5,0
SHP-002215,Supplier_T,Chicago,Detroit,Road,1411,5062.01,Clear,Moderate,Critical,2,2,0
SHP-002216,Supplier_E,San Antonio,Denver,Rail,3459,8310.52,Fog,Low,Medium,12,18,1
SHP-002217,Supplier_I,San Diego,Seattle,Sea,622,6656.92,Fog,Moderate,Critical,9,8,0
SHP-002218,Supplier_B,San Diego,Nashville,Rail,621,3416.76,Clear,High,Critical,5,5,0
SHP-002219,Supplier_U,Chicago,Nashville,Air,4978,9358.45,Snow,Moderate,Critical,5,4,0
SHP-002220,Supplier_P,Chicago,Las Vegas,Air,2420,9126.47,Clear,Moderate,Medium,13,16,1
SHP-002221,Supplier_L,Houston,Portland,Sea,1035,2133.02,Fog,Low,High,10,10,0
SHP-002222,Supplier_R,Houston,Las Vegas,Air,2330,442.2,Clear,Low,High,8,7,0
SHP-002223,Supplier_D,New York,Las Vegas,Rail,4140,7426.02,Snow,Low,Critical,6,13,1
SHP-002224,Supplier_W,San Antonio,Portland,Air,4683,8284.72,Clear,Moderate,Critical,3,1,0
SHP-002225,Supplier_Q,New York,Las Vegas,Sea,3797,9680.25,Clear,Moderate,High,9,7,0
SHP-002226,Supplier_D,Phoenix,Las Vegas,Rail,2937,8903.87,Clear,Severe,Critical,10,9,0
SHP-002227,Supplier_J,San Antonio,Seattle,Road,4183,6025.32,Clear,Low,High,4,3,0
SHP-002228,Supplier_C,Houston,Nashville,Rail,2561,5324.02,Snow,Moderate,Low,10,10,0
SHP-002229,Supplier_Y,Houston,Atlanta,Air,3343,327.02,Rain,Moderate,Critical,4,3,0
SHP-002230,Supplier_F,Houston,Orlando,Road,3459,2504.23,Rain,Moderate,Medium,12,10,0
SHP-002231,Supplier_I,Los Angeles,Nashville,Air,785,4623.17,Clear,High,Medium,13,12,0
SHP-002232,Supplier_O,Chicago,Las Vegas,Rail,2260,6303.61,Clear,Low,High,2,2,0
SHP-002233,Supplier_Q,San Diego,Orlando,Sea,4088,5594.66,Clear,Low,Medium,3,3,0
SHP-002234,Supplier_E,San Jose,Seattle,Rail,4166,7439.23,Storm,Moderate,Low,4,3,0
SHP-002235,Supplier_N,San Diego,Atlanta,Road,1667,2833.68,Fog,Low,Medium,7,7,0
SHP-002236,Supplier_C,Philadelphia,Seattle,Sea,138,5671.28,Clear,Low,Critical,13,13,0
SHP-002237,Supplier_H,San Diego,Detroit,Air,2644,927.02,Clear,Low,Medium,3,1,0
SHP-002238,Supplier_O,Houston,Miami,Road,4975,4165.97,Clear,Low,Medium,8,9,1
SHP-002239,Supplier_L,San Antonio,Seattle,Road,1356,7514.1,Rain,Moderate,Low,8,6,0
SHP-002240,Supplier_A,San Antonio,Miami,Rail,3090,6949.34,Rain,Low,Medium,10,12,1
SHP-002241,Supplier_N,New York,Detroit,Air,2296,9906.9,Snow,Moderate,Medium,11,10,0
SHP-002242,Supplier_B,San Jose,Las Vegas,Sea,3568,2815.02,Clear,Moderate,Low,2,1,0
SHP-002243,Supplier_M,San Antonio,Portland,Air,2808,5006.98,Snow,Moderate,High,4,2,0
SHP-002244,Supplier_Q,Philadelphia,Denver,Sea,401,3328.83,Rain,Severe,Low,8,6,0
SHP-002245,Supplier_L,San Antonio,Atlanta,Rail,746,4434.0,Clear,Low,Low,1,1,0
SHP-002246,Supplier_H,San Jose,Miami,Rail,4858,8576.65,Rain,Severe,High,1,5,1
SHP-002247,Supplier_M,San Jose,Detroit,Sea,1859,6857.88,Clear,Moderate,Medium,14,12,0
SHP-002248,Supplier_C,San Jose,Detroit,Air,4451,8830.29,Clear,High,High,14,12,0
SHP-002249,Supplier_L,Dallas,Denver,Rail,697,2074.94,Storm,Moderate,Medium,4,5,1
SHP-002250,Supplier_H,Dallas,Boston,Sea,761,8739.94,Clear,Moderate,Low,11,11,0
SHP-002251,Supplier_A,New York,Portland,Rail,4430,644.63,Storm,High,High,2,9,1
SHP-002252,Supplier_K,Dallas,Denver,Air,1468,8891.56,Rain,High,Critical,1,1,0
SHP-002253,Supplier_D,Los Angeles,Las Vegas,Road,2681,3324.28,Clear,Low,Low,8,7,0
SHP-002254,Supplier_W,San Diego,Nashville,Sea,3968,3180.15,Rain,Low,Low,2,2,0
SHP-002255,Supplier_U,San Diego,Seattle,Sea,3637,5145.28,Rain,Moderate,Critical,4,2,0
SHP-002256,Supplier_K,New York,Seattle,Road,4965,9409.87,Clear,Severe,Critical,3,4,1
SHP-002257,Supplier_Z,Houston,Seattle,Rail,4408,525.42,Clear,Low,Medium,2,9,1
SHP-002258,Supplier_E,Dallas,Miami,Sea,4658,3554.7,Clear,Moderate,Critical,8,6,0
SHP-002259,Supplier_E,Dallas,Denver,Rail,382,8572.89,Clear,High,High,3,9,1
SHP-002260,Supplier_B,San Antonio,Atlanta,Air,3778,3990.74,Clear,High,Low,9,8,0
SHP-002261,Supplier_J,New York,Denver,Air,1586,2031.61,Clear,Moderate,Medium,10,9,0
SHP-002262,Supplier_P,Dallas,Nashville,Sea,4182,4276.7,Clear,Moderate,Medium,5,4,0
SHP-002263,Supplier_W,San Antonio,Miami,Sea,4283,3886.25,Fog,Severe,Low,9,15,1
SHP-002264,Supplier_E,Dallas,Nashville,Sea,560,9158.39,Clear,Moderate,Low,3,1,0
SHP-002265,Supplier_Y,New York,Detroit,Air,2425,7631.25,Snow,High,Low,12,17,1
SHP-002266,Supplier_W,Houston,Miami,Rail,3854,5075.9,Rain,Low,Medium,5,4,0
SHP-002267,Supplier_P,Phoenix,Atlanta,Rail,2568,9884.29,Snow,Moderate,Critical,14,12,0
SHP-002268,Supplier_O,San Diego,Orlando,Road,1824,4679.51,Clear,Low,Critical,10,9,0
SHP-002269,Supplier_T,San Antonio,Atlanta,Rail,1476,629.47,Fog,Low,Critical,6,5,0
SHP-002270,Supplier_A,Phoenix,Portland,Air,2843,2659.63,Rain,High,Low,9,7,0
SHP-002271,Supplier_C,Phoenix,Orlando,Road,614,4388.9,Storm,Moderate,Medium,8,8,0
SHP-002272,Supplier_A,San Diego,Denver,Air,802,1611.18,Clear,Moderate,Low,2,2,0
SHP-002273,Supplier_I,Chicago,Miami,Rail,1753,9478.27,Clear,Low,Low,2,1,0
SHP-002274,Supplier_G,San Antonio,Denver,Rail,2166,7680.15,Rain,Moderate,Low,13,11,0
SHP-002275,Supplier_E,Phoenix,Detroit,Air,122,2719.46,Clear,Moderate,High,5,3,0
SHP-002276,Supplier_R,San Jose,Denver,Road,2560,5928.51,Clear,Moderate,Medium,5,5,0
SHP-002277,Supplier_X,New York,Atlanta,Rail,1404,7228.42,Clear,Low,Medium,5,4,0
SHP-002278,Supplier_T,Dallas,Seattle,Rail,3400,9415.73,Rain,High,High,4,5,1
SHP-002279,Supplier_Q,Chicago,Atlanta,Air,461,8822.27,Fog,High,Medium,8,7,0
SHP-002280,Supplier_N,San Diego,Miami,Air,3827,5176.16,Clear,Low,Critical,11,9,0
SHP-002281,Supplier_D,San Diego,Orlando,Air,1384,7757.79,Storm,Low,Medium,5,5,0
SHP-002282,Supplier_Y,Los Angeles,Nashville,Road,614,5643.34,Rain,Moderate,Low,1,1,0
SHP-002283,Supplier_J,Dallas,Denver,Road,548,5549.4,Clear,Moderate,Low,10,17,1
SHP-002284,Supplier_H,Los Angeles,Denver,Rail,1955,1191.68,Fog,High,High,14,13,0
SHP-002285,Supplier_J,Chicago,Portland,Rail,3662,1305.07,Storm,Moderate,Low,5,3,0
SHP-002286,Supplier_D,San Jose,Denver,Sea,2620,5318.86,Snow,Low,High,1,1,0
SHP-002287,Supplier_B,Dallas,Las Vegas,Sea,3181,2725.17,Clear,Low,Medium,4,2,0
SHP-002288,Supplier_H,Chicago,Boston,Air,1528,259.32,Rain,Low,High,1,1,0
SHP-002289,Supplier_N,San Antonio,Portland,Air,4067,7242.25,Clear,Low,Medium,6,6,0
SHP-002290,Supplier_U,San Antonio,Nashville,Sea,1022,373.24,Clear,Moderate,Medium,6,6,0
SHP-002291,Supplier_Z,Philadelphia,Detroit,Air,3237,5973.0,Clear,Low,Low,1,1,0
SHP-002292,Supplier_T,San Diego,Portland,Sea,2259,5414.98,Storm,Severe,High,12,19,1
SHP-002293,Supplier_O,New York,Miami,Sea,2647,9689.71,Storm,High,Medium,8,10,1
SHP-002294,Supplier_C,Chicago,Boston,Rail,3079,4867.92,Clear,High,Critical,14,12,0
SHP-002295,Supplier_D,San Diego,Atlanta,Road,2381,682.83,Clear,Severe,Medium,4,3,0
SHP-002296,Supplier_P,San Jose,Denver,Road,2749,5539.3,Storm,Moderate,Low,2,1,0
SHP-002297,Supplier_T,Houston,Miami,Rail,413,8418.91,Clear,High,Low,13,12,0
SHP-002298,Supplier_R,San Diego,Miami,Air,2713,9968.65,Rain,Low,Critical,14,14,0
SHP-002299,Supplier_A,Los Angeles,Orlando,Sea,3183,4331.91,Clear,Low,Critical,1,1,0
SHP-002300,Supplier_U,Phoenix,Denver,Rail,2356,3236.97,Clear,High,Critical,11,10,0
SHP-002301,Supplier_Q,Philadelphia,Las Vegas,Air,1137,9071.2,Fog,Low,Medium,3,1,0
SHP-002302,Supplier_S,Chicago,Denver,Air,3589,1952.86,Clear,Severe,Critical,7,5,0
SHP-002303,Supplier_H,Los Angeles,Miami,Sea,2734,6173.52,Clear,Moderate,Critical,10,8,0
SHP-002304,Supplier_W,Los Angeles,Nashville,Sea,4083,4086.86,Clear,High,Medium,11,14,1
SHP-002305,Supplier_E,Los Angeles,Nashville,Sea,1878,458.77,Fog,Low,Medium,10,10,0
SHP-002306,Supplier_J,San Diego,Portland,Road,3995,3505.52,Storm,Moderate,Medium,8,15,1
SHP-002307,Supplier_N,Philadelphia,Las Vegas,Sea,1224,2689.02,Clear,Low,Medium,5,12,1
SHP-002308,Supplier_A,Los Angeles,Boston,Rail,797,6876.61,Clear,High,Critical,7,14,1
SHP-002309,Supplier_T,Dallas,Orlando,Air,2279,9490.47,Rain,Low,Medium,2,7,1
SHP-002310,Supplier_L,San Antonio,Las Vegas,Road,1504,2717.07,Clear,Moderate,Medium,12,10,0
SHP-002311,Supplier_H,Dallas,Boston,Air,1143,8124.09,Rain,Low,Critical,12,10,0
SHP-002312,Supplier_S,San Jose,Seattle,Air,2029,600.83,Clear,Low,Critical,4,4,0
SHP-002313,Supplier_N,Chicago,Nashville,Air,1113,5404.3,Clear,Moderate,Low,6,4,0
SHP-002314,Supplier_F,San Antonio,Denver,Road,326,751.97,Rain,Low,High,12,11,0
SHP-002315,Supplier_V,Dallas,Boston,Air,1928,9343.63,Clear,High,Low,12,19,1
SHP-002316,Supplier_V,San Antonio,Atlanta,Road,2123,7675.2,Storm,Low,Critical,12,11,0
SHP-002317,Supplier_C,New York,Las Vegas,Sea,2552,6596.6,Clear,Low,Medium,12,10,0
SHP-002318,Supplier_Q,Chicago,Nashville,Road,2185,8247.77,Clear,Moderate,Critical,14,13,0
SHP-002319,Supplier_L,Philadelphia,Denver,Sea,4383,6492.82,Fog,Low,Critical,12,14,1
SHP-002320,Supplier_C,San Jose,Seattle,Rail,1180,9691.0,Clear,Low,Low,12,11,0
SHP-002321,Supplier_Q,Chicago,Nashville,Sea,2420,7153.88,Snow,High,Medium,5,7,1
SHP-002322,Supplier_R,Chicago,Orlando,Sea,3290,9250.35,Clear,Low,Critical,6,6,0
SHP-002323,Supplier_Q,Chicago,Miami,Rail,2730,5195.46,Rain,Low,High,12,18,1
SHP-002324,Supplier_Z,Chicago,Seattle,Rail,2663,1214.79,Snow,Low,Low,2,8,1
SHP-002325,Supplier_Q,New York,Nashville,Rail,3392,5305.37,Clear,Moderate,Low,7,6,0
SHP-002326,Supplier_R,San Antonio,Denver,Sea,4721,1312.38,Storm,Moderate,Low,8,6,0
SHP-002327,Supplier_A,Phoenix,Las Vegas,Air,3686,5945.31,Rain,Low,Medium,13,11,0
SHP-002328,Supplier_M,Phoenix,Orlando,Sea,4531,4850.81,Clear,High,Medium,14,14,0
SHP-002329,Supplier_P,San Diego,Atlanta,Rail,3047,6244.63,Rain,Low,Medium,11,12,1
SHP-002330,Supplier_B,Phoenix,Portland,Air,4059,149.97,Rain,Moderate,Medium,9,9,0
SHP-002331,Supplier_U,Chicago,Portland,Sea,2913,1988.66,Clear,Low,Medium,6,5,0
SHP-002332,Supplier_M,Los Angeles,Detroit,Sea,2683,4938.74,Clear,Moderate,Medium,7,6,0
SHP-002333,Supplier_L,Chicago,Nashville,Sea,261,9507.51,Clear,Severe,Low,13,19,1
SHP-002334,Supplier_I,Houston,Nashville,Air,693,3866.91,Clear,Moderate,Medium,12,12,0
SHP-002335,Supplier_X,New York,Denver,Rail,3359,4272.5,Snow,Severe,High,13,15,1
SHP-002336,Supplier_A,San Jose,Miami,Air,4255,7161.23,Clear,Low,Medium,1,1,0
SHP-002337,Supplier_L,Phoenix,Detroit,Sea,3062,6057.74,Fog,Low,Critical,9,8,0
SHP-002338,Supplier_Z,New York,Nashville,Sea,3988,3024.32,Clear,Low,Low,6,5,0
SHP-002339,Supplier_C,San Diego,Seattle,Rail,3490,4137.62,Clear,Low,Critical,12,16,1
SHP-002340,Supplier_L,San Diego,Boston,Road,4601,2216.11,Snow,Low,High,4,3,0
SHP-002341,Supplier_H,San Diego,Atlanta,Sea,763,9661.91,Rain,Low,Low,10,9,0
SHP-002342,Supplier_X,Dallas,Atlanta,Road,1232,1349.81,Rain,Moderate,Critical,9,8,0
SHP-002343,Supplier_V,New York,Atlanta,Rail,641,3749.78,Clear,Low,Critical,12,10,0
SHP-002344,Supplier_U,San Jose,Detroit,Air,3074,307.1,Clear,Low,Critical,1,1,0
SHP-002345,Supplier_D,San Diego,Orlando,Rail,967,2256.71,Clear,Low,Critical,2,1,0
SHP-002346,Supplier_Y,Houston,Detroit,Air,2166,7815.69,Fog,High,Low,3,2,0
SHP-002347,Supplier_S,Houston,Miami,Road,531,2051.69,Clear,Low,Low,1,1,0
SHP-002348,Supplier_X,San Jose,Seattle,Rail,4935,846.63,Storm,High,Critical,2,5,1
SHP-002349,Supplier_Y,San Diego,Boston,Air,4378,4770.81,Rain,Moderate,High,2,1,0
SHP-002350,Supplier_K,San Diego,Denver,Sea,1306,149.19,Clear,Moderate,Medium,7,6,0
SHP-002351,Supplier_E,San Antonio,Las Vegas,Road,2628,893.42,Rain,Low,Low,10,9,0
SHP-002352,Supplier_B,San Diego,Atlanta,Rail,1269,8085.88,Storm,Low,Low,13,12,0
SHP-002353,Supplier_L,Los Angeles,Atlanta,Rail,930,7726.16,Storm,Moderate,High,6,6,0
SHP-002354,Supplier_R,San Jose,Seattle,Sea,1751,9155.63,Clear,Low,Medium,12,12,0
SHP-002355,Supplier_K,San Jose,Orlando,Sea,1236,8552.43,Clear,Low,Low,9,8,0
SHP-002356,Supplier_U,New York,Miami,Rail,2910,6847.6,Clear,Low,Medium,14,13,0
SHP-002357,Supplier_F,Houston,Boston,Rail,575,570.71,Clear,High,Critical,5,8,1
SHP-002358,Supplier_Y,Dallas,Seattle,Sea,2910,7839.34,Rain,Moderate,Critical,9,9,0
SHP-002359,Supplier_V,Phoenix,Las Vegas,Sea,1426,8462.83,Storm,Moderate,Critical,14,13,0
SHP-002360,Supplier_O,San Jose,Seattle,Road,1119,8000.87,Clear,Moderate,Low,13,12,0
SHP-002361,Supplier_W,Dallas,Miami,Rail,1936,5109.37,Snow,High,Critical,12,17,1
SHP-002362,Supplier_P,Houston,Seattle,Air,4356,2367.37,Rain,Moderate,Low,10,10,0
SHP-002363,Supplier_U,New York,Boston,Rail,2548,8461.03,Clear,Moderate,High,14,14,0
SHP-002364,Supplier_F,Chicago,Atlanta,Air,4393,7285.27,Clear,Severe,Critical,14,13,0
SHP-002365,Supplier_Z,Chicago,Orlando,Rail,1383,9808.57,Snow,High,Medium,9,15,1
SHP-002366,Supplier_E,New York,Orlando,Air,759,1599.14,Storm,Low,High,2,2,0
SHP-002367,Supplier_C,Philadelphia,Miami,Air,2110,2295.36,Rain,Low,High,12,12,0
SHP-002368,Supplier_W,New York,Orlando,Sea,498,2157.39,Clear,High,Critical,9,7,0
SHP-002369,Supplier_Y,Chicago,Portland,Air,1833,7935.77,Clear,High,Medium,3,1,0
SHP-002370,Supplier_O,New York,Miami,Road,2225,1909.73,Clear,Moderate,Low,11,9,0
SHP-002371,Supplier_B,San Jose,Miami,Road,2271,713.27,Rain,Moderate,Medium,3,7,1
SHP-002372,Supplier_J,San Jose,Detroit,Rail,174,9985.68,Snow,Moderate,Critical,12,15,1
SHP-002373,Supplier_G,Phoenix,Atlanta,Road,4797,296.93,Clear,Moderate,Critical,11,11,0
SHP-002374,Supplier_B,Philadelphia,Boston,Rail,3571,8360.68,Storm,Moderate,High,14,17,1
SHP-002375,Supplier_Z,Los Angeles,Miami,Road,936,3685.4,Rain,Low,Critical,9,8,0
SHP-002376,Supplier_G,New York,Detroit,Road,599,8424.07,Rain,Severe,Critical,7,14,1
SHP-002377,Supplier_B,Los Angeles,Boston,Road,237,5568.47,Fog,High,Medium,14,20,1
SHP-002378,Supplier_K,San Antonio,Nashville,Road,2197,9021.23,Clear,Moderate,High,11,11,0
SHP-002379,Supplier_J,Chicago,Las Vegas,Rail,3796,9265.62,Fog,Low,Low,8,10,1
SHP-002380,Supplier_Q,Chicago,Seattle,Rail,1985,140.53,Clear,Low,Medium,7,5,0
SHP-002381,Supplier_M,Phoenix,Detroit,Rail,2857,800.35,Clear,Moderate,High,9,13,1
SHP-002382,Supplier_R,San Jose,Nashville,Sea,4020,2541.07,Storm,Moderate,Critical,8,8,0
SHP-002383,Supplier_P,San Jose,Detroit,Rail,2000,6709.69,Fog,Moderate,Medium,14,12,0
SHP-002384,Supplier_I,San Jose,Denver,Road,2710,8888.31,Rain,Low,High,4,4,0
SHP-002385,Supplier_B,Dallas,Atlanta,Air,4086,4626.42,Rain,Moderate,Medium,2,2,0
SHP-002386,Supplier_Y,Chicago,Detroit,Rail,1549,6089.38,Snow,High,High,14,12,0
SHP-002387,Supplier_U,San Diego,Nashville,Road,646,1925.57,Storm,Low,High,13,13,0
SHP-002388,Supplier_G,San Jose,Las Vegas,Air,4776,8059.42,Clear,Moderate,Medium,11,13,1
SHP-002389,Supplier_J,Philadelphia,Atlanta,Road,2103,9674.91,Storm,High,High,5,10,1
SHP-002390,Supplier_L,New York,Las Vegas,Road,2196,2722.56,Clear,Moderate,Critical,2,1,0
SHP-002391,Supplier_Y,Los Angeles,Denver,Road,803,4973.52,Clear,Moderate,Low,4,4,0
SHP-002392,Supplier_B,Phoenix,Miami,Road,2503,906.86,Clear,Moderate,Critical,14,20,1
SHP-002393,Supplier_U,Philadelphia,Orlando,Sea,1725,5613.41,Rain,Severe,High,12,10,0
SHP-002394,Supplier_K,Philadelphia,Nashville,Road,3431,5052.7,Fog,Low,Medium,2,1,0
SHP-002395,Supplier_I,San Antonio,Portland,Road,4833,1487.14,Rain,Moderate,Low,5,5,0
SHP-002396,Supplier_D,Los Angeles,Orlando,Sea,3078,4448.56,Fog,Low,Critical,6,7,1
SHP-002397,Supplier_Z,San Antonio,Miami,Sea,4836,3374.34,Clear,Low,High,11,10,0
SHP-002398,Supplier_L,Dallas,Boston,Road,2939,5242.22,Snow,Low,Critical,1,7,1
SHP-002399,Supplier_N,Los Angeles,Denver,Road,3484,5877.26,Storm,Low,Medium,12,11,0
SHP-002400,Supplier_M,Phoenix,Denver,Sea,2759,134.53,Rain,Severe,Critical,8,8,0
SHP-002401,Supplier_X,San Diego,Portland,Road,1961,7622.01,Rain,Severe,Critical,2,5,1
SHP-002402,Supplier_O,Chicago,Atlanta,Rail,2956,7144.49,Rain,Low,High,14,13,0
SHP-002403,Supplier_M,Los Angeles,Atlanta,Road,785,3694.55,Storm,Moderate,Low,5,3,0
SHP-002404,Supplier_K,Phoenix,Seattle,Road,4383,576.71,Storm,Moderate,Critical,11,9,0
SHP-002405,Supplier_F,Philadelphia,Seattle,Rail,1719,7561.58,Clear,High,Critical,8,7,0
SHP-002406,Supplier_P,Dallas,Denver,Sea,4743,9553.99,Storm,Moderate,Critical,5,4,0
SHP-002407,Supplier_W,San Antonio,Denver,Sea,1531,2439.51,Clear,Low,Low,3,1,0
SHP-002408,Supplier_P,Dallas,Las Vegas,Road,975,3269.07,Clear,High,Low,6,5,0
SHP-002409,Supplier_L,Houston,Las Vegas,Sea,4813,1878.94,Storm,High,Critical,1,8,1
SHP-002410,Supplier_Z,Houston,Orlando,Road,2561,5790.51,Clear,Moderate,High,1,1,0
SHP-002411,Supplier_Q,San Jose,Las Vegas,Road,1465,1590.67,Storm,Severe,Critical,8,10,1
SHP-002412,Supplier_I,New York,Detroit,Sea,1343,3594.13,Clear,Severe,High,7,7,0
SHP-002413,Supplier_Z,Los Angeles,Portland,Rail,262,6985.28,Clear,Moderate,High,10,8,0
SHP-002414,Supplier_C,San Jose,Denver,Sea,2074,5623.15,Clear,Moderate,High,10,9,0
SHP-002415,Supplier_X,Dallas,Detroit,Air,3391,3895.3,Clear,Severe,Critical,11,9,0
SHP-002416,Supplier_N,Los Angeles,Boston,Road,369,4231.48,Snow,Low,High,11,11,0
SHP-002417,Supplier_C,San Diego,Detroit,Sea,731,5643.0,Clear,Low,Low,3,1,0
SHP-002418,Supplier_N,San Jose,Orlando,Sea,1005,108.35,Clear,Low,Medium,8,14,1
SHP-002419,Supplier_T,Phoenix,Nashville,Road,3571,831.17,Clear,High,High,11,13,1
SHP-002420,Supplier_F,San Antonio,Miami,Sea,3353,8818.52,Clear,High,Low,8,8,0
SHP-002421,Supplier_R,San Jose,Nashville,Rail,2114,824.9,Snow,Low,Critical,14,12,0
SHP-002422,Supplier_J,Philadelphia,Seattle,Road,1741,7082.7,Clear,Severe,Critical,14,13,0
SHP-002423,Supplier_K,Phoenix,Seattle,Sea,304,9204.38,Rain,High,Medium,1,4,1
SHP-002424,Supplier_D,Dallas,Orlando,Rail,681,2743.3,Fog,High,High,10,9,0
SHP-002425,Supplier_C,San Jose,Orlando,Rail,940,3736.39,Rain,Low,Critical,7,6,0
SHP-002426,Supplier_K,San Jose,Atlanta,Road,1819,5710.77,Storm,Moderate,High,2,1,0
SHP-002427,Supplier_V,Philadelphia,Denver,Rail,2743,8823.0,Clear,Moderate,Medium,12,14,1
SHP-002428,Supplier_J,Chicago,Orlando,Road,2397,9421.96,Clear,Moderate,Critical,2,3,1
SHP-002429,Supplier_J,San Jose,Portland,Sea,974,7408.65,Storm,Moderate,Low,2,4,1
SHP-002430,Supplier_O,San Jose,Atlanta,Road,789,911.87,Snow,High,Critical,13,11,0
SHP-002431,Supplier_T,San Diego,Miami,Air,4100,6708.08,Rain,Low,High,5,5,0
SHP-002432,Supplier_W,Dallas,Denver,Road,3241,4132.52,Rain,High,Low,7,10,1
SHP-002433,Supplier_N,San Diego,Boston,Air,1522,4733.47,Clear,Low,High,4,4,0
SHP-002434,Supplier_F,San Diego,Las Vegas,Rail,771,539.03,Clear,Low,High,11,9,0
SHP-002435,Supplier_W,Chicago,Atlanta,Rail,1271,1951.07,Snow,Low,High,12,11,0
SHP-002436,Supplier_O,San Jose,Portland,Air,3826,7915.61,Rain,Low,Low,4,2,0
SHP-002437,Supplier_L,Houston,Atlanta,Air,1043,4566.89,Clear,Low,Medium,9,9,0
SHP-002438,Supplier_O,Phoenix,Portland,Sea,1549,3051.54,Storm,High,Critical,14,17,1
SHP-002439,Supplier_B,Houston,Detroit,Road,3837,3870.99,Clear,Moderate,Low,10,10,0
SHP-002440,Supplier_X,New York,Denver,Rail,2639,8551.28,Clear,Moderate,High,9,12,1
SHP-002441,Supplier_L,Los Angeles,Boston,Rail,4059,7502.54,Storm,Moderate,Medium,7,10,1
SHP-002442,Supplier_T,New York,Denver,Road,4360,2759.54,Snow,Low,Low,14,20,1
SHP-002443,Supplier_N,San Diego,Atlanta,Rail,2461,1219.14,Rain,Low,Low,10,10,0
SHP-002444,Supplier_I,Los Angeles,Boston,Sea,3752,2557.38,Clear,Moderate,Medium,4,4,0
SHP-002445,Supplier_U,Houston,Orlando,Road,3770,9211.53,Clear,Moderate,Critical,8,7,0
SHP-002446,Supplier_Z,San Jose,Detroit,Air,1853,5836.81,Rain,High,Medium,10,9,0
SHP-002447,Supplier_B,San Antonio,Detroit,Rail,2452,5358.13,Clear,Moderate,Critical,3,1,0
SHP-002448,Supplier_C,San Antonio,Atlanta,Rail,2038,5984.12,Storm,High,Low,3,9,1
SHP-002449,Supplier_V,New York,Atlanta,Air,470,3691.98,Fog,Moderate,Critical,12,11,0
SHP-002450,Supplier_U,Philadelphia,Denver,Rail,4579,8080.71,Storm,Severe,Critical,7,14,1
SHP-002451,Supplier_M,Philadelphia,Portland,Rail,2031,5256.7,Clear,Low,High,13,12,0
SHP-002452,Supplier_L,Dallas,Boston,Rail,524,1211.64,Snow,Moderate,Low,11,13,1
SHP-002453,Supplier_Q,Houston,Portland,Road,4824,1334.2,Clear,Moderate,Low,12,14,1
SHP-002454,Supplier_Z,New York,Boston,Air,994,5391.75,Clear,Severe,Medium,9,9,0
SHP-002455,Supplier_X,Houston,Portland,Sea,697,9368.87,Clear,Low,High,13,13,0
SHP-002456,Supplier_V,Phoenix,Denver,Sea,3162,3118.1,Clear,Moderate,High,11,10,0
SHP-002457,Supplier_F,Phoenix,Atlanta,Air,2436,8701.93,Fog,Low,High,4,4,0
SHP-002458,Supplier_A,Los Angeles,Orlando,Road,4788,7652.75,Clear,Moderate,Low,4,8,1
SHP-002459,Supplier_E,Phoenix,Portland,Air,1787,2515.73,Clear,Low,Medium,1,1,0
SHP-002460,Supplier_T,Phoenix,Miami,Air,672,411.59,Fog,Low,Low,1,1,0
SHP-002461,Supplier_V,Dallas,Detroit,Air,2190,1063.38,Clear,Moderate,Medium,13,11,0
SHP-002462,Supplier_Z,Dallas,Boston,Road,3769,7298.51,Snow,Low,Low,14,19,1
SHP-002463,Supplier_O,Philadelphia,Nashville,Air,4372,2036.71,Clear,Low,High,3,2,0
SHP-002464,Supplier_B,New York,Nashville,Road,4724,3744.15,Clear,Low,Critical,12,10,0
SHP-002465,Supplier_E,Los Angeles,Orlando,Sea,1733,5041.91,Fog,Low,High,13,18,1
SHP-002466,Supplier_C,Philadelphia,Denver,Air,1617,7268.41,Clear,Severe,Medium,7,5,0
SHP-002467,Supplier_H,Philadelphia,Portland,Rail,4393,1176.65,Rain,Moderate,Critical,13,13,0
SHP-002468,Supplier_Y,San Antonio,Detroit,Sea,2757,4093.35,Clear,High,High,9,7,0
SHP-002469,Supplier_U,San Jose,Las Vegas,Air,3748,4876.48,Clear,Moderate,Low,4,3,0
SHP-002470,Supplier_L,San Jose,Orlando,Air,3688,5431.23,Clear,Severe,High,2,2,0
SHP-002471,Supplier_L,New York,Detroit,Air,1637,8192.69,Clear,Moderate,Critical,6,5,0
SHP-002472,Supplier_M,Chicago,Detroit,Air,3237,1758.2,Clear,Moderate,Medium,6,6,0
SHP-002473,Supplier_S,Houston,Atlanta,Road,197,8087.92,Snow,Moderate,Low,9,11,1
SHP-002474,Supplier_B,Philadelphia,Nashville,Road,3315,6944.14,Clear,High,Medium,4,4,0
SHP-002475,Supplier_T,Philadelphia,Las Vegas,Road,4630,5580.91,Clear,Moderate,Critical,8,7,0
SHP-002476,Supplier_E,San Diego,Portland,Rail,4832,7010.3,Clear,Low,High,13,11,0
SHP-002477,Supplier_V,San Diego,Boston,Sea,3850,4149.58,Fog,Low,Low,14,20,1
SHP-002478,Supplier_O,New York,Miami,Sea,3257,1427.06,Fog,Moderate,Low,13,11,0
SHP-002479,Supplier_L,Chicago,Orlando,Sea,4783,6674.36,Snow,Moderate,Low,3,5,1
SHP-002480,Supplier_L,San Diego,Miami,Road,443,5270.49,Storm,Low,Medium,2,2,0
SHP-002481,Supplier_O,Chicago,Seattle,Road,4766,6411.78,Clear,Low,Low,9,8,0
SHP-002482,Supplier_Y,San Diego,Las Vegas,Sea,710,3413.09,Clear,Moderate,High,6,6,0
SHP-002483,Supplier_C,Dallas,Miami,Sea,1827,9073.32,Rain,High,Critical,11,11,0
SHP-002484,Supplier_S,Philadelphia,Denver,Air,2390,5894.33,Rain,Low,Critical,8,8,0
SHP-002485,Supplier_E,San Diego,Atlanta,Road,1954,899.75,Clear,Low,Low,11,9,0
SHP-002486,Supplier_Q,San Antonio,Boston,Sea,2708,4525.55,Clear,High,High,10,8,0
SHP-002487,Supplier_L,New York,Nashville,Sea,2179,7575.74,Fog,Moderate,Medium,9,9,0
SHP-002488,Supplier_M,Dallas,Denver,Rail,2424,7951.64,Storm,Low,Low,1,1,0
SHP-002489,Supplier_K,Phoenix,Orlando,Sea,4727,4971.24,Clear,High,High,13,11,0
SHP-002490,Supplier_U,San Jose,Nashville,Air,1277,8952.74,Snow,Moderate,Critical,1,1,0
SHP-002491,Supplier_I,Philadelphia,Atlanta,Sea,1191,2713.3,Clear,Moderate,High,11,10,0
SHP-002492,Supplier_H,Dallas,Seattle,Air,2891,4135.46,Clear,Severe,Low,5,7,1
SHP-002493,Supplier_D,Dallas,Nashville,Road,1849,8991.04,Clear,Severe,High,9,10,1
SHP-002494,Supplier_A,New York,Portland,Rail,2775,8967.75,Clear,Low,Medium,7,11,1
SHP-002495,Supplier_X,Houston,Atlanta,Air,881,6872.84,Clear,Low,Critical,7,7,0
SHP-002496,Supplier_F,San Jose,Detroit,Air,3148,8596.86,Storm,Low,High,2,8,1
SHP-002497,Supplier_P,Philadelphia,Portland,Sea,2205,933.29,Clear,Low,Critical,3,3,0
SHP-002498,Supplier_Q,Philadelphia,Portland,Rail,3967,8656.7,Rain,Low,Critical,4,4,0
SHP-002499,Supplier_M,Los Angeles,Las Vegas,Sea,4642,3240.17,Clear,Low,Low,2,2,0
SHP-002500,Supplier_R,Chicago,Portland,Sea,2213,1824.4,Clear,Severe,Critical,10,17,1
SHP-002501,Supplier_D,Phoenix,Atlanta,Rail,4070,2431.73,Storm,High,Low,9,10,1
SHP-002502,Supplier_I,New York,Atlanta,Sea,2091,4208.79,Rain,Moderate,Low,5,3,0
SHP-002503,Supplier_Y,Philadelphia,Denver,Sea,1167,2549.36,Fog,Moderate,Critical,13,19,1
SHP-002504,Supplier_I,San Antonio,Atlanta,Sea,1677,3239.65,Fog,Low,Medium,7,8,1
SHP-002505,Supplier_W,Dallas,Nashville,Road,1111,1393.04,Clear,Low,Critical,11,9,0
SHP-002506,Supplier_O,Chicago,Nashville,Air,2374,2996.96,Clear,Low,Low,9,7,0
SHP-002507,Supplier_G,San Jose,Seattle,Air,4969,5744.22,Storm,High,Low,5,11,1
SHP-002508,Supplier_T,San Jose,Nashville,Sea,1914,4446.44,Fog,Low,Low,6,5,0
SHP-002509,Supplier_J,San Antonio,Detroit,Road,2526,3499.85,Rain,High,Medium,4,10,1
SHP-002510,Supplier_W,Chicago,Atlanta,Rail,4502,7477.2,Snow,Moderate,Critical,14,13,0
SHP-002511,Supplier_P,San Jose,Detroit,Rail,4974,8940.42,Snow,Low,High,8,15,1
SHP-002512,Supplier_G,Los Angeles,Detroit,Rail,2651,7580.05,Clear,Low,Low,1,1,0
SHP-002513,Supplier_D,Phoenix,Orlando,Sea,3757,3353.41,Rain,Moderate,Low,1,6,1
SHP-002514,Supplier_E,Philadelphia,Portland,Sea,107,7457.2,Storm,Severe,Medium,5,7,1
SHP-002515,Supplier_C,New York,Seattle,Air,2655,1562.2,Rain,High,High,10,10,0
SHP-002516,Supplier_O,Phoenix,Portland,Air,575,1346.66,Clear,Low,High,9,7,0
SHP-002517,Supplier_F,San Antonio,Atlanta,Rail,2311,3488.99,Clear,Moderate,High,2,1,0
SHP-002518,Supplier_W,Los Angeles,Boston,Rail,584,8086.64,Clear,Low,High,11,11,0
SHP-002519,Supplier_O,San Diego,Portland,Rail,4754,2501.17,Clear,Severe,Medium,3,9,1
SHP-002520,Supplier_C,Houston,Miami,Sea,2385,679.37,Fog,High,Low,8,13,1
SHP-002521,Supplier_Z,Philadelphia,Las Vegas,Rail,4663,1360.51,Clear,Moderate,Critical,5,5,0
SHP-002522,Supplier_V,San Diego,Denver,Rail,3625,8594.51,Clear,Moderate,Critical,3,4,1
SHP-002523,Supplier_K,Phoenix,Portland,Air,3439,6356.14,Clear,Moderate,High,6,4,0
SHP-002524,Supplier_V,Houston,Denver,Road,2922,2569.35,Rain,Low,High,6,4,0
SHP-002525,Supplier_L,Dallas,Seattle,Sea,3024,5575.19,Rain,Low,Critical,14,12,0
SHP-002526,Supplier_W,Phoenix,Detroit,Rail,358,5299.42,Clear,Low,Critical,5,5,0
SHP-002527,Supplier_C,Chicago,Orlando,Rail,382,6571.59,Clear,Severe,High,5,3,0
SHP-002528,Supplier_R,Los Angeles,Miami,Road,1998,2370.22,Clear,Moderate,Medium,6,4,0
SHP-002529,Supplier_R,Philadelphia,Orlando,Road,4235,8650.81,Rain,Low,High,2,8,1
SHP-002530,Supplier_J,New York,Nashville,Air,3076,3128.22,Clear,High,Low,6,13,1
SHP-002531,Supplier_J,Houston,Miami,Rail,2367,6956.61,Fog,Low,Critical,2,1,0
SHP-002532,Supplier_F,Los Angeles,Detroit,Rail,3300,210.44,Clear,Low,Medium,3,2,0
SHP-002533,Supplier_W,San Diego,Nashville,Rail,712,3757.94,Clear,Low,Medium,2,2,0
SHP-002534,Supplier_W,Dallas,Portland,Sea,787,3549.51,Snow,Moderate,Low,1,2,1
SHP-002535,Supplier_W,New York,Seattle,Road,3790,5457.67,Clear,Moderate,High,12,11,0
SHP-002536,Supplier_U,San Diego,Miami,Sea,712,773.73,Rain,Moderate,High,1,1,0
SHP-002537,Supplier_F,Dallas,Seattle,Air,2407,7911.81,Clear,High,Critical,9,16,1
SHP-002538,Supplier_Z,Chicago,Miami,Rail,3113,2216.92,Rain,Low,Critical,13,11,0
SHP-002539,Supplier_L,Houston,Nashville,Sea,1881,6786.53,Snow,High,Medium,4,8,1
SHP-002540,Supplier_Q,Philadelphia,Boston,Rail,2691,8041.96,Fog,Low,High,5,5,0
SHP-002541,Supplier_H,San Diego,Boston,Sea,2796,5640.68,Clear,High,Critical,10,8,0
SHP-002542,Supplier_D,Dallas,Denver,Sea,4058,7421.79,Clear,Moderate,Medium,14,12,0
SHP-002543,Supplier_G,Phoenix,Atlanta,Road,674,6635.51,Clear,Moderate,Medium,7,5,0
SHP-002544,Supplier_Z,Philadelphia,Denver,Road,2010,3587.52,Fog,Moderate,Medium,2,3,1
SHP-002545,Supplier_E,Chicago,Atlanta,Rail,3704,8098.14,Fog,Moderate,Low,12,17,1
SHP-002546,Supplier_H,Los Angeles,Boston,Road,769,2982.28,Clear,Low,Low,11,9,0
SHP-002547,Supplier_Z,Dallas,Nashville,Sea,4464,5733.57,Clear,High,High,10,8,0
SHP-002548,Supplier_P,Chicago,Atlanta,Road,1383,7466.71,Clear,Low,Medium,9,7,0
SHP-002549,Supplier_A,Houston,Boston,Sea,1023,3820.61,Clear,Low,Medium,12,12,0
SHP-002550,Supplier_L,New York,Portland,Rail,1225,3062.54,Clear,Moderate,High,4,2,0
SHP-002551,Supplier_R,San Diego,Nashville,Rail,1629,4620.49,Clear,High,Critical,10,10,0
SHP-002552,Supplier_S,San Antonio,Las Vegas,Air,1694,8188.74,Rain,Low,Low,10,10,0
SHP-002553,Supplier_L,Dallas,Seattle,Sea,346,9302.72,Fog,Severe,High,13,14,1
SHP-002554,Supplier_O,Los Angeles,Boston,Air,3811,5473.58,Fog,Severe,Critical,13,11,0
SHP-002555,Supplier_Z,New York,Denver,Rail,1660,6631.59,Clear,Moderate,High,1,1,0
SHP-002556,Supplier_R,Phoenix,Miami,Air,2500,9037.57,Rain,Moderate,Critical,8,6,0
SHP-002557,Supplier_E,New York,Atlanta,Rail,2343,1030.54,Storm,High,Critical,4,6,1
SHP-002558,Supplier_T,San Jose,Nashville,Road,3964,2359.18,Clear,Low,High,7,7,0
SHP-002559,Supplier_C,Los Angeles,Detroit,Road,2039,7103.56,Rain,Moderate,High,3,3,0
SHP-002560,Supplier_C,Philadelphia,Boston,Rail,3169,8246.26,Clear,Severe,High,11,14,1
SHP-002561,Supplier_J,San Diego,Denver,Air,326,8577.44,Clear,Severe,High,12,15,1
SHP-002562,Supplier_M,New York,Seattle,Rail,3647,4180.32,Clear,Severe,Medium,9,15,1
SHP-002563,Supplier_W,Los Angeles,Detroit,Rail,364,938.93,Clear,Low,Critical,13,12,0
SHP-002564,Supplier_X,Dallas,Nashville,Rail,1495,4405.93,Rain,Low,High,5,3,0
SHP-002565,Supplier_P,Phoenix,Portland,Rail,3657,2345.81,Clear,Low,Medium,5,3,0
SHP-002566,Supplier_Q,New York,Portland,Air,745,2947.4,Clear,Moderate,Low,3,5,1
SHP-002567,Supplier_N,San Jose,Las Vegas,Rail,3090,7734.06,Clear,Low,Medium,11,9,0
SHP-002568,Supplier_Y,Phoenix,Denver,Road,1999,801.49,Storm,Low,Medium,9,16,1
SHP-002569,Supplier_N,Houston,Nashville,Road,2604,8284.43,Clear,Moderate,High,3,2,0
SHP-002570,Supplier_S,Philadelphia,Detroit,Sea,2872,4305.31,Rain,High,Low,2,2,0
SHP-002571,Supplier_C,Houston,Orlando,Road,1254,5980.84,Rain,High,Critical,11,11,0
SHP-002572,Supplier_E,Houston,Nashville,Road,687,942.04,Clear,High,Low,13,17,1
SHP-002573,Supplier_K,Phoenix,Miami,Road,4671,3406.72,Clear,Low,Medium,9,8,0
SHP-002574,Supplier_U,Phoenix,Las Vegas,Rail,1921,942.52,Snow,Low,High,12,11,0
SHP-002575,Supplier_C,Dallas,Orlando,Sea,1085,9617.36,Clear,High,High,12,11,0
SHP-002576,Supplier_O,Philadelphia,Seattle,Sea,4179,8082.25,Clear,Moderate,High,9,7,0
SHP-002577,Supplier_O,San Diego,Atlanta,Sea,3448,4623.35,Snow,Moderate,Medium,10,10,0
SHP-002578,Supplier_V,Los Angeles,Orlando,Sea,3931,2274.85,Clear,Low,Low,12,12,0
SHP-002579,Supplier_Q,Phoenix,Orlando,Air,1341,9337.88,Clear,Low,Medium,13,13,0
SHP-002580,Supplier_L,Chicago,Denver,Rail,289,3478.74,Clear,Moderate,Low,4,2,0
SHP-002581,Supplier_E,Chicago,Detroit,Road,1080,1651.8,Clear,High,Low,4,3,0
SHP-002582,Supplier_Y,Phoenix,Detroit,Air,1798,5653.49,Snow,Severe,Medium,13,19,1
SHP-002583,Supplier_R,Los Angeles,Miami,Sea,1815,9440.55,Rain,Moderate,Critical,11,11,0
SHP-002584,Supplier_U,New York,Denver,Air,2693,88.11,Rain,Moderate,Medium,10,14,1
SHP-002585,Supplier_S,San Jose,Portland,Sea,4236,2419.34,Snow,High,Medium,13,20,1
SHP-002586,Supplier_F,Dallas,Denver,Air,4533,9387.55,Clear,Moderate,Low,13,13,0
SHP-002587,Supplier_Y,Dallas,Portland,Air,1198,1752.31,Clear,Moderate,Low,6,4,0
SHP-002588,Supplier_E,Los Angeles,Detroit,Road,2426,1176.77,Clear,Severe,Critical,9,14,1
SHP-002589,Supplier_N,Houston,Atlanta,Air,3347,5723.36,Clear,High,Medium,8,7,0
SHP-002590,Supplier_Q,Dallas,Nashville,Road,995,8625.35,Fog,Severe,Medium,10,9,0
SHP-002591,Supplier_B,Philadelphia,Boston,Rail,1774,4797.24,Storm,Low,Critical,3,9,1
SHP-002592,Supplier_D,Dallas,Las Vegas,Sea,3009,9945.91,Clear,Moderate,Critical,6,4,0
SHP-002593,Supplier_Q,Philadelphia,Miami,Road,1030,6807.76,Clear,High,Medium,13,13,0
SHP-002594,Supplier_E,Phoenix,Portland,Sea,4484,787.05,Clear,Low,Critical,7,6,0
SHP-002595,Supplier_J,Chicago,Denver,Rail,823,9928.68,Clear,High,High,6,6,0
SHP-002596,Supplier_F,Phoenix,Portland,Road,3040,4108.55,Clear,Low,Medium,3,3,0
SHP-002597,Supplier_F,San Jose,Orlando,Sea,1189,2909.66,Rain,High,High,14,14,0
SHP-002598,Supplier_K,Houston,Atlanta,Sea,4678,5600.9,Storm,Moderate,High,14,14,0
SHP-002599,Supplier_W,Chicago,Miami,Rail,1035,3077.86,Snow,Low,High,14,14,0
SHP-002600,Supplier_H,Los Angeles,Seattle,Road,2395,910.25,Clear,Moderate,High,13,13,0
SHP-002601,Supplier_L,Phoenix,Seattle,Sea,255,64.21,Clear,Moderate,Medium,13,13,0
SHP-002602,Supplier_Q,San Jose,Nashville,Air,1170,4523.35,Rain,Moderate,Medium,9,8,0
SHP-002603,Supplier_J,Philadelphia,Las Vegas,Sea,2058,8376.79,Storm,Moderate,High,4,3,0
SHP-002604,Supplier_C,Dallas,Denver,Air,2601,5744.54,Storm,High,Medium,2,6,1
SHP-002605,Supplier_I,San Diego,Orlando,Air,4319,9992.11,Fog,Moderate,High,9,9,0
SHP-002606,Supplier_G,New York,Nashville,Sea,3930,2904.12,Rain,Moderate,Medium,3,1,0
SHP-002607,Supplier_U,Chicago,Seattle,Road,954,2840.53,Rain,Low,High,6,11,1
SHP-002608,Supplier_R,New York,Detroit,Rail,739,1639.51,Clear,Severe,Low,5,8,1
SHP-002609,Supplier_I,San Diego,Seattle,Rail,2338,1682.43,Rain,Low,Critical,14,20,1
SHP-002610,Supplier_E,New York,Seattle,Sea,1702,2887.61,Clear,Moderate,Low,13,11,0
SHP-002611,Supplier_U,Los Angeles,Orlando,Sea,541,7938.76,Clear,High,High,2,1,0
SHP-002612,Supplier_J,San Antonio,Miami,Air,4728,9062.28,Rain,Low,Critical,1,1,0
SHP-002613,Supplier_T,New York,Detroit,Sea,1436,9752.12,Clear,Moderate,High,9,7,0
SHP-002614,Supplier_R,Los Angeles,Detroit,Air,3800,2361.28,Clear,Low,Low,3,3,0
SHP-002615,Supplier_C,San Antonio,Miami,Air,1048,8818.91,Clear,High,Critical,7,7,0
SHP-002616,Supplier_Q,San Antonio,Boston,Air,3473,3316.14,Clear,Moderate,Low,9,7,0
SHP-002617,Supplier_U,Chicago,Boston,Road,559,1172.76,Clear,High,Low,9,8,0
SHP-002618,Supplier_F,San Jose,Las Vegas,Sea,4746,8706.75,Clear,High,High,12,16,1
SHP-002619,Supplier_S,San Jose,Atlanta,Air,492,6379.25,Clear,Moderate,Low,10,10,0
SHP-002620,Supplier_S,San Diego,Portland,Rail,4038,1689.07,Clear,High,Low,6,7,1
SHP-002621,Supplier_E,San Jose,Portland,Road,1887,4326.82,Fog,Moderate,High,8,7,0
SHP-002622,Supplier_F,Philadelphia,Nashville,Sea,2357,2908.21,Clear,Low,High,9,7,0
SHP-002623,Supplier_V,Phoenix,Nashville,Sea,1238,7381.11,Clear,Moderate,Low,3,8,1
SHP-002624,Supplier_T,Philadelphia,Detroit,Sea,3908,4561.49,Rain,Severe,High,6,8,1
SHP-002625,Supplier_X,Houston,Detroit,Sea,4841,9893.34,Storm,Moderate,Critical,5,11,1
SHP-002626,Supplier_T,Dallas,Las Vegas,Air,2554,594.71,Rain,Low,Critical,7,7,0
SHP-002627,Supplier_K,Los Angeles,Nashville,Road,1566,3582.4,Clear,Low,High,7,6,0
SHP-002628,Supplier_S,San Diego,Las Vegas,Sea,3774,4844.91,Rain,Moderate,High,9,7,0
SHP-002629,Supplier_B,San Jose,Detroit,Road,1477,5056.18,Snow,Low,Critical,1,1,0
SHP-002630,Supplier_A,Chicago,Atlanta,Air,2697,3193.56,Snow,Moderate,Medium,6,5,0
SHP-002631,Supplier_C,Los Angeles,Denver,Air,241,7305.94,Rain,Moderate,High,5,3,0
SHP-002632,Supplier_B,San Diego,Portland,Rail,2759,8753.73,Storm,Moderate,Medium,4,6,1
SHP-002633,Supplier_U,Los Angeles,Nashville,Sea,4696,9390.26,Storm,Low,High,10,16,1
SHP-002634,Supplier_Y,San Diego,Detroit,Sea,939,8060.68,Rain,Moderate,Medium,12,10,0
SHP-002635,Supplier_S,Phoenix,Denver,Air,3718,8513.27,Clear,High,High,11,11,0
SHP-002636,Supplier_I,San Diego,Las Vegas,Rail,4017,5527.93,Rain,Severe,Critical,14,16,1
SHP-002637,Supplier_U,San Diego,Orlando,Sea,695,8267.59,Storm,Moderate,High,1,1,0
SHP-002638,Supplier_G,Houston,Denver,Sea,2004,3069.86,Clear,Low,Low,4,4,0
SHP-002639,Supplier_Y,Houston,Las Vegas,Sea,380,4014.86,Fog,Severe,Critical,10,10,0
SHP-002640,Supplier_S,Chicago,Nashville,Road,523,3203.28,Clear,High,Low,11,13,1
SHP-002641,Supplier_N,San Jose,Nashville,Road,4465,4700.5,Clear,Low,High,7,12,1
SHP-002642,Supplier_T,Phoenix,Boston,Rail,4349,2891.52,Storm,Low,High,4,8,1
SHP-002643,Supplier_U,Philadelphia,Nashville,Sea,1850,9618.03,Clear,Low,Critical,1,1,0
SHP-002644,Supplier_A,San Antonio,Boston,Rail,4857,3162.8,Clear,Low,Medium,10,9,0
SHP-002645,Supplier_P,Chicago,Orlando,Sea,2067,1025.54,Clear,Low,High,1,1,0
SHP-002646,Supplier_U,Philadelphia,Atlanta,Air,4188,5291.83,Clear,Severe,High,1,1,0
SHP-002647,Supplier_R,Philadelphia,Atlanta,Sea,4278,618.14,Clear,Moderate,Medium,11,10,0
SHP-002648,Supplier_J,San Diego,Atlanta,Sea,3046,1149.9,Clear,Moderate,Low,10,8,0
SHP-002649,Supplier_U,San Diego,Atlanta,Air,1549,2232.92,Clear,High,High,5,8,1
SHP-002650,Supplier_J,New York,Miami,Air,2431,4670.28,Fog,High,Medium,7,5,0
SHP-002651,Supplier_P,Los Angeles,Orlando,Rail,2320,4360.85,Fog,High,Critical,9,14,1
SHP-002652,Supplier_H,San Diego,Nashville,Sea,3889,8006.93,Clear,Severe,Low,8,8,0
SHP-002653,Supplier_Z,Los Angeles,Atlanta,Air,2910,7407.77,Snow,Moderate,Medium,2,5,1
SHP-002654,Supplier_Z,Philadelphia,Portland,Road,4828,4291.87,Clear,Severe,Medium,9,9,0
SHP-002655,Supplier_V,San Diego,Orlando,Rail,1631,3370.36,Clear,High,Low,4,3,0
SHP-002656,Supplier_M,San Diego,Las Vegas,Rail,4982,3198.86,Clear,Low,Medium,12,10,0
SHP-002657,Supplier_J,Chicago,Atlanta,Rail,3090,7751.25,Fog,Moderate,Critical,10,9,0
SHP-002658,Supplier_O,Phoenix,Portland,Rail,4593,568.12,Fog,Moderate,Low,11,11,0
SHP-002659,Supplier_C,Philadelphia,Las Vegas,Rail,1243,177.58,Clear,Severe,Low,5,3,0
SHP-002660,Supplier_W,San Jose,Orlando,Road,1033,7965.67,Clear,Low,Medium,12,11,0
SHP-002661,Supplier_B,San Jose,Miami,Rail,1560,4797.61,Clear,Moderate,Medium,11,10,0
SHP-002662,Supplier_F,Chicago,Boston,Road,2823,1352.27,Rain,Low,Medium,5,5,0
SHP-002663,Supplier_O,Dallas,Nashville,Rail,2612,2393.88,Rain,Low,Critical,4,4,0
SHP-002664,Supplier_N,Los Angeles,Seattle,Sea,385,9328.41,Clear,Low,Low,13,12,0
SHP-002665,Supplier_P,San Antonio,Seattle,Rail,364,8602.05,Snow,Moderate,Critical,6,5,0
SHP-002666,Supplier_O,Los Angeles,Portland,Sea,2467,7112.36,Clear,High,Medium,1,1,0
SHP-002667,Supplier_G,Philadelphia,Las Vegas,Air,3547,4848.14,Fog,Low,Low,2,1,0
SHP-002668,Supplier_K,Dallas,Nashville,Sea,1862,5227.22,Rain,Moderate,High,4,2,0
SHP-002669,Supplier_T,Los Angeles,Atlanta,Air,3148,9753.68,Clear,Low,Medium,4,2,0
SHP-002670,Supplier_E,Phoenix,Seattle,Road,2481,9659.42,Snow,Low,Critical,8,7,0
SHP-002671,Supplier_K,Dallas,Portland,Road,2369,2191.93,Storm,Moderate,Critical,9,11,1
SHP-002672,Supplier_W,San Diego,Atlanta,Air,140,8120.49,Clear,Low,Medium,12,11,0
SHP-002673,Supplier_K,San Antonio,Detroit,Rail,167,2012.56,Clear,Moderate,Low,4,3,0
SHP-002674,Supplier_X,San Jose,Portland,Rail,1087,2174.7,Fog,Low,High,6,9,1
SHP-002675,Supplier_L,San Antonio,Nashville,Rail,4108,6777.13,Clear,Low,Critical,4,3,0
SHP-002676,Supplier_M,Houston,Nashville,Road,3298,4079.76,Clear,Moderate,Medium,4,4,0
SHP-002677,Supplier_E,San Jose,Miami,Road,4890,9318.87,Clear,Moderate,High,12,11,0
SHP-002678,Supplier_Y,Houston,Detroit,Air,2624,935.65,Storm,Low,Low,11,10,0
SHP-002679,Supplier_L,Dallas,Seattle,Road,1185,5139.68,Snow,Moderate,High,12,18,1
SHP-002680,Supplier_Q,Chicago,Las Vegas,Rail,2579,9189.29,Fog,High,Medium,9,16,1
SHP-002681,Supplier_R,San Diego,Boston,Sea,1793,9045.93,Rain,High,Low,14,16,1
SHP-002682,Supplier_D,San Antonio,Boston,Air,2415,1607.47,Clear,Low,Critical,4,2,0
SHP-002683,Supplier_K,Los Angeles,Boston,Sea,878,3698.05,Rain,Moderate,High,13,13,0
SHP-002684,Supplier_H,Philadelphia,Boston,Rail,4689,6210.26,Snow,Moderate,Critical,6,5,0
SHP-002685,Supplier_O,Houston,Nashville,Sea,1685,1635.98,Clear,Low,High,14,14,0
SHP-002686,Supplier_D,San Jose,Seattle,Rail,1592,9681.82,Clear,High,Medium,13,19,1
SHP-002687,Supplier_I,San Antonio,Miami,Sea,760,9151.76,Clear,Severe,High,9,8,0
SHP-002688,Supplier_O,San Antonio,Nashville,Road,1448,1711.15,Rain,High,Medium,3,3,0
SHP-002689,Supplier_H,San Jose,Miami,Rail,1399,1255.5,Storm,High,Critical,7,10,1
SHP-002690,Supplier_E,Philadelphia,Miami,Sea,4040,899.81,Rain,High,Low,7,12,1
SHP-002691,Supplier_D,Dallas,Miami,Sea,2086,9098.96,Fog,Moderate,Low,1,1,0
SHP-002692,Supplier_B,Houston,Denver,Air,2144,1976.56,Clear,Moderate,Low,11,9,0
SHP-002693,Supplier_J,Chicago,Detroit,Sea,3616,4192.04,Fog,High,High,2,1,0
SHP-002694,Supplier_M,Los Angeles,Las Vegas,Rail,1158,4516.07,Storm,Moderate,Critical,5,10,1
SHP-002695,Supplier_T,San Jose,Orlando,Road,1076,6010.16,Clear,Low,Critical,8,6,0
SHP-002696,Supplier_N,San Diego,Detroit,Rail,4677,763.77,Fog,Low,Medium,6,5,0
SHP-002697,Supplier_H,Los Angeles,Detroit,Rail,827,2306.25,Clear,High,High,14,12,0
SHP-002698,Supplier_F,San Jose,Denver,Rail,2627,9318.33,Storm,Low,High,14,15,1
SHP-002699,Supplier_K,San Jose,Orlando,Rail,3236,9088.68,Storm,Moderate,Critical,13,11,0
SHP-002700,Supplier_S,San Diego,Nashville,Road,442,7823.84,Snow,Severe,Critical,13,12,0
SHP-002701,Supplier_X,Philadelphia,Seattle,Sea,1547,243.04,Rain,High,Low,7,9,1
SHP-002702,Supplier_K,Dallas,Las Vegas,Rail,2479,3303.72,Clear,Severe,Critical,3,6,1
SHP-002703,Supplier_G,Los Angeles,Nashville,Sea,3759,6298.19,Rain,Moderate,Critical,6,6,0
SHP-002704,Supplier_Y,San Diego,Seattle,Rail,626,2788.14,Clear,Low,Critical,9,8,0
SHP-002705,Supplier_F,Chicago,Orlando,Air,1996,9100.39,Snow,High,Medium,3,2,0
SHP-002706,Supplier_P,Phoenix,Nashville,Sea,4854,6357.2,Snow,Low,Critical,14,13,0
SHP-002707,Supplier_Q,San Antonio,Miami,Sea,2173,765.47,Fog,Moderate,Low,13,11,0
SHP-002708,Supplier_O,Los Angeles,Orlando,Air,505,9094.61,Clear,Low,High,13,11,0
SHP-002709,Supplier_P,San Jose,Nashville,Road,1673,9579.78,Storm,Low,Medium,13,16,1
SHP-002710,Supplier_J,Los Angeles,Denver,Road,4700,823.24,Fog,Moderate,Medium,6,9,1
SHP-002711,Supplier_P,San Jose,Nashville,Air,3840,5346.98,Snow,Low,Critical,7,7,0
SHP-002712,Supplier_A,San Antonio,Denver,Road,4374,3068.47,Clear,Moderate,Medium,5,3,0
SHP-002713,Supplier_C,Philadelphia,Nashville,Rail,4327,3958.75,Clear,High,High,10,14,1
SHP-002714,Supplier_M,San Diego,Detroit,Rail,1946,1837.53,Clear,Low,Critical,13,12,0
SHP-002715,Supplier_Q,New York,Las Vegas,Rail,1578,5801.82,Rain,Low,Critical,8,7,0
SHP-002716,Supplier_O,Los Angeles,Denver,Air,2495,9581.89,Rain,Moderate,High,8,7,0
SHP-002717,Supplier_H,Houston,Nashville,Road,871,5055.57,Fog,Moderate,High,6,6,0
SHP-002718,Supplier_G,Chicago,Seattle,Road,678,875.0,Clear,Severe,Low,7,7,0
SHP-002719,Supplier_S,San Jose,Atlanta,Rail,3001,6219.01,Clear,Low,Low,3,1,0
SHP-002720,Supplier_L,New York,Denver,Air,293,3435.22,Rain,High,Low,13,19,1
SHP-002721,Supplier_B,Chicago,Las Vegas,Rail,2107,8566.46,Storm,Moderate,Low,7,6,0
SHP-002722,Supplier_B,Chicago,Atlanta,Air,1285,4375.05,Fog,Moderate,Low,7,7,0
SHP-002723,Supplier_J,San Diego,Orlando,Road,2494,1968.75,Storm,Low,High,4,10,1
SHP-002724,Supplier_P,Dallas,Nashville,Road,3098,1951.5,Clear,Moderate,Critical,10,15,1
SHP-002725,Supplier_T,Phoenix,Boston,Sea,1892,7699.2,Rain,Low,Medium,14,13,0
SHP-002726,Supplier_U,San Antonio,Las Vegas,Road,1210,2692.6,Storm,Low,Low,13,19,1
SHP-002727,Supplier_V,San Jose,Denver,Sea,4105,7683.97,Clear,Moderate,Medium,4,2,0
SHP-002728,Supplier_P,San Jose,Detroit,Air,2361,2098.58,Clear,High,High,14,19,1
SHP-002729,Supplier_J,San Diego,Seattle,Air,3836,3250.78,Clear,High,Medium,3,4,1
SHP-002730,Supplier_R,Houston,Atlanta,Sea,3893,4681.6,Clear,Moderate,Low,10,10,0
SHP-002731,Supplier_A,Houston,Atlanta,Road,2036,9434.8,Snow,Moderate,Low,7,6,0
SHP-002732,Supplier_D,Philadelphia,Miami,Air,4975,9320.73,Clear,Moderate,Critical,5,3,0
SHP-002733,Supplier_N,Phoenix,Nashville,Air,4457,2108.38,Clear,Severe,High,3,1,0
SHP-002734,Supplier_E,San Jose,Miami,Sea,829,3614.28,Clear,Moderate,High,6,6,0
SHP-002735,Supplier_I,Phoenix,Orlando,Road,4478,1536.52,Rain,Low,Medium,12,12,0
SHP-002736,Supplier_X,San Antonio,Denver,Air,3551,5124.35,Clear,Low,High,6,5,0
SHP-002737,Supplier_L,Philadelphia,Miami,Rail,4557,4632.8,Rain,Moderate,Critical,6,5,0
SHP-002738,Supplier_Y,Los Angeles,Orlando,Rail,4636,9012.56,Clear,Moderate,High,2,2,0
SHP-002739,Supplier_M,San Jose,Las Vegas,Road,2240,9303.55,Clear,Low,High,13,12,0
SHP-002740,Supplier_L,New York,Atlanta,Rail,1744,3866.5,Clear,High,Critical,11,14,1
SHP-002741,Supplier_B,San Jose,Orlando,Road,2900,4942.79,Clear,High,High,10,15,1
SHP-002742,Supplier_M,Dallas,Nashville,Road,241,8967.55,Clear,Moderate,Critical,12,11,0
SHP-002743,Supplier_B,San Antonio,Miami,Road,1555,8076.74,Clear,Low,Medium,7,6,0
SHP-002744,Supplier_S,Chicago,Denver,Road,4896,86.38,Storm,Low,High,13,17,1
SHP-002745,Supplier_R,Phoenix,Portland,Air,2196,3234.59,Rain,Severe,Critical,7,12,1
SHP-002746,Supplier_G,New York,Detroit,Air,1425,4246.65,Clear,High,High,10,10,0
SHP-002747,Supplier_L,Philadelphia,Denver,Rail,1313,2335.68,Clear,Low,High,12,11,0
SHP-002748,Supplier_R,Dallas,Seattle,Rail,1259,2035.74,Fog,Low,Medium,4,11,1
SHP-002749,Supplier_J,New York,Seattle,Rail,4750,425.96,Rain,Moderate,Low,11,9,0
SHP-002750,Supplier_C,New York,Boston,Air,4599,6451.53,Clear,Low,Low,6,6,0
SHP-002751,Supplier_M,Dallas,Seattle,Air,4797,2661.98,Snow,Moderate,Medium,4,4,0
SHP-002752,Supplier_Q,Philadelphia,Las Vegas,Sea,440,570.85,Snow,Severe,Medium,4,7,1
SHP-002753,Supplier_O,Los Angeles,Seattle,Rail,3928,2348.24,Snow,Low,Low,6,8,1
SHP-002754,Supplier_Y,Phoenix,Nashville,Road,2068,8029.04,Clear,Low,Critical,9,7,0
SHP-002755,Supplier_R,New York,Boston,Rail,803,8522.32,Clear,High,Critical,12,13,1
SHP-002756,Supplier_I,Houston,Miami,Road,4513,4856.51,Clear,Low,Low,13,11,0
SHP-002757,Supplier_T,San Antonio,Boston,Sea,2529,4189.9,Fog,Severe,Medium,7,6,0
SHP-002758,Supplier_V,San Jose,Atlanta,Sea,1900,9779.64,Rain,Moderate,High,2,2,0
SHP-002759,Supplier_T,San Antonio,Denver,Sea,4748,2045.62,Clear,Severe,Medium,14,13,0
SHP-002760,Supplier_D,Philadelphia,Miami,Air,955,2192.82,Fog,Low,Critical,6,6,0
SHP-002761,Supplier_E,San Antonio,Orlando,Rail,1912,2954.08,Fog,Low,Low,14,12,0
SHP-002762,Supplier_D,San Antonio,Atlanta,Road,2966,1768.94,Fog,Moderate,Critical,5,3,0
SHP-002763,Supplier_M,San Antonio,Atlanta,Rail,3742,3824.69,Storm,Moderate,Low,6,5,0
SHP-002764,Supplier_L,San Antonio,Portland,Sea,282,9112.8,Fog,Low,High,13,12,0
SHP-002765,Supplier_Z,Dallas,Orlando,Air,3212,6172.71,Clear,Severe,High,8,12,1
SHP-002766,Supplier_K,Houston,Atlanta,Air,4592,4148.87,Storm,High,High,8,12,1
SHP-002767,Supplier_R,Chicago,Atlanta,Road,1617,9347.39,Storm,Moderate,High,3,1,0
SHP-002768,Supplier_L,San Diego,Denver,Air,1456,532.22,Clear,Low,Low,9,8,0
SHP-002769,Supplier_Y,Chicago,Boston,Sea,2274,2142.25,Clear,High,High,6,9,1
SHP-002770,Supplier_E,Houston,Boston,Sea,3729,5680.59,Fog,High,Medium,7,12,1
SHP-002771,Supplier_G,Dallas,Denver,Rail,3728,6174.75,Clear,Moderate,Critical,9,7,0
SHP-002772,Supplier_T,San Antonio,Atlanta,Sea,4196,443.6,Storm,Severe,Critical,14,21,1
SHP-002773,Supplier_Q,Philadelphia,Atlanta,Rail,3339,4060.24,Clear,Low,Medium,13,12,0
SHP-002774,Supplier_M,San Antonio,Portland,Sea,3791,6509.08,Clear,Low,Critical,7,5,0
SHP-002775,Supplier_Q,Chicago,Detroit,Rail,118,6995.8,Clear,Low,Low,10,9,0
SHP-002776,Supplier_B,Phoenix,Seattle,Road,3503,6399.49,Clear,High,Low,9,7,0
SHP-002777,Supplier_B,Chicago,Nashville,Sea,4779,3239.6,Rain,Moderate,Medium,1,3,1
SHP-002778,Supplier_B,Chicago,Atlanta,Air,4651,980.53,Rain,Low,Medium,13,11,0
SHP-002779,Supplier_E,New York,Portland,Air,3104,4299.77,Clear,Low,Low,1,1,0
SHP-002780,Supplier_W,Los Angeles,Miami,Sea,1232,1331.11,Clear,Low,Medium,3,1,0
SHP-002781,Supplier_K,New York,Nashville,Air,3439,9478.86,Clear,Low,High,13,13,0
SHP-002782,Supplier_Z,Chicago,Atlanta,Road,3411,4777.95,Clear,Moderate,Critical,9,8,0
SHP-002783,Supplier_P,San Diego,Portland,Rail,3472,3206.73,Snow,Low,Low,1,5,1
SHP-002784,Supplier_Q,San Antonio,Atlanta,Air,1087,7674.73,Clear,Low,Low,1,1,0
SHP-002785,Supplier_O,Chicago,Seattle,Sea,3421,5004.59,Clear,High,Medium,5,5,0
SHP-002786,Supplier_E,Los Angeles,Nashville,Rail,4715,3134.84,Clear,Moderate,Critical,8,11,1
SHP-002787,Supplier_T,Chicago,Nashville,Sea,273,8129.08,Clear,High,Low,2,1,0
SHP-002788,Supplier_Q,San Antonio,Detroit,Rail,3841,8678.16,Clear,Low,High,4,4,0
SHP-002789,Supplier_E,San Diego,Portland,Air,3152,6746.43,Clear,Low,High,6,4,0
SHP-002790,Supplier_K,San Jose,Denver,Air,826,517.3,Storm,Moderate,Low,1,1,0
SHP-002791,Supplier_T,San Antonio,Denver,Rail,3860,5684.91,Fog,Low,Low,4,2,0
SHP-002792,Supplier_K,San Jose,Boston,Road,1975,7644.78,Storm,Low,Medium,4,9,1
SHP-002793,Supplier_F,Chicago,Miami,Road,4133,1408.2,Clear,High,Low,9,11,1
SHP-002794,Supplier_M,San Diego,Denver,Rail,1089,2325.27,Clear,Severe,Critical,9,8,0
SHP-002795,Supplier_T,Dallas,Orlando,Road,3844,8830.83,Rain,Low,Critical,6,4,0
SHP-002796,Supplier_X,San Antonio,Orlando,Road,2786,250.21,Snow,Low,Low,8,11,1
SHP-002797,Supplier_J,Dallas,Miami,Road,519,7539.64,Fog,Severe,High,12,15,1
SHP-002798,Supplier_S,San Diego,Atlanta,Sea,693,4764.04,Clear,Low,High,10,8,0
SHP-002799,Supplier_K,San Antonio,Detroit,Road,1874,4495.38,Clear,Moderate,Medium,4,3,0
SHP-002800,Supplier_Q,Philadelphia,Detroit,Sea,2559,120.61,Rain,Severe,Critical,10,15,1
SHP-002801,Supplier_Q,Houston,Portland,Sea,1035,8203.01,Storm,Severe,Critical,8,14,1
SHP-002802,Supplier_R,Chicago,Orlando,Air,3908,3630.26,Storm,Moderate,Medium,3,5,1
SHP-002803,Supplier_P,San Antonio,Orlando,Rail,431,5430.62,Rain,Low,Medium,2,1,0
SHP-002804,Supplier_W,San Jose,Las Vegas,Rail,3549,6789.14,Fog,Low,High,6,13,1
SHP-002805,Supplier_S,New York,Miami,Road,2802,7041.16,Rain,High,Low,5,8,1
SHP-002806,Supplier_J,San Jose,Denver,Road,4106,9562.0,Fog,Severe,High,8,7,0
SHP-002807,Supplier_P,San Diego,Las Vegas,Road,3968,5336.83,Fog,Moderate,Low,1,1,0
SHP-002808,Supplier_A,Houston,Boston,Rail,4300,4027.21,Storm,High,Critical,11,16,1
SHP-002809,Supplier_L,Dallas,Atlanta,Rail,301,9539.35,Clear,High,Low,12,16,1
SHP-002810,Supplier_K,Phoenix,Seattle,Air,2597,6439.0,Clear,Moderate,High,10,8,0
SHP-002811,Supplier_V,San Antonio,Orlando,Road,1942,3016.6,Rain,High,Medium,3,7,1
SHP-002812,Supplier_D,Dallas,Miami,Road,1966,1308.32,Clear,Moderate,Medium,7,7,0
SHP-002813,Supplier_N,San Jose,Las Vegas,Air,2096,8433.42,Storm,Moderate,Critical,13,11,0
SHP-002814,Supplier_S,Philadelphia,Miami,Sea,1009,3653.71,Clear,Low,Low,10,9,0
SHP-002815,Supplier_J,New York,Las Vegas,Sea,4405,6621.67,Clear,High,Low,14,14,0
SHP-002816,Supplier_Z,New York,Las Vegas,Sea,4758,4734.62,Snow,Moderate,Low,12,11,0
SHP-002817,Supplier_X,San Jose,Denver,Sea,3289,2029.35,Clear,Low,Medium,4,4,0
SHP-002818,Supplier_W,San Diego,Seattle,Rail,870,6036.78,Clear,High,Low,10,8,0
SHP-002819,Supplier_U,Philadelphia,Detroit,Sea,3255,653.8,Clear,Moderate,Low,5,3,0
SHP-002820,Supplier_A,Los Angeles,Atlanta,Air,2601,4162.76,Rain,Severe,Medium,8,9,1
SHP-002821,Supplier_T,San Jose,Seattle,Road,2814,5488.82,Clear,Low,Medium,1,1,0
SHP-002822,Supplier_P,San Diego,Miami,Rail,4824,4388.67,Storm,Moderate,Critical,1,5,1
SHP-002823,Supplier_I,Los Angeles,Detroit,Rail,3685,7499.29,Clear,Low,High,12,11,0
SHP-002824,Supplier_U,Chicago,Denver,Rail,1728,8287.85,Fog,Severe,Medium,7,7,0
SHP-002825,Supplier_Z,Dallas,Seattle,Road,486,7723.87,Clear,Low,High,13,12,0
SHP-002826,Supplier_Y,Phoenix,Atlanta,Road,3521,436.19,Clear,Moderate,High,12,11,0
SHP-002827,Supplier_S,San Diego,Denver,Air,4108,1981.58,Clear,High,Low,9,7,0
SHP-002828,Supplier_S,Dallas,Boston,Sea,4193,5389.24,Clear,Low,Medium,4,3,0
SHP-002829,Supplier_H,Los Angeles,Boston,Sea,4463,9351.48,Rain,Severe,Critical,8,11,1
SHP-002830,Supplier_X,Dallas,Portland,Rail,2566,8357.82,Clear,High,Low,10,8,0
SHP-002831,Supplier_B,San Jose,Seattle,Air,2382,8433.22,Clear,Low,Low,7,7,0
SHP-002832,Supplier_S,Los Angeles,Atlanta,Road,1956,3066.92,Rain,Low,High,14,14,0
SHP-002833,Supplier_P,Houston,Detroit,Air,2098,4323.01,Clear,Low,Low,2,1,0
SHP-002834,Supplier_F,San Diego,Las Vegas,Rail,1336,4733.52,Clear,Low,Low,14,13,0
SHP-002835,Supplier_Q,Los Angeles,Boston,Rail,4769,1615.85,Snow,High,Low,5,9,1
SHP-002836,Supplier_U,Dallas,Portland,Rail,4244,359.13,Fog,Severe,High,9,14,1
SHP-002837,Supplier_X,San Jose,Portland,Sea,1250,9471.68,Clear,Low,High,13,13,0
SHP-002838,Supplier_T,Phoenix,Nashville,Rail,4418,2445.09,Clear,Moderate,Low,13,17,1
SHP-002839,Supplier_Y,San Jose,Las Vegas,Rail,1531,2437.49,Fog,Moderate,Medium,9,7,0
SHP-002840,Supplier_M,New York,Nashville,Air,1919,879.62,Clear,Low,High,3,3,0
SHP-002841,Supplier_E,Philadelphia,Seattle,Road,2424,9288.65,Fog,Low,Medium,11,10,0
SHP-002842,Supplier_V,Dallas,Boston,Road,1230,5818.38,Clear,Low,Critical,12,11,0
SHP-002843,Supplier_H,New York,Denver,Air,2758,6687.02,Storm,Moderate,Medium,3,10,1
SHP-002844,Supplier_B,San Diego,Seattle,Road,3600,9120.19,Clear,Moderate,Critical,2,2,0
SHP-002845,Supplier_S,San Diego,Boston,Sea,474,3488.92,Fog,High,Low,7,11,1
SHP-002846,Supplier_W,Dallas,Nashville,Rail,2220,6234.0,Clear,Low,High,6,6,0
SHP-002847,Supplier_D,San Diego,Atlanta,Rail,4120,436.05,Rain,High,Critical,5,4,0
SHP-002848,Supplier_G,San Jose,Orlando,Rail,2121,1908.39,Clear,Moderate,Medium,7,7,0
SHP-002849,Supplier_A,Philadelphia,Orlando,Sea,3805,8320.9,Clear,High,Critical,4,2,0
SHP-002850,Supplier_O,San Antonio,Boston,Rail,3359,7679.35,Snow,Moderate,Critical,5,11,1
SHP-002851,Supplier_K,Philadelphia,Denver,Rail,3535,3538.89,Rain,High,Medium,9,7,0
SHP-002852,Supplier_N,Phoenix,Seattle,Sea,1989,3799.27,Fog,High,Critical,11,11,0
SHP-002853,Supplier_E,Phoenix,Portland,Road,1923,5358.87,Clear,Moderate,Low,9,7,0
SHP-002854,Supplier_N,Chicago,Nashville,Sea,1574,52.4,Storm,Low,Medium,4,8,1
SHP-002855,Supplier_W,New York,Portland,Sea,2342,2450.38,Clear,Severe,High,6,5,0
SHP-002856,Supplier_G,San Jose,Nashville,Road,3343,2121.91,Fog,High,Critical,2,1,0
SHP-002857,Supplier_N,Phoenix,Orlando,Sea,3234,2542.31,Fog,Severe,Medium,3,5,1
SHP-002858,Supplier_Q,San Jose,Boston,Road,2170,8068.76,Clear,High,Medium,9,15,1
SHP-002859,Supplier_Y,Phoenix,Detroit,Rail,459,2832.75,Storm,Moderate,High,6,4,0
SHP-002860,Supplier_T,New York,Orlando,Air,2141,1955.64,Storm,Low,Medium,8,7,0
SHP-002861,Supplier_P,San Diego,Atlanta,Air,1241,5067.42,Clear,Low,Low,11,12,1
SHP-002862,Supplier_X,San Jose,Orlando,Air,1735,8663.17,Rain,Severe,Low,5,7,1
SHP-002863,Supplier_X,Chicago,Nashville,Air,4100,2451.43,Clear,Low,High,2,2,0
SHP-002864,Supplier_B,San Jose,Nashville,Air,2043,831.44,Storm,Low,High,7,8,1
SHP-002865,Supplier_W,New York,Seattle,Sea,4874,3596.23,Clear,High,Critical,6,6,0
SHP-002866,Supplier_E,Phoenix,Orlando,Rail,3461,7489.14,Clear,High,Low,11,11,0
SHP-002867,Supplier_Q,San Jose,Detroit,Rail,3080,5529.37,Clear,Low,High,2,2,0
SHP-002868,Supplier_G,New York,Detroit,Air,106,8177.09,Rain,Low,High,6,8,1
SHP-002869,Supplier_R,Phoenix,Atlanta,Sea,3367,9597.94,Storm,Moderate,Critical,13,17,1
SHP-002870,Supplier_K,San Diego,Portland,Air,1691,7936.99,Fog,Low,Medium,8,7,0
SHP-002871,Supplier_V,Los Angeles,Denver,Air,3364,6057.84,Clear,High,Low,13,19,1
SHP-002872,Supplier_P,Chicago,Miami,Rail,2706,4958.75,Clear,Low,High,1,1,0
SHP-002873,Supplier_Q,Dallas,Las Vegas,Sea,3319,448.69,Snow,High,Critical,4,11,1
SHP-002874,Supplier_M,Los Angeles,Boston,Air,3373,9844.0,Rain,High,Critical,1,1,0
SHP-002875,Supplier_K,Phoenix,Orlando,Sea,1013,3865.64,Clear,Moderate,Medium,2,1,0
SHP-002876,Supplier_F,Phoenix,Nashville,Road,2111,1564.67,Clear,Low,Critical,1,1,0
SHP-002877,Supplier_O,Chicago,Boston,Road,1542,6683.75,Rain,Moderate,Medium,6,5,0
SHP-002878,Supplier_R,San Jose,Orlando,Road,3154,2878.67,Clear,Moderate,High,11,11,0
SHP-002879,Supplier_K,Phoenix,Las Vegas,Air,3646,5878.49,Snow,Low,High,6,13,1
SHP-002880,Supplier_R,Phoenix,Detroit,Air,4321,5888.34,Rain,High,Low,1,1,0
SHP-002881,Supplier_L,Phoenix,Nashville,Sea,3028,4485.01,Storm,Moderate,Low,4,3,0
SHP-002882,Supplier_V,New York,Miami,Road,1929,8369.38,Rain,High,Critical,14,14,0
SHP-002883,Supplier_Y,Los Angeles,Atlanta,Road,675,2686.42,Clear,Low,High,14,12,0
SHP-002884,Supplier_X,San Jose,Denver,Air,1029,4513.89,Storm,Low,Medium,14,17,1
SHP-002885,Supplier_V,Chicago,Detroit,Air,3859,5400.04,Rain,Severe,Critical,4,4,0
SHP-002886,Supplier_U,San Jose,Nashville,Air,3799,6653.07,Clear,Moderate,Low,8,8,0
SHP-002887,Supplier_Z,Chicago,Denver,Air,1563,7850.52,Rain,Moderate,Medium,6,5,0
SHP-002888,Supplier_W,San Diego,Detroit,Air,3375,3978.33,Clear,Moderate,Medium,2,1,0
SHP-002889,Supplier_I,Philadelphia,Seattle,Sea,1154,6478.17,Storm,Low,Critical,5,11,1
SHP-002890,Supplier_T,Chicago,Atlanta,Sea,2000,1548.58,Clear,High,Critical,4,2,0
SHP-002891,Supplier_P,Phoenix,Seattle,Rail,1557,9329.85,Snow,Low,Medium,10,8,0
SHP-002892,Supplier_G,Houston,Detroit,Rail,1499,3861.44,Clear,Moderate,Critical,4,4,0
SHP-002893,Supplier_H,San Diego,Detroit,Air,3515,7308.74,Clear,Moderate,Low,12,10,0
SHP-002894,Supplier_I,Chicago,Denver,Road,542,252.39,Fog,Severe,Medium,8,6,0
SHP-002895,Supplier_R,Dallas,Detroit,Road,3750,2091.61,Storm,Moderate,Critical,5,10,1
SHP-002896,Supplier_J,New York,Atlanta,Air,4752,4896.47,Clear,Low,Critical,3,3,0
SHP-002897,Supplier_H,Philadelphia,Miami,Road,1278,8788.61,Clear,Moderate,Critical,10,10,0
SHP-002898,Supplier_J,Los Angeles,Detroit,Sea,4558,5296.19,Clear,Low,Low,12,12,0
SHP-002899,Supplier_Y,Chicago,Miami,Air,1357,9302.21,Rain,Low,High,4,10,1
SHP-002900,Supplier_J,San Jose,Detroit,Rail,3734,4863.78,Snow,Low,Medium,1,4,1
SHP-002901,Supplier_W,Chicago,Seattle,Road,1941,4929.97,Snow,Moderate,High,6,5,0
SHP-002902,Supplier_G,San Diego,Portland,Sea,2409,1241.48,Rain,Low,Medium,11,12,1
SHP-002903,Supplier_W,San Antonio,Orlando,Air,1010,8036.43,Storm,Moderate,Low,13,11,0
SHP-002904,Supplier_W,San Antonio,Detroit,Rail,4440,2507.31,Clear,Severe,Critical,10,10,0
SHP-002905,Supplier_P,Houston,Seattle,Sea,4737,9001.14,Clear,High,High,4,2,0
SHP-002906,Supplier_K,San Diego,Las Vegas,Road,4109,9112.7,Rain,Low,High,6,5,0
SHP-002907,Supplier_P,Chicago,Atlanta,Air,2269,9435.94,Fog,Low,Low,2,1,0
SHP-002908,Supplier_L,Houston,Nashville,Rail,2272,5226.29,Snow,Moderate,Critical,5,8,1
SHP-002909,Supplier_R,San Jose,Boston,Road,223,6787.08,Rain,High,Low,11,10,0
SHP-002910,Supplier_Z,Philadelphia,Orlando,Sea,3258,7796.23,Rain,Low,Low,9,8,0
SHP-002911,Supplier_X,New York,Seattle,Rail,885,1353.6,Fog,High,Low,8,8,0
SHP-002912,Supplier_I,Phoenix,Las Vegas,Rail,2516,6029.52,Clear,Moderate,Critical,3,2,0
SHP-002913,Supplier_J,Los Angeles,Seattle,Road,896,391.26,Clear,Moderate,High,1,1,0
SHP-002914,Supplier_D,New York,Atlanta,Road,4272,5000.78,Fog,Severe,Medium,10,11,1
SHP-002915,Supplier_S,Chicago,Las Vegas,Road,4254,1590.68,Storm,High,High,3,9,1
SHP-002916,Supplier_V,San Diego,Boston,Rail,2036,1870.08,Clear,High,High,8,6,0
SHP-002917,Supplier_R,San Antonio,Orlando,Rail,2256,3682.22,Clear,Low,Critical,11,11,0
SHP-002918,Supplier_M,San Diego,Atlanta,Sea,3907,4352.75,Clear,Moderate,High,3,2,0
SHP-002919,Supplier_M,Phoenix,Orlando,Road,1401,6250.57,Clear,Moderate,Low,5,5,0
SHP-002920,Supplier_L,San Diego,Nashville,Road,4263,790.56,Fog,Low,High,2,2,0
SHP-002921,Supplier_Y,Dallas,Nashville,Sea,3240,5061.73,Clear,Moderate,Low,1,6,1
SHP-002922,Supplier_Z,Houston,Detroit,Sea,3336,1867.12,Storm,Low,Low,11,9,0
SHP-002923,Supplier_E,San Antonio,Detroit,Rail,2452,5761.05,Clear,Low,Medium,10,8,0
SHP-002924,Supplier_J,San Antonio,Seattle,Sea,2032,6392.18,Rain,Low,Low,14,13,0
SHP-002925,Supplier_B,San Diego,Seattle,Sea,2821,5589.26,Clear,High,Medium,5,3,0
SHP-002926,Supplier_J,Phoenix,Miami,Air,464,7396.04,Snow,Severe,Critical,5,8,1
SHP-002927,Supplier_W,Chicago,Portland,Air,2490,3389.31,Rain,Moderate,Medium,6,4,0
SHP-002928,Supplier_C,Dallas,Portland,Air,1046,7662.81,Rain,Moderate,Low,2,1,0
SHP-002929,Supplier_L,San Antonio,Miami,Air,1477,4356.03,Clear,Low,High,9,9,0
SHP-002930,Supplier_O,New York,Boston,Sea,1539,4867.64,Clear,Severe,Medium,2,8,1
SHP-002931,Supplier_U,Phoenix,Nashville,Air,3280,6498.62,Clear,Moderate,Critical,2,2,0
SHP-002932,Supplier_I,San Diego,Atlanta,Rail,4957,232.67,Clear,High,Critical,12,11,0
SHP-002933,Supplier_X,San Antonio,Atlanta,Sea,440,6557.24,Rain,High,Medium,5,5,0
SHP-002934,Supplier_P,Philadelphia,Portland,Sea,3089,6204.92,Rain,Low,Critical,9,8,0
SHP-002935,Supplier_G,Dallas,Denver,Air,482,3132.98,Rain,Moderate,Medium,4,4,0
SHP-002936,Supplier_G,New York,Orlando,Road,1656,903.65,Rain,Severe,Low,6,6,0
SHP-002937,Supplier_R,Los Angeles,Detroit,Road,399,954.81,Clear,Low,High,2,2,0
SHP-002938,Supplier_I,Dallas,Orlando,Road,238,9236.08,Clear,Moderate,High,14,13,0
SHP-002939,Supplier_R,Philadelphia,Nashville,Sea,458,6908.33,Clear,Severe,High,13,14,1
SHP-002940,Supplier_W,San Antonio,Seattle,Rail,1622,1314.67,Storm,Low,Critical,4,3,0
SHP-002941,Supplier_I,San Jose,Orlando,Rail,3556,3599.4,Rain,High,Low,12,11,0
SHP-002942,Supplier_E,Phoenix,Miami,Rail,1727,5945.21,Clear,Severe,Medium,9,9,0
SHP-002943,Supplier_D,Philadelphia,Boston,Air,1403,8363.94,Clear,High,High,2,2,0
SHP-002944,Supplier_T,Phoenix,Miami,Road,1234,484.43,Storm,Low,Medium,1,1,0
SHP-002945,Supplier_X,Phoenix,Orlando,Sea,2286,2404.5,Snow,Low,Low,4,9,1
SHP-002946,Supplier_S,Los Angeles,Miami,Rail,3270,8903.0,Rain,Low,Critical,4,8,1
SHP-002947,Supplier_H,Phoenix,Portland,Air,3935,141.2,Clear,High,Low,1,7,1
SHP-002948,Supplier_H,San Jose,Boston,Road,2251,2053.92,Clear,High,Critical,4,4,0
SHP-002949,Supplier_B,San Antonio,Denver,Sea,1337,9592.29,Fog,Moderate,Critical,3,1,0
SHP-002950,Supplier_V,San Diego,Nashville,Rail,3835,6153.35,Snow,Low,Critical,13,20,1
SHP-002951,Supplier_Q,Houston,Miami,Sea,2934,2653.63,Clear,Low,High,2,1,0
SHP-002952,Supplier_H,San Jose,Las Vegas,Road,4360,716.56,Storm,High,Low,13,14,1
SHP-002953,Supplier_U,Houston,Las Vegas,Air,1098,330.5,Snow,High,Medium,10,11,1
SHP-002954,Supplier_H,Dallas,Miami,Air,2667,2485.21,Clear,Severe,Medium,4,9,1
SHP-002955,Supplier_B,Philadelphia,Detroit,Air,1407,8820.78,Clear,High,High,8,7,0
SHP-002956,Supplier_D,Chicago,Miami,Road,756,4188.34,Clear,High,Critical,7,5,0
SHP-002957,Supplier_N,Philadelphia,Atlanta,Rail,2760,7217.32,Clear,High,High,9,14,1
SHP-002958,Supplier_K,Dallas,Portland,Sea,2311,9186.94,Snow,Moderate,High,8,13,1
SHP-002959,Supplier_W,New York,Atlanta,Rail,2009,4110.0,Clear,Moderate,High,1,1,0
SHP-002960,Supplier_P,New York,Nashville,Rail,3830,1953.21,Storm,Severe,Low,12,18,1
SHP-002961,Supplier_D,Los Angeles,Boston,Rail,2146,5195.32,Fog,Moderate,Medium,2,9,1
SHP-002962,Supplier_V,New York,Boston,Road,3262,9085.43,Clear,Low,High,12,11,0
SHP-002963,Supplier_Y,San Antonio,Detroit,Rail,1240,8053.53,Clear,Low,Critical,2,1,0
SHP-002964,Supplier_E,Los Angeles,Detroit,Sea,366,705.01,Storm,Low,Medium,12,11,0
SHP-002965,Supplier_A,Dallas,Nashville,Road,1945,6941.1,Snow,Moderate,Critical,8,13,1
SHP-002966,Supplier_R,Los Angeles,Atlanta,Rail,1808,5740.38,Snow,Low,Low,12,11,0
SHP-002967,Supplier_F,San Diego,Las Vegas,Road,3730,9079.26,Clear,Low,Critical,4,10,1
SHP-002968,Supplier_N,Philadelphia,Detroit,Sea,3311,1268.69,Clear,Moderate,High,9,9,0
SHP-002969,Supplier_U,Houston,Portland,Air,2393,5363.66,Rain,Low,Medium,2,2,0
SHP-002970,Supplier_P,Phoenix,Orlando,Sea,3832,8800.65,Fog,High,Low,14,17,1
SHP-002971,Supplier_P,Phoenix,Miami,Road,3929,4129.74,Clear,Moderate,Critical,4,2,0
SHP-002972,Supplier_U,Houston,Nashville,Rail,1610,4845.85,Fog,Moderate,Low,13,18,1
SHP-002973,Supplier_G,New York,Boston,Air,575,751.08,Clear,Low,Low,13,12,0
SHP-002974,Supplier_Y,New York,Portland,Rail,1076,2817.53,Fog,Low,Critical,1,1,0
SHP-002975,Supplier_J,San Jose,Portland,Road,1307,3278.84,Rain,Moderate,High,3,2,0
SHP-002976,Supplier_K,Los Angeles,Atlanta,Sea,2060,9453.97,Clear,High,Low,6,6,0
SHP-002977,Supplier_J,New York,Detroit,Air,657,2862.54,Rain,High,Medium,9,7,0
SHP-002978,Supplier_U,San Jose,Orlando,Sea,982,4635.64,Clear,Low,High,11,11,0
SHP-002979,Supplier_B,Houston,Atlanta,Sea,2294,6729.48,Clear,Moderate,Medium,1,1,0
SHP-002980,Supplier_Y,San Jose,Miami,Rail,4861,1663.72,Clear,Low,Low,5,4,0
SHP-002981,Supplier_C,Los Angeles,Seattle,Road,2767,4890.1,Clear,Severe,Critical,12,12,0
SHP-002982,Supplier_U,Los Angeles,Miami,Sea,4777,7398.46,Clear,Severe,Medium,2,7,1
SHP-002983,Supplier_S,Los Angeles,Miami,Sea,4890,8675.21,Snow,Moderate,Critical,7,11,1
SHP-002984,Supplier_H,San Jose,Denver,Rail,1710,6281.28,Rain,Moderate,Critical,4,4,0
SHP-002985,Supplier_R,Chicago,Atlanta,Air,3588,6707.08,Clear,High,High,5,5,0
SHP-002986,Supplier_X,San Antonio,Detroit,Air,2554,1306.52,Storm,High,Medium,8,11,1
SHP-002987,Supplier_X,San Jose,Nashville,Road,4594,9460.48,Rain,Moderate,Medium,2,2,0
SHP-002988,Supplier_B,Chicago,Seattle,Road,2046,1369.11,Fog,Severe,Medium,3,9,1
SHP-002989,Supplier_F,Los Angeles,Denver,Road,4910,7758.0,Rain,Moderate,Critical,11,9,0
SHP-002990,Supplier_N,Chicago,Atlanta,Road,4899,2684.92,Clear,Moderate,High,5,12,1
SHP-002991,Supplier_F,Phoenix,Seattle,Air,2908,9339.25,Clear,High,Critical,10,10,0
SHP-002992,Supplier_B,Phoenix,Detroit,Air,3925,7213.6,Rain,Moderate,Critical,4,4,0
SHP-002993,Supplier_M,San Diego,Las Vegas,Rail,3636,7550.45,Clear,High,Low,5,6,1
SHP-002994,Supplier_Z,Los Angeles,Miami,Sea,3902,2229.64,Clear,Low,High,3,1,0
SHP-002995,Supplier_P,San Diego,Miami,Sea,4277,4458.25,Clear,Low,Low,13,13,0
SHP-002996,Supplier_F,Phoenix,Boston,Sea,4799,6197.24,Clear,Low,Medium,12,10,0
SHP-002997,Supplier_X,San Antonio,Miami,Road,2070,7711.24,Clear,Moderate,Low,9,8,0
SHP-002998,Supplier_J,Philadelphia,Atlanta,Road,3922,1084.4,Clear,Moderate,Low,8,8,0
SHP-002999,Supplier_B,Phoenix,Miami,Rail,2919,9625.53,Clear,Severe,Low,14,12,0
SHP-003000,Supplier_A,Chicago,Boston,Sea,1002,8907.7,Rain,Moderate,High,6,5,0
SHP-003001,Supplier_J,Los Angeles,Atlanta,Rail,464,2739.97,Rain,High,Medium,14,12,0
SHP-003002,Supplier_S,Phoenix,Boston,Air,4358,8236.46,Clear,Low,Critical,1,1,0
SHP-003003,Supplier_T,New York,Detroit,Rail,3219,5207.32,Clear,High,Low,4,2,0
SHP-003004,Supplier_D,San Antonio,Orlando,Road,2658,4644.97,Clear,Moderate,Medium,7,7,0
SHP-003005,Supplier_K,San Antonio,Nashville,Rail,1963,3178.62,Clear,Moderate,Medium,10,9,0
SHP-003006,Supplier_J,Philadelphia,Boston,Air,215,5830.64,Clear,Low,Critical,5,4,0
SHP-003007,Supplier_O,New York,Denver,Road,2484,7312.4,Clear,Moderate,Medium,4,3,0
SHP-003008,Supplier_U,Phoenix,Denver,Road,4035,4138.78,Rain,Moderate,High,9,8,0
SHP-003009,Supplier_R,Phoenix,Orlando,Air,2590,6310.73,Rain,Moderate,High,8,8,0
SHP-003010,Supplier_Q,Chicago,Portland,Rail,1042,7008.16,Clear,Severe,Medium,3,1,0
SHP-003011,Supplier_P,San Diego,Atlanta,Air,1824,7125.66,Clear,High,Low,14,15,1
SHP-003012,Supplier_E,Los Angeles,Denver,Rail,2434,567.06,Rain,Severe,High,6,4,0
SHP-003013,Supplier_Q,San Diego,Detroit,Rail,2867,8604.49,Storm,Moderate,Low,12,13,1
SHP-003014,Supplier_O,Houston,Denver,Rail,1237,4609.62,Snow,Severe,Medium,14,14,0
SHP-003015,Supplier_I,San Jose,Orlando,Sea,2627,2661.04,Rain,High,Medium,14,19,1
SHP-003016,Supplier_G,San Antonio,Nashville,Road,4217,2455.56,Clear,Low,Low,12,13,1
SHP-003017,Supplier_Z,Chicago,Portland,Sea,3520,4855.99,Clear,Moderate,Low,4,3,0
SHP-003018,Supplier_D,San Diego,Atlanta,Rail,4878,8873.97,Storm,Low,High,7,13,1
SHP-003019,Supplier_K,Los Angeles,Las Vegas,Road,4006,3814.56,Clear,Low,Critical,1,1,0
SHP-003020,Supplier_F,Chicago,Las Vegas,Road,3737,7509.77,Fog,Low,Critical,1,1,0
SHP-003021,Supplier_X,Dallas,Seattle,Air,3053,1013.35,Rain,Low,Medium,14,13,0
SHP-003022,Supplier_O,San Antonio,Orlando,Sea,2467,4786.76,Rain,High,Low,12,10,0
SHP-003023,Supplier_U,Houston,Portland,Road,4321,9917.28,Clear,Moderate,High,12,11,0
SHP-003024,Supplier_I,San Jose,Portland,Rail,376,7715.86,Rain,Low,High,6,6,0
SHP-003025,Supplier_W,Los Angeles,Boston,Road,2099,2144.76,Clear,High,Low,10,8,0
SHP-003026,Supplier_F,San Diego,Detroit,Air,1327,5039.34,Clear,High,Low,11,12,1
SHP-003027,Supplier_A,Phoenix,Portland,Sea,3852,2374.57,Clear,Severe,Low,13,18,1
SHP-003028,Supplier_X,Los Angeles,Seattle,Air,3835,4125.13,Storm,Moderate,Critical,13,13,0
SHP-003029,Supplier_K,New York,Atlanta,Sea,795,7811.84,Rain,Moderate,High,14,13,0
SHP-003030,Supplier_Z,Los Angeles,Boston,Rail,1409,7723.69,Clear,Low,Low,7,10,1
SHP-003031,Supplier_J,Los Angeles,Boston,Sea,4252,2319.6,Clear,Low,Medium,13,11,0
SHP-003032,Supplier_S,San Jose,Atlanta,Rail,3334,9226.12,Snow,Low,Medium,9,12,1
SHP-003033,Supplier_V,Phoenix,Detroit,Air,4214,5946.05,Snow,Moderate,High,7,11,1
SHP-003034,Supplier_Y,San Diego,Las Vegas,Rail,2411,3830.25,Rain,Severe,High,9,16,1
SHP-003035,Supplier_G,New York,Seattle,Air,2941,5044.26,Rain,Low,Medium,10,8,0
SHP-003036,Supplier_F,San Diego,Seattle,Air,4308,6070.46,Clear,Low,Low,14,12,0
SHP-003037,Supplier_T,Chicago,Atlanta,Road,3659,5620.91,Rain,Low,Low,9,11,1
SHP-003038,Supplier_U,New York,Atlanta,Rail,3498,4889.73,Clear,High,Critical,14,19,1
SHP-003039,Supplier_M,New York,Portland,Air,641,5074.08,Fog,Low,High,14,12,0
SHP-003040,Supplier_N,San Antonio,Miami,Road,2794,1805.3,Rain,Moderate,Low,8,7,0
SHP-003041,Supplier_Q,Phoenix,Seattle,Air,4774,8136.69,Clear,Low,Medium,7,5,0
SHP-003042,Supplier_K,Chicago,Miami,Rail,1188,5440.52,Clear,Moderate,Medium,12,12,0
SHP-003043,Supplier_C,Philadelphia,Seattle,Sea,3463,1354.24,Storm,Low,High,3,6,1
SHP-003044,Supplier_M,San Antonio,Portland,Road,124,7673.26,Clear,Moderate,Critical,11,10,0
SHP-003045,Supplier_V,San Jose,Nashville,Air,1672,9327.82,Clear,Low,Low,14,12,0
SHP-003046,Supplier_D,New York,Seattle,Sea,3058,9475.7,Rain,High,Critical,3,1,0
SHP-003047,Supplier_F,Dallas,Portland,Rail,4336,3721.73,Clear,Moderate,Medium,11,10,0
SHP-003048,Supplier_E,San Diego,Atlanta,Road,1867,1398.39,Snow,High,Critical,5,11,1
SHP-003049,Supplier_P,San Diego,Detroit,Sea,4843,5208.08,Clear,Moderate,High,7,7,0
SHP-003050,Supplier_K,San Antonio,Seattle,Sea,2335,1170.46,Snow,Low,Critical,13,12,0
SHP-003051,Supplier_H,San Antonio,Orlando,Air,300,9343.17,Clear,Low,Medium,12,12,0
SHP-003052,Supplier_A,Los Angeles,Las Vegas,Rail,3298,1876.62,Clear,Moderate,Medium,10,12,1
SHP-003053,Supplier_I,Dallas,Las Vegas,Air,356,2565.02,Storm,Moderate,Medium,7,14,1
SHP-003054,Supplier_M,Houston,Detroit,Road,3847,4096.03,Rain,Moderate,High,1,1,0
SHP-003055,Supplier_H,New York,Boston,Sea,4742,3862.49,Clear,High,Low,8,15,1
SHP-003056,Supplier_O,San Antonio,Portland,Rail,2341,7956.9,Clear,High,Critical,1,1,0
SHP-003057,Supplier_Y,San Diego,Denver,Air,3275,4590.35,Rain,High,High,13,12,0
SHP-003058,Supplier_I,Los Angeles,Las Vegas,Air,3706,1749.14,Rain,Low,Medium,14,15,1
SHP-003059,Supplier_K,San Jose,Atlanta,Sea,3436,2708.74,Fog,Moderate,Medium,11,10,0
SHP-003060,Supplier_J,Dallas,Denver,Road,4997,5115.68,Fog,Low,High,4,4,0
SHP-003061,Supplier_S,Philadelphia,Seattle,Sea,513,1517.17,Rain,Moderate,Low,2,1,0
SHP-003062,Supplier_X,Philadelphia,Detroit,Road,2114,6135.97,Clear,Low,High,5,5,0
SHP-003063,Supplier_S,Phoenix,Nashville,Road,1481,5679.19,Clear,Low,Medium,6,4,0
SHP-003064,Supplier_A,San Antonio,Portland,Rail,1198,7161.29,Rain,High,Medium,4,7,1
SHP-003065,Supplier_I,New York,Orlando,Sea,3526,9380.16,Clear,Moderate,Critical,14,13,0
SHP-003066,Supplier_U,Los Angeles,Las Vegas,Rail,3755,9126.93,Clear,Low,Low,12,12,0
SHP-003067,Supplier_L,Philadelphia,Seattle,Sea,1009,9463.45,Clear,Low,Low,13,12,0
SHP-003068,Supplier_W,Dallas,Nashville,Sea,287,2484.92,Clear,Moderate,Low,4,2,0
SHP-003069,Supplier_H,Philadelphia,Seattle,Road,4144,1359.07,Clear,Severe,Low,7,6,0
SHP-003070,Supplier_B,Los Angeles,Atlanta,Air,3856,3057.65,Clear,Moderate,Medium,11,9,0
SHP-003071,Supplier_V,San Diego,Boston,Road,2115,8956.1,Snow,Severe,High,4,11,1
SHP-003072,Supplier_D,Phoenix,Nashville,Road,2192,9721.93,Clear,Low,Critical,2,2,0
SHP-003073,Supplier_O,Houston,Denver,Air,3744,8600.28,Clear,Moderate,Critical,4,4,0
SHP-003074,Supplier_J,Chicago,Boston,Air,2230,1144.68,Clear,High,Low,7,5,0
SHP-003075,Supplier_F,Dallas,Orlando,Sea,457,9476.91,Rain,Moderate,Critical,1,1,0
SHP-003076,Supplier_M,New York,Atlanta,Air,2522,4262.41,Clear,Low,Medium,4,3,0
SHP-003077,Supplier_V,San Antonio,Denver,Air,4357,142.64,Rain,Moderate,Low,6,4,0
SHP-003078,Supplier_Q,Houston,Portland,Sea,4645,4451.82,Fog,Moderate,Critical,8,7,0
SHP-003079,Supplier_W,Phoenix,Atlanta,Air,1597,508.39,Clear,High,Low,8,6,0
SHP-003080,Supplier_Y,San Antonio,Atlanta,Road,2258,5461.59,Clear,High,Medium,13,17,1
SHP-003081,Supplier_J,Los Angeles,Seattle,Sea,2655,3418.61,Clear,High,Critical,9,13,1
SHP-003082,Supplier_W,Philadelphia,Miami,Air,2442,4760.68,Fog,Moderate,Critical,5,5,0
SHP-003083,Supplier_D,San Diego,Portland,Rail,3051,6151.05,Snow,Low,Medium,14,17,1
SHP-003084,Supplier_U,Los Angeles,Denver,Road,1338,8694.57,Storm,Moderate,Low,2,8,1
SHP-003085,Supplier_J,San Diego,Boston,Air,1073,6635.92,Clear,High,Medium,3,5,1
SHP-003086,Supplier_L,Houston,Miami,Rail,4827,4368.79,Fog,Severe,Low,2,7,1
SHP-003087,Supplier_T,Chicago,Portland,Air,4065,8203.31,Clear,Low,Low,9,7,0
SHP-003088,Supplier_H,New York,Las Vegas,Rail,1150,9060.54,Clear,Moderate,High,6,5,0
SHP-003089,Supplier_H,Houston,Portland,Road,3801,1241.61,Storm,Low,Medium,14,14,0
SHP-003090,Supplier_E,New York,Detroit,Air,2880,5342.73,Fog,Low,Critical,11,10,0
SHP-003091,Supplier_P,San Jose,Boston,Road,1688,2880.89,Clear,Moderate,Critical,12,10,0
SHP-003092,Supplier_E,Houston,Atlanta,Air,3978,518.26,Clear,Moderate,Medium,1,1,0
SHP-003093,Supplier_O,San Diego,Las Vegas,Road,2468,6702.04,Clear,Low,Low,3,8,1
SHP-003094,Supplier_X,San Antonio,Atlanta,Sea,536,8634.57,Clear,High,High,7,11,1
SHP-003095,Supplier_T,Los Angeles,Detroit,Rail,2928,1670.88,Clear,High,Medium,7,6,0
SHP-003096,Supplier_L,Dallas,Nashville,Sea,1656,8133.52,Fog,Severe,Critical,5,12,1
SHP-003097,Supplier_N,Phoenix,Seattle,Road,3958,8541.29,Rain,Low,Low,3,2,0
SHP-003098,Supplier_W,San Diego,Denver,Air,1404,9147.69,Snow,Moderate,Low,13,12,0
SHP-003099,Supplier_R,Dallas,Nashville,Air,2484,2689.59,Snow,Moderate,High,7,6,0
SHP-003100,Supplier_P,San Diego,Las Vegas,Air,282,9044.33,Rain,Low,Critical,5,11,1
SHP-003101,Supplier_Y,New York,Nashville,Sea,1689,3240.59,Snow,Moderate,Critical,6,11,1
SHP-003102,Supplier_R,New York,Las Vegas,Sea,1687,5545.76,Rain,High,High,3,2,0
SHP-003103,Supplier_Z,Philadelphia,Detroit,Road,759,552.55,Clear,Low,Low,6,6,0
SHP-003104,Supplier_V,New York,Miami,Sea,259,486.62,Rain,Severe,Low,7,12,1
SHP-003105,Supplier_G,Philadelphia,Portland,Sea,4053,7217.71,Rain,High,Low,14,20,1
SHP-003106,Supplier_Y,New York,Boston,Rail,1111,4472.58,Storm,High,Critical,8,7,0
SHP-003107,Supplier_H,San Antonio,Detroit,Road,152,2600.11,Fog,High,Medium,2,9,1
SHP-003108,Supplier_V,Los Angeles,Atlanta,Air,2407,1944.61,Clear,Low,Medium,2,6,1
SHP-003109,Supplier_Y,Houston,Miami,Road,1328,6716.04,Snow,High,High,14,13,0
SHP-003110,Supplier_T,Dallas,Nashville,Rail,1135,54.0,Clear,Low,Low,6,4,0
SHP-003111,Supplier_Z,San Diego,Nashville,Rail,3802,8068.62,Snow,High,Low,8,10,1
SHP-003112,Supplier_C,Dallas,Seattle,Air,4145,838.53,Clear,Low,Critical,5,5,0
SHP-003113,Supplier_Q,Chicago,Boston,Rail,4549,1955.32,Clear,Low,Medium,14,12,0
SHP-003114,Supplier_O,San Jose,Seattle,Sea,1364,3893.05,Clear,Moderate,Critical,1,1,0
SHP-003115,Supplier_Q,Houston,Nashville,Sea,1984,4874.34,Rain,Low,Low,11,11,0
SHP-003116,Supplier_W,Los Angeles,Denver,Sea,1909,3582.2,Clear,Moderate,Medium,1,1,0
SHP-003117,Supplier_L,New York,Orlando,Rail,3267,3241.09,Fog,Moderate,Low,10,12,1
SHP-003118,Supplier_C,Chicago,Boston,Air,3897,9640.96,Clear,High,Critical,9,14,1
SHP-003119,Supplier_S,San Diego,Las Vegas,Sea,2441,6433.72,Fog,Moderate,Medium,4,3,0
SHP-003120,Supplier_D,New York,Orlando,Rail,3514,283.16,Snow,Low,Medium,12,13,1
SHP-003121,Supplier_B,San Diego,Portland,Rail,917,4330.25,Clear,Low,Low,10,8,0
SHP-003122,Supplier_R,San Jose,Las Vegas,Rail,2537,8756.34,Clear,Moderate,Low,1,1,0
SHP-003123,Supplier_Q,New York,Nashville,Road,988,3049.49,Snow,Moderate,Medium,11,10,0
SHP-003124,Supplier_G,Houston,Atlanta,Road,767,990.84,Rain,High,Critical,8,6,0
SHP-003125,Supplier_S,Chicago,Miami,Sea,4828,7595.93,Rain,Low,Low,2,1,0
SHP-003126,Supplier_R,New York,Seattle,Air,2724,6079.84,Clear,Low,Critical,12,10,0
SHP-003127,Supplier_E,Chicago,Atlanta,Air,4332,5724.61,Clear,Low,Low,2,1,0
SHP-003128,Supplier_F,New York,Seattle,Rail,4623,583.09,Fog,Low,Critical,1,1,0
SHP-003129,Supplier_K,Phoenix,Atlanta,Sea,918,1447.97,Clear,Low,Critical,1,1,0
SHP-003130,Supplier_Q,Los Angeles,Miami,Air,2288,6244.37,Clear,High,Medium,9,9,0
SHP-003131,Supplier_O,San Diego,Miami,Road,1206,2117.85,Clear,Low,Medium,13,12,0
SHP-003132,Supplier_D,San Jose,Orlando,Air,2324,5065.5,Snow,Moderate,Low,1,7,1
SHP-003133,Supplier_V,Chicago,Boston,Road,297,5471.57,Snow,Moderate,Low,6,6,0
SHP-003134,Supplier_G,San Jose,Seattle,Road,2771,2870.9,Clear,Low,High,12,11,0
SHP-003135,Supplier_W,Los Angeles,Atlanta,Rail,3592,9486.83,Clear,High,High,7,14,1
SHP-003136,Supplier_S,Los Angeles,Las Vegas,Air,2548,8432.52,Clear,Moderate,High,4,3,0
SHP-003137,Supplier_P,Los Angeles,Atlanta,Road,570,7237.62,Clear,Moderate,Critical,5,4,0
SHP-003138,Supplier_C,San Diego,Boston,Rail,2048,826.04,Clear,High,Low,4,5,1
SHP-003139,Supplier_Q,San Jose,Seattle,Air,3999,1105.99,Fog,Low,Critical,4,2,0
SHP-003140,Supplier_O,San Jose,Orlando,Sea,2110,4953.17,Clear,High,Low,10,8,0
SHP-003141,Supplier_Z,Houston,Nashville,Air,3900,1649.1,Clear,Moderate,Medium,1,1,0
SHP-003142,Supplier_B,Los Angeles,Nashville,Air,4218,9783.74,Storm,Moderate,Low,6,9,1
SHP-003143,Supplier_O,Houston,Nashville,Sea,3896,1627.28,Clear,High,Critical,14,14,0
SHP-003144,Supplier_E,San Antonio,Atlanta,Rail,4088,4900.3,Rain,High,Low,10,11,1
SHP-003145,Supplier_Q,Philadelphia,Seattle,Rail,334,3673.0,Clear,Moderate,Critical,14,13,0
SHP-003146,Supplier_N,San Antonio,Boston,Road,1028,6411.89,Clear,High,High,10,9,0
SHP-003147,Supplier_O,Philadelphia,Portland,Air,3707,1333.91,Fog,Moderate,High,7,6,0
SHP-003148,Supplier_S,Los Angeles,Seattle,Air,622,4331.65,Rain,Moderate,Medium,7,7,0
SHP-003149,Supplier_B,San Jose,Denver,Road,3623,2783.32,Clear,Low,Critical,8,7,0
SHP-003150,Supplier_R,Dallas,Seattle,Sea,4626,8883.13,Rain,Low,Low,7,5,0
SHP-003151,Supplier_O,Chicago,Detroit,Road,4988,453.83,Fog,High,Medium,6,4,0
SHP-003152,Supplier_V,Philadelphia,Boston,Rail,1729,9141.59,Clear,Low,Medium,12,10,0
SHP-003153,Supplier_Z,Houston,Orlando,Road,4728,8338.29,Rain,Low,High,8,10,1
SHP-003154,Supplier_J,New York,Boston,Air,1416,3010.83,Fog,High,High,3,3,0
SHP-003155,Supplier_X,San Jose,Miami,Air,2957,7903.44,Clear,Low,Medium,9,9,0
SHP-003156,Supplier_A,Chicago,Atlanta,Air,1224,360.57,Snow,Low,Medium,3,2,0
SHP-003157,Supplier_M,Philadelphia,Denver,Road,2687,9670.31,Rain,Moderate,High,4,5,1
SHP-003158,Supplier_I,Los Angeles,Las Vegas,Sea,1123,5289.62,Rain,Moderate,Medium,13,11,0
SHP-003159,Supplier_A,Los Angeles,Orlando,Road,1478,3067.65,Clear,High,Low,10,8,0
SHP-003160,Supplier_X,Phoenix,Portland,Rail,3474,3657.7,Clear,Moderate,Critical,14,13,0
SHP-003161,Supplier_G,Chicago,Boston,Sea,1619,710.73,Rain,Moderate,Low,6,4,0
SHP-003162,Supplier_S,San Antonio,Seattle,Road,326,9894.03,Clear,High,Medium,12,10,0
SHP-003163,Supplier_C,Chicago,Denver,Road,991,440.95,Clear,Moderate,High,14,13,0
SHP-003164,Supplier_B,Philadelphia,Detroit,Rail,4172,6566.33,Clear,Moderate,Medium,12,11,0
SHP-003165,Supplier_N,Dallas,Atlanta,Air,2357,4455.22,Clear,High,Medium,8,13,1
SHP-003166,Supplier_L,Chicago,Denver,Road,2888,9491.72,Fog,Moderate,High,3,1,0
SHP-003167,Supplier_W,San Diego,Denver,Air,496,2497.7,Clear,Low,Low,13,20,1
SHP-003168,Supplier_C,Houston,Detroit,Rail,2178,5344.26,Fog,Low,Medium,10,13,1
SHP-003169,Supplier_R,San Jose,Portland,Road,4844,4849.44,Clear,Moderate,Low,6,5,0
SHP-003170,Supplier_B,New York,Denver,Road,4524,7043.52,Rain,Low,High,5,12,1
SHP-003171,Supplier_C,Chicago,Miami,Rail,3337,726.7,Clear,Moderate,High,5,11,1
SHP-003172,Supplier_P,Los Angeles,Portland,Air,3993,1978.2,Snow,High,Critical,5,8,1
SHP-003173,Supplier_B,San Jose,Nashville,Air,2105,2184.92,Snow,Moderate,Critical,9,13,1
SHP-003174,Supplier_J,San Antonio,Detroit,Road,2116,7394.6,Clear,Low,Medium,13,15,1
SHP-003175,Supplier_N,Chicago,Miami,Road,3271,1931.93,Fog,High,Critical,7,5,0
SHP-003176,Supplier_F,New York,Denver,Sea,2768,5756.24,Clear,Low,Low,12,12,0
SHP-003177,Supplier_Y,San Diego,Boston,Air,1978,2191.68,Rain,High,Medium,9,10,1
SHP-003178,Supplier_E,Los Angeles,Atlanta,Sea,1296,8623.17,Fog,Moderate,Medium,9,7,0
SHP-003179,Supplier_Y,New York,Denver,Air,1872,9424.75,Storm,Low,Critical,13,18,1
SHP-003180,Supplier_U,New York,Miami,Road,261,5209.01,Fog,Severe,High,14,13,0
SHP-003181,Supplier_X,Chicago,Orlando,Air,4076,3555.47,Clear,Low,High,6,6,0
SHP-003182,Supplier_U,Los Angeles,Detroit,Air,1851,2378.87,Clear,Severe,Low,14,14,0
SHP-003183,Supplier_N,San Jose,Portland,Road,875,545.32,Clear,Low,Medium,6,4,0
SHP-003184,Supplier_L,Phoenix,Orlando,Road,1039,2721.58,Rain,Low,Medium,4,4,0
SHP-003185,Supplier_M,San Antonio,Miami,Road,3320,6559.65,Snow,Low,Critical,8,12,1
SHP-003186,Supplier_O,San Diego,Portland,Air,639,5359.49,Clear,Low,Critical,14,13,0
SHP-003187,Supplier_M,Chicago,Seattle,Sea,1561,9443.21,Rain,High,Low,2,2,0
SHP-003188,Supplier_M,Houston,Portland,Sea,455,3992.96,Clear,Moderate,Critical,5,3,0
SHP-003189,Supplier_C,Chicago,Atlanta,Air,3704,6953.94,Clear,High,High,1,1,0
SHP-003190,Supplier_V,Phoenix,Miami,Sea,3423,4918.76,Rain,Low,Low,10,8,0
SHP-003191,Supplier_V,Dallas,Miami,Air,334,5150.13,Clear,Moderate,Medium,14,21,1
SHP-003192,Supplier_R,San Diego,Orlando,Road,1648,2714.35,Storm,Moderate,High,2,1,0
SHP-003193,Supplier_E,San Antonio,Boston,Road,2196,4576.76,Clear,Moderate,High,1,1,0
SHP-003194,Supplier_U,Houston,Seattle,Air,4313,4734.31,Snow,Moderate,High,6,12,1
SHP-003195,Supplier_L,Chicago,Las Vegas,Road,2201,7081.09,Clear,Moderate,High,2,3,1
SHP-003196,Supplier_D,San Jose,Las Vegas,Road,1773,9409.37,Clear,Low,Low,12,11,0
SHP-003197,Supplier_F,New York,Denver,Air,2200,3326.75,Rain,High,Critical,4,2,0
SHP-003198,Supplier_R,San Jose,Denver,Rail,3757,469.89,Storm,High,Low,13,16,1
SHP-003199,Supplier_M,Chicago,Atlanta,Air,4753,4988.14,Clear,Moderate,Medium,5,5,0
SHP-003200,Supplier_Q,San Diego,Atlanta,Road,3696,5467.39,Clear,Low,Low,7,13,1
SHP-003201,Supplier_E,San Jose,Boston,Rail,3848,1725.98,Rain,Low,Low,10,14,1
SHP-003202,Supplier_X,Los Angeles,Detroit,Air,3273,7616.62,Clear,Low,Low,1,1,0
SHP-003203,Supplier_H,Phoenix,Portland,Road,1915,9850.04,Storm,Low,High,12,17,1
SHP-003204,Supplier_A,Philadelphia,Portland,Road,3941,9460.46,Snow,Low,Low,11,11,0
SHP-003205,Supplier_Y,San Antonio,Detroit,Air,2105,2011.21,Clear,High,Medium,5,10,1
SHP-003206,Supplier_A,New York,Las Vegas,Sea,4593,8759.86,Clear,Moderate,Critical,4,2,0
SHP-003207,Supplier_J,Dallas,Boston,Air,774,7059.71,Snow,Moderate,Critical,7,7,0
SHP-003208,Supplier_O,Houston,Portland,Air,486,4565.77,Clear,Low,High,14,12,0
SHP-003209,Supplier_V,Houston,Boston,Air,2258,5429.08,Rain,Severe,Critical,10,9,0
SHP-003210,Supplier_X,Los Angeles,Detroit,Air,2761,8503.52,Clear,Low,High,7,5,0
SHP-003211,Supplier_R,Dallas,Portland,Rail,2164,4827.34,Rain,High,Critical,8,9,1
SHP-003212,Supplier_N,Los Angeles,Miami,Air,3951,3763.41,Clear,Severe,Critical,4,3,0
SHP-003213,Supplier_R,San Jose,Detroit,Rail,3353,4957.81,Storm,High,Critical,4,9,1
SHP-003214,Supplier_M,Philadelphia,Boston,Road,4736,5812.34,Clear,Severe,Medium,10,12,1
SHP-003215,Supplier_H,Dallas,Detroit,Rail,4366,1931.32,Clear,Moderate,Medium,5,5,0
SHP-003216,Supplier_H,Dallas,Las Vegas,Air,839,9014.03,Storm,Low,Critical,5,11,1
SHP-003217,Supplier_O,Houston,Orlando,Road,1501,6758.16,Clear,Low,Critical,11,9,0
SHP-003218,Supplier_L,San Diego,Portland,Sea,3359,6351.03,Clear,Low,Low,3,1,0
SHP-003219,Supplier_E,Houston,Atlanta,Sea,2377,1039.99,Clear,Low,Low,5,5,0
SHP-003220,Supplier_I,Phoenix,Boston,Air,4004,6061.53,Clear,Moderate,High,5,5,0
SHP-003221,Supplier_G,New York,Las Vegas,Road,4023,1253.56,Fog,Low,High,8,6,0
SHP-003222,Supplier_X,Houston,Miami,Sea,4314,833.04,Snow,High,Critical,7,12,1
SHP-003223,Supplier_Y,Los Angeles,Denver,Sea,3327,5296.74,Clear,Low,High,8,7,0
SHP-003224,Supplier_D,Chicago,Nashville,Air,2931,4057.72,Snow,Moderate,Low,13,13,0
SHP-003225,Supplier_B,San Diego,Seattle,Air,3858,5908.66,Rain,Severe,Medium,5,4,0
SHP-003226,Supplier_Z,San Diego,Denver,Rail,2612,937.76,Fog,Low,Critical,12,14,1
SHP-003227,Supplier_V,Chicago,Detroit,Sea,2251,4338.28,Clear,High,Low,11,18,1
SHP-003228,Supplier_N,Chicago,Portland,Sea,3775,1789.13,Rain,High,Low,2,1,0
SHP-003229,Supplier_T,New York,Miami,Sea,2845,9871.65,Rain,Low,Low,8,10,1
SHP-003230,Supplier_Y,New York,Seattle,Sea,3966,5633.44,Clear,Moderate,Critical,9,7,0
SHP-003231,Supplier_A,Philadelphia,Orlando,Rail,3864,6890.0,Clear,Low,High,2,2,0
SHP-003232,Supplier_H,Phoenix,Nashville,Air,2322,3287.91,Clear,High,Medium,14,12,0
SHP-003233,Supplier_G,Houston,Detroit,Road,2892,992.65,Snow,Moderate,Low,1,3,1
SHP-003234,Supplier_C,San Antonio,Seattle,Sea,1797,9759.92,Clear,Moderate,Critical,12,10,0
SHP-003235,Supplier_D,Phoenix,Atlanta,Rail,3562,2898.28,Fog,High,High,6,8,1
SHP-003236,Supplier_T,Philadelphia,Seattle,Sea,4163,4266.89,Clear,Low,Low,3,3,0
SHP-003237,Supplier_B,San Jose,Nashville,Air,1624,6516.15,Rain,High,Low,1,7,1
SHP-003238,Supplier_O,San Diego,Atlanta,Rail,4860,295.74,Fog,High,Critical,13,12,0
SHP-003239,Supplier_T,New York,Boston,Sea,132,8112.08,Rain,High,Medium,6,6,0
SHP-003240,Supplier_V,Los Angeles,Las Vegas,Rail,4125,5388.95,Storm,High,Critical,12,14,1
SHP-003241,Supplier_W,New York,Portland,Sea,2666,2818.26,Storm,Moderate,Medium,8,6,0
SHP-003242,Supplier_B,Dallas,Las Vegas,Road,2903,663.0,Clear,Severe,Medium,9,12,1
SHP-003243,Supplier_H,Chicago,Denver,Road,3996,1666.86,Rain,Low,High,13,13,0
SHP-003244,Supplier_X,Chicago,Boston,Sea,3809,8955.59,Clear,Moderate,Medium,6,5,0
SHP-003245,Supplier_B,New York,Detroit,Rail,819,6875.94,Rain,Low,High,12,11,0
SHP-003246,Supplier_M,San Diego,Detroit,Rail,4679,2536.52,Clear,Severe,High,6,13,1
SHP-003247,Supplier_O,Dallas,Nashville,Road,1072,702.73,Snow,High,Critical,1,8,1
SHP-003248,Supplier_H,Los Angeles,Orlando,Road,3818,6921.62,Rain,High,High,5,5,0
SHP-003249,Supplier_R,Los Angeles,Nashville,Sea,4502,5745.46,Clear,Low,Critical,3,2,0
SHP-003250,Supplier_G,Houston,Boston,Air,4652,4074.97,Clear,High,Low,7,5,0
SHP-003251,Supplier_Y,San Diego,Boston,Rail,2307,3667.93,Fog,High,Medium,12,16,1
SHP-003252,Supplier_Y,San Jose,Seattle,Road,4526,2207.3,Clear,Moderate,Low,9,14,1
SHP-003253,Supplier_B,San Jose,Miami,Rail,4420,6712.63,Clear,Low,Medium,13,18,1
SHP-003254,Supplier_E,Philadelphia,Orlando,Air,3130,9708.15,Clear,Moderate,Critical,11,11,0
SHP-003255,Supplier_Q,San Antonio,Las Vegas,Air,3675,1798.37,Fog,Low,High,6,4,0
SHP-003256,Supplier_J,Houston,Detroit,Rail,3216,5991.31,Fog,Moderate,High,5,4,0
SHP-003257,Supplier_H,Philadelphia,Orlando,Sea,3385,4270.64,Rain,Low,Critical,7,7,0
SHP-003258,Supplier_X,Houston,Atlanta,Road,743,4494.55,Storm,Low,Medium,11,9,0
SHP-003259,Supplier_S,Los Angeles,Nashville,Sea,4811,2578.77,Clear,Low,Medium,9,8,0
SHP-003260,Supplier_K,Philadelphia,Portland,Sea,294,8260.09,Fog,Low,Low,5,4,0
SHP-003261,Supplier_S,Houston,Orlando,Air,4096,4878.29,Clear,Low,Medium,5,3,0
SHP-003262,Supplier_T,Los Angeles,Detroit,Sea,588,5456.89,Clear,Severe,Low,10,16,1
SHP-003263,Supplier_Y,Houston,Boston,Sea,2304,3082.37,Clear,Moderate,Medium,4,3,0
SHP-003264,Supplier_V,San Antonio,Atlanta,Air,2757,1858.99,Rain,Low,Medium,5,4,0
SHP-003265,Supplier_K,Houston,Miami,Sea,3376,904.81,Snow,Moderate,Critical,7,7,0
SHP-003266,Supplier_H,San Antonio,Portland,Sea,1202,7155.49,Clear,Moderate,Medium,3,2,0
SHP-003267,Supplier_J,Houston,Denver,Air,1341,2002.53,Fog,Severe,Low,4,5,1
SHP-003268,Supplier_E,Los Angeles,Portland,Air,615,6916.25,Clear,Low,High,9,8,0
SHP-003269,Supplier_V,San Diego,Denver,Rail,492,3934.25,Clear,Low,High,12,11,0
SHP-003270,Supplier_Q,San Jose,Las Vegas,Sea,730,4186.96,Clear,Severe,Low,2,7,1
SHP-003271,Supplier_H,San Diego,Boston,Sea,3816,4718.32,Rain,Low,Medium,8,6,0
SHP-003272,Supplier_N,New York,Orlando,Road,1947,3708.7,Storm,Low,Medium,9,11,1
SHP-003273,Supplier_J,San Antonio,Las Vegas,Air,2755,1051.17,Clear,Low,Low,5,3,0
SHP-003274,Supplier_I,Chicago,Denver,Air,1079,3130.84,Rain,Low,Low,7,14,1
SHP-003275,Supplier_B,Houston,Boston,Sea,4629,6654.16,Clear,Severe,Low,6,11,1
SHP-003276,Supplier_R,San Jose,Portland,Air,3502,6674.55,Rain,Low,Low,1,1,0
SHP-003277,Supplier_S,San Diego,Boston,Air,3971,2897.93,Fog,Severe,Critical,8,12,1
SHP-003278,Supplier_X,Chicago,Atlanta,Rail,377,4628.02,Clear,Severe,Medium,9,8,0
SHP-003279,Supplier_F,San Antonio,Boston,Air,332,1974.8,Storm,Moderate,High,10,8,0
SHP-003280,Supplier_U,Philadelphia,Miami,Road,1652,2143.2,Rain,Low,Critical,11,12,1
SHP-003281,Supplier_V,Chicago,Portland,Sea,3370,279.32,Clear,Low,Critical,1,1,0
SHP-003282,Supplier_N,San Diego,Miami,Rail,2509,8972.63,Fog,Moderate,Medium,8,7,0
SHP-003283,Supplier_R,Houston,Seattle,Sea,3612,2146.53,Clear,Moderate,Low,3,2,0
SHP-003284,Supplier_P,Philadelphia,Boston,Sea,125,2313.96,Clear,Moderate,Low,12,11,0
SHP-003285,Supplier_B,Phoenix,Orlando,Air,560,2832.03,Clear,Moderate,Low,6,6,0
SHP-003286,Supplier_L,Houston,Atlanta,Road,3864,1317.71,Clear,Severe,Low,10,16,1
SHP-003287,Supplier_U,Philadelphia,Miami,Road,3531,6410.67,Storm,Moderate,Low,8,6,0
SHP-003288,Supplier_V,Chicago,Portland,Rail,3583,797.67,Rain,Moderate,High,5,5,0
SHP-003289,Supplier_M,New York,Boston,Rail,2094,1385.31,Fog,High,Low,8,13,1
SHP-003290,Supplier_Z,San Jose,Miami,Road,590,6465.33,Clear,Low,Critical,7,7,0
SHP-003291,Supplier_Q,New York,Nashville,Rail,1172,3429.62,Clear,Low,Low,7,5,0
SHP-003292,Supplier_K,Phoenix,Detroit,Sea,3273,7094.08,Clear,Low,Low,7,5,0
SHP-003293,Supplier_W,Chicago,Miami,Sea,315,5596.38,Rain,Low,Low,9,7,0
SHP-003294,Supplier_N,Los Angeles,Miami,Sea,1823,2597.41,Fog,Moderate,Critical,6,4,0
SHP-003295,Supplier_N,San Diego,Boston,Rail,1692,6525.74,Rain,Low,Medium,6,6,0
SHP-003296,Supplier_E,San Diego,Denver,Road,2706,1206.92,Clear,Moderate,Medium,11,11,0
SHP-003297,Supplier_J,San Antonio,Detroit,Sea,258,5387.28,Storm,Severe,Medium,9,10,1
SHP-003298,Supplier_M,Chicago,Boston,Sea,4881,4399.62,Snow,Low,Critical,6,6,0
SHP-003299,Supplier_F,Philadelphia,Las Vegas,Rail,3413,2715.34,Clear,Moderate,Medium,7,7,0
SHP-003300,Supplier_Y,Houston,Las Vegas,Rail,2941,6059.85,Storm,Low,Critical,7,6,0
SHP-003301,Supplier_R,Phoenix,Denver,Road,1876,8719.77,Clear,Low,Critical,2,2,0
SHP-003302,Supplier_P,San Jose,Atlanta,Rail,2152,9989.1,Clear,Moderate,Low,13,20,1
SHP-003303,Supplier_H,Chicago,Boston,Air,2395,6097.24,Clear,Severe,Critical,12,10,0
SHP-003304,Supplier_H,San Jose,Denver,Road,1796,4076.82,Clear,Low,Low,8,8,0
SHP-003305,Supplier_J,Chicago,Seattle,Air,3093,2290.81,Clear,Low,High,12,10,0
SHP-003306,Supplier_W,San Jose,Nashville,Rail,2569,2608.11,Clear,Low,High,11,14,1
SHP-003307,Supplier_E,Dallas,Orlando,Rail,2046,4820.58,Clear,Low,Low,6,11,1
SHP-003308,Supplier_Z,Houston,Atlanta,Sea,3909,3704.41,Snow,Low,Critical,4,4,0
SHP-003309,Supplier_O,Los Angeles,Boston,Air,2883,9142.45,Fog,Moderate,Critical,11,9,0
SHP-003310,Supplier_B,San Antonio,Seattle,Air,3744,3714.54,Snow,Low,High,13,11,0
SHP-003311,Supplier_R,Dallas,Miami,Rail,2600,3765.77,Clear,Moderate,Critical,7,6,0
SHP-003312,Supplier_N,San Diego,Portland,Road,3745,3866.17,Clear,Moderate,Medium,8,13,1
SHP-003313,Supplier_N,Houston,Detroit,Sea,2745,8374.37,Clear,Moderate,Low,1,1,0
SHP-003314,Supplier_R,San Jose,Seattle,Rail,2449,6525.34,Clear,Low,Low,10,8,0
SHP-003315,Supplier_Q,San Diego,Nashville,Air,2032,6160.98,Rain,Severe,Low,13,11,0
SHP-003316,Supplier_E,San Diego,Nashville,Road,3394,3374.72,Rain,Low,High,13,12,0
SHP-003317,Supplier_M,Phoenix,Nashville,Sea,1857,8188.15,Snow,High,Medium,4,3,0
SHP-003318,Supplier_H,New York,Atlanta,Road,1216,431.72,Rain,Low,Medium,4,4,0
SHP-003319,Supplier_I,San Antonio,Boston,Road,2667,8714.43,Clear,Moderate,Critical,10,10,0
SHP-003320,Supplier_G,Houston,Boston,Sea,3599,5151.86,Clear,Low,Low,9,9,0
SHP-003321,Supplier_K,Houston,Orlando,Rail,592,4012.59,Rain,Low,Low,13,13,0
SHP-003322,Supplier_U,Philadelphia,Boston,Air,3406,4996.81,Clear,Low,Medium,6,6,0
SHP-003323,Supplier_C,San Antonio,Denver,Rail,719,6690.78,Clear,Low,Critical,4,3,0
SHP-003324,Supplier_O,San Jose,Orlando,Air,3332,177.02,Clear,High,Low,13,13,0
SHP-003325,Supplier_L,Houston,Nashville,Rail,3923,8721.94,Clear,Moderate,Low,1,1,0
SHP-003326,Supplier_C,San Jose,Detroit,Road,2480,4495.06,Clear,Low,Low,8,10,1
SHP-003327,Supplier_R,Chicago,Orlando,Road,1646,3462.52,Storm,Moderate,High,11,16,1
SHP-003328,Supplier_X,San Jose,Denver,Sea,3663,1425.54,Storm,High,Low,9,10,1
SHP-003329,Supplier_G,New York,Seattle,Rail,1705,4422.68,Clear,High,High,5,3,0
SHP-003330,Supplier_B,San Antonio,Boston,Sea,3852,4988.41,Clear,Low,High,5,4,0
SHP-003331,Supplier_I,New York,Denver,Road,4775,4066.28,Snow,High,High,10,14,1
SHP-003332,Supplier_M,New York,Nashville,Rail,1990,6802.67,Clear,Low,Medium,8,15,1
SHP-003333,Supplier_V,San Diego,Las Vegas,Rail,1375,4237.92,Clear,Moderate,High,8,7,0
SHP-003334,Supplier_T,Dallas,Seattle,Road,2843,9616.1,Clear,Moderate,Medium,5,10,1
SHP-003335,Supplier_T,New York,Boston,Sea,2593,6012.81,Clear,High,Low,4,2,0
SHP-003336,Supplier_B,San Antonio,Boston,Rail,456,8084.41,Snow,Severe,Medium,6,9,1
SHP-003337,Supplier_C,Dallas,Atlanta,Sea,969,1138.09,Storm,Severe,High,10,11,1
SHP-003338,Supplier_G,San Antonio,Boston,Rail,985,4003.05,Clear,Low,Low,5,4,0
SHP-003339,Supplier_Z,San Diego,Orlando,Sea,2101,3401.63,Clear,Severe,Low,8,10,1
SHP-003340,Supplier_Y,Los Angeles,Portland,Air,1383,5716.35,Clear,Low,High,9,7,0
SHP-003341,Supplier_S,San Diego,Las Vegas,Sea,719,8618.08,Clear,Low,Medium,13,13,0
SHP-003342,Supplier_X,San Diego,Denver,Rail,982,829.47,Fog,Moderate,High,1,1,0
SHP-003343,Supplier_V,Houston,Nashville,Rail,896,772.12,Rain,Moderate,Medium,9,8,0
SHP-003344,Supplier_R,Los Angeles,Nashville,Sea,3742,8510.66,Rain,Moderate,High,13,12,0
SHP-003345,Supplier_G,Dallas,Atlanta,Sea,3525,2167.86,Snow,Moderate,Critical,9,9,0
SHP-003346,Supplier_P,New York,Denver,Air,1396,6704.09,Storm,Severe,Critical,6,9,1
SHP-003347,Supplier_G,San Antonio,Las Vegas,Road,4814,5451.64,Storm,Low,Low,11,9,0
SHP-003348,Supplier_K,Houston,Portland,Road,344,8337.29,Clear,Low,Critical,10,8,0
SHP-003349,Supplier_J,Chicago,Detroit,Road,2995,1294.63,Clear,Severe,High,5,8,1
SHP-003350,Supplier_A,Philadelphia,Las Vegas,Air,1029,1341.34,Rain,Low,Critical,7,5,0
SHP-003351,Supplier_G,Phoenix,Detroit,Road,619,5590.34,Clear,Moderate,High,11,9,0
SHP-003352,Supplier_G,Houston,Portland,Road,3312,9466.47,Fog,Moderate,High,8,6,0
SHP-003353,Supplier_X,Los Angeles,Detroit,Rail,2509,4179.23,Rain,Moderate,High,9,7,0
SHP-003354,Supplier_D,New York,Nashville,Air,107,3303.07,Fog,Moderate,Critical,9,7,0
SHP-003355,Supplier_X,San Diego,Portland,Air,2625,6086.56,Clear,Low,Critical,10,9,0
SHP-003356,Supplier_Y,Phoenix,Nashville,Air,3523,9307.96,Storm,High,Critical,11,18,1
SHP-003357,Supplier_P,Chicago,Nashville,Sea,2119,8377.43,Clear,Low,Medium,3,1,0
SHP-003358,Supplier_H,San Diego,Portland,Road,4690,9955.06,Fog,Moderate,Low,13,15,1
SHP-003359,Supplier_W,San Jose,Miami,Road,4382,274.56,Clear,Low,Low,8,12,1
SHP-003360,Supplier_T,San Jose,Las Vegas,Sea,3767,1172.94,Rain,Moderate,Low,1,1,0
SHP-003361,Supplier_W,New York,Miami,Sea,3771,6114.2,Snow,Moderate,Medium,7,14,1
SHP-003362,Supplier_G,San Diego,Nashville,Rail,2901,8214.74,Clear,Severe,High,12,12,0
SHP-003363,Supplier_M,San Diego,Atlanta,Air,185,2888.18,Clear,High,Low,5,7,1
SHP-003364,Supplier_H,Chicago,Denver,Sea,3215,2430.15,Fog,Moderate,Medium,13,13,0
SHP-003365,Supplier_R,San Antonio,Orlando,Air,4332,7880.41,Clear,Severe,Low,13,13,0
SHP-003366,Supplier_K,Chicago,Boston,Road,2568,611.0,Rain,Moderate,Medium,2,6,1
SHP-003367,Supplier_Y,Philadelphia,Seattle,Rail,3719,3725.36,Clear,Moderate,Medium,2,2,0
SHP-003368,Supplier_J,San Diego,Orlando,Road,1736,5082.8,Storm,Moderate,Medium,8,6,0
SHP-003369,Supplier_M,New York,Las Vegas,Air,3683,5625.47,Rain,Moderate,Critical,5,3,0
SHP-003370,Supplier_O,Los Angeles,Detroit,Rail,4109,7299.72,Clear,High,High,14,14,0
SHP-003371,Supplier_R,San Antonio,Denver,Sea,3426,3580.71,Clear,Low,Low,12,14,1
SHP-003372,Supplier_U,Philadelphia,Orlando,Sea,2318,6146.21,Rain,Moderate,Medium,11,10,0
SHP-003373,Supplier_L,Dallas,Las Vegas,Air,2317,5874.49,Clear,High,Critical,3,2,0
SHP-003374,Supplier_J,New York,Orlando,Road,2469,5498.78,Clear,Severe,Medium,1,3,1
SHP-003375,Supplier_I,Phoenix,Boston,Rail,3738,6422.81,Rain,High,Low,11,10,0
SHP-003376,Supplier_L,San Antonio,Miami,Road,2603,2631.52,Clear,Moderate,High,7,8,1
SHP-003377,Supplier_Q,Phoenix,Nashville,Road,1043,892.26,Clear,Moderate,Low,11,11,0
SHP-003378,Supplier_P,San Jose,Denver,Sea,2937,1236.75,Rain,Low,Critical,12,11,0
SHP-003379,Supplier_O,Dallas,Nashville,Rail,2760,2284.59,Clear,Moderate,High,3,2,0
SHP-003380,Supplier_D,San Jose,Miami,Road,3036,5026.97,Clear,Severe,High,7,12,1
SHP-003381,Supplier_Z,Houston,Portland,Air,4544,8412.41,Clear,Severe,Medium,12,11,0
SHP-003382,Supplier_X,Los Angeles,Las Vegas,Rail,4047,7027.87,Rain,High,Critical,2,2,0
SHP-003383,Supplier_P,San Jose,Portland,Rail,1776,7900.95,Rain,Low,Medium,4,4,0
SHP-003384,Supplier_Y,Philadelphia,Miami,Sea,1296,3542.21,Snow,High,High,2,1,0
SHP-003385,Supplier_K,New York,Atlanta,Sea,4205,4076.3,Clear,Severe,Medium,4,3,0
SHP-003386,Supplier_G,Dallas,Miami,Road,2887,3967.13,Clear,Low,Critical,5,5,0
SHP-003387,Supplier_L,Philadelphia,Boston,Air,1561,1959.14,Clear,Moderate,High,14,14,0
SHP-003388,Supplier_K,New York,Atlanta,Road,3418,659.11,Clear,High,Medium,8,11,1
SHP-003389,Supplier_N,Los Angeles,Detroit,Road,766,5929.62,Fog,Moderate,Medium,2,2,0
SHP-003390,Supplier_B,San Antonio,Orlando,Rail,2276,9892.71,Clear,Severe,High,10,15,1
SHP-003391,Supplier_S,Philadelphia,Atlanta,Sea,3843,1709.96,Clear,Moderate,Critical,3,3,0
SHP-003392,Supplier_H,San Diego,Boston,Road,700,514.51,Clear,High,Low,10,8,0
SHP-003393,Supplier_X,San Jose,Orlando,Rail,2752,7806.34,Rain,High,Low,12,13,1
SHP-003394,Supplier_E,New York,Portland,Sea,4522,2563.23,Rain,Moderate,High,13,11,0
SHP-003395,Supplier_A,Philadelphia,Detroit,Rail,3924,8304.96,Rain,High,Low,5,4,0
SHP-003396,Supplier_I,Philadelphia,Miami,Air,4006,7054.17,Storm,Moderate,Medium,11,10,0
SHP-003397,Supplier_R,Chicago,Atlanta,Air,1079,9459.45,Clear,Moderate,Low,12,12,0
SHP-003398,Supplier_S,Dallas,Orlando,Air,2551,4118.83,Clear,Low,Medium,12,11,0
SHP-003399,Supplier_S,Los Angeles,Las Vegas,Sea,728,6636.6,Clear,Low,High,9,8,0
SHP-003400,Supplier_X,Dallas,Miami,Sea,1729,4675.31,Rain,High,Low,10,10,0
SHP-003401,Supplier_N,Houston,Seattle,Rail,3796,6324.36,Rain,Severe,Low,11,18,1
SHP-003402,Supplier_J,Chicago,Las Vegas,Air,3530,4523.51,Rain,Low,Critical,5,4,0
SHP-003403,Supplier_E,Philadelphia,Denver,Sea,3774,1926.89,Rain,Low,Low,14,13,0
SHP-003404,Supplier_G,Houston,Las Vegas,Rail,4029,5103.58,Rain,Low,Medium,9,10,1
SHP-003405,Supplier_K,Dallas,Portland,Rail,2865,5309.41,Storm,Moderate,High,4,3,0
SHP-003406,Supplier_H,Los Angeles,Denver,Air,4469,8115.51,Rain,Severe,High,10,10,0
SHP-003407,Supplier_M,San Diego,Seattle,Air,4880,7368.43,Snow,Moderate,Low,5,10,1
SHP-003408,Supplier_S,San Jose,Denver,Rail,215,6654.73,Clear,Moderate,High,9,9,0
SHP-003409,Supplier_H,Houston,Boston,Sea,2103,1178.2,Rain,Moderate,Critical,4,3,0
SHP-003410,Supplier_P,Houston,Boston,Sea,792,7220.13,Fog,Low,Low,5,4,0
SHP-003411,Supplier_R,Philadelphia,Miami,Sea,3262,5028.04,Clear,High,Low,5,9,1
SHP-003412,Supplier_U,Philadelphia,Portland,Sea,1205,8946.29,Snow,Moderate,Low,4,11,1
SHP-003413,Supplier_V,Phoenix,Orlando,Road,3108,9202.72,Snow,Moderate,Critical,4,10,1
SHP-003414,Supplier_K,Dallas,Seattle,Air,2261,598.81,Clear,High,Medium,11,9,0
SHP-003415,Supplier_I,San Antonio,Atlanta,Air,253,8215.38,Rain,High,Medium,5,11,1
SHP-003416,Supplier_Y,Phoenix,Atlanta,Road,3799,425.09,Clear,High,Low,12,15,1
SHP-003417,Supplier_P,New York,Miami,Air,4510,3703.34,Fog,Severe,High,6,13,1
SHP-003418,Supplier_X,Los Angeles,Denver,Rail,3886,5445.88,Storm,Severe,Critical,7,11,1
SHP-003419,Supplier_U,Philadelphia,Orlando,Air,1164,1523.6,Clear,Moderate,Critical,6,6,0
SHP-003420,Supplier_X,Philadelphia,Atlanta,Road,4300,7475.82,Clear,Low,Low,1,1,0
SHP-003421,Supplier_P,San Diego,Las Vegas,Rail,2013,133.13,Rain,Moderate,Low,2,5,1
SHP-003422,Supplier_O,San Diego,Atlanta,Sea,1316,1727.56,Clear,High,Low,7,5,0
SHP-003423,Supplier_F,Dallas,Seattle,Air,2501,5828.93,Clear,Low,Medium,14,13,0
SHP-003424,Supplier_X,Dallas,Seattle,Road,1872,7158.16,Rain,Low,Medium,3,2,0
SHP-003425,Supplier_Z,Los Angeles,Atlanta,Sea,2060,9170.6,Clear,Low,Medium,12,11,0
SHP-003426,Supplier_L,San Diego,Portland,Air,2880,7069.69,Clear,High,Critical,10,9,0
SHP-003427,Supplier_F,Dallas,Miami,Air,4904,6734.2,Storm,Moderate,Low,11,13,1
SHP-003428,Supplier_E,Dallas,Las Vegas,Road,4846,3973.69,Fog,Low,Low,13,12,0
SHP-003429,Supplier_X,Phoenix,Portland,Sea,2971,62.78,Snow,Low,Low,2,7,1
SHP-003430,Supplier_R,San Diego,Nashville,Air,760,1245.58,Storm,High,Medium,6,13,1
SHP-003431,Supplier_P,San Jose,Miami,Rail,2735,5368.82,Clear,Low,Medium,11,11,0
SHP-003432,Supplier_F,Philadelphia,Atlanta,Road,2429,6767.54,Clear,Low,Medium,4,7,1
SHP-003433,Supplier_R,Los Angeles,Boston,Sea,4054,4203.61,Clear,Moderate,Critical,12,11,0
SHP-003434,Supplier_U,Houston,Nashville,Air,2550,7320.26,Snow,Moderate,Low,11,11,0
SHP-003435,Supplier_B,San Diego,Portland,Rail,1232,5242.53,Fog,Low,High,5,3,0
SHP-003436,Supplier_Q,Los Angeles,Denver,Sea,799,788.05,Snow,Moderate,Low,6,13,1
SHP-003437,Supplier_B,Los Angeles,Seattle,Rail,2138,1960.56,Storm,Low,Medium,3,8,1
SHP-003438,Supplier_C,San Antonio,Las Vegas,Road,4747,8407.98,Rain,High,Low,1,6,1
SHP-003439,Supplier_V,Chicago,Boston,Air,4600,7262.88,Clear,Low,High,3,3,0
SHP-003440,Supplier_B,Phoenix,Orlando,Air,4657,8952.88,Clear,Low,High,3,2,0
SHP-003441,Supplier_Y,Los Angeles,Portland,Sea,2279,1219.69,Clear,High,Low,6,5,0
SHP-003442,Supplier_A,Los Angeles,Orlando,Road,2938,9902.71,Clear,High,Critical,4,2,0
SHP-003443,Supplier_N,Chicago,Atlanta,Air,973,2133.6,Rain,Low,Critical,7,6,0
SHP-003444,Supplier_E,Phoenix,Nashville,Rail,183,167.21,Clear,Low,Critical,13,12,0
SHP-003445,Supplier_U,Los Angeles,Denver,Road,1522,9974.36,Rain,High,High,11,9,0
SHP-003446,Supplier_H,Chicago,Miami,Road,2775,2846.69,Rain,High,Medium,2,7,1
SHP-003447,Supplier_C,San Diego,Denver,Rail,3280,6696.79,Clear,Low,High,12,11,0
SHP-003448,Supplier_W,Chicago,Denver,Sea,4416,1807.99,Clear,Moderate,High,4,2,0
SHP-003449,Supplier_E,Houston,Seattle,Air,4075,5823.27,Clear,Low,Critical,8,7,0
SHP-003450,Supplier_A,Dallas,Denver,Air,1491,9045.15,Clear,Moderate,Low,11,9,0
SHP-003451,Supplier_G,New York,Las Vegas,Air,3318,3235.8,Storm,Low,High,6,5,0
SHP-003452,Supplier_Q,Phoenix,Las Vegas,Road,4307,6719.03,Clear,Low,Medium,10,8,0
SHP-003453,Supplier_O,San Antonio,Seattle,Sea,714,1919.64,Rain,Low,Medium,3,3,0
SHP-003454,Supplier_L,Dallas,Portland,Sea,3071,6266.71,Storm,Moderate,Critical,10,12,1
SHP-003455,Supplier_B,Chicago,Portland,Sea,3665,3397.68,Storm,Moderate,Critical,12,12,0
SHP-003456,Supplier_T,San Diego,Boston,Sea,3676,2151.52,Storm,Moderate,Medium,2,4,1
SHP-003457,Supplier_U,Philadelphia,Boston,Air,4670,3166.16,Clear,Low,High,3,3,0
SHP-003458,Supplier_V,San Antonio,Atlanta,Sea,370,1829.47,Clear,Low,Critical,1,1,0
SHP-003459,Supplier_T,San Diego,Orlando,Sea,4166,9024.07,Clear,High,Low,1,1,0
SHP-003460,Supplier_P,New York,Portland,Sea,2568,4002.01,Clear,Low,Low,2,2,0
SHP-003461,Supplier_V,Phoenix,Detroit,Sea,1490,2490.53,Fog,High,Low,14,17,1
SHP-003462,Supplier_P,Houston,Boston,Sea,3454,4511.66,Rain,Low,High,3,3,0
SHP-003463,Supplier_A,Los Angeles,Nashville,Road,4235,3239.33,Clear,Moderate,Medium,13,13,0
SHP-003464,Supplier_A,New York,Nashville,Rail,3707,7456.97,Clear,Moderate,Low,9,7,0
SHP-003465,Supplier_R,Houston,Atlanta,Air,2683,9713.64,Clear,Severe,High,8,6,0
SHP-003466,Supplier_R,Dallas,Portland,Rail,4173,4408.43,Rain,Low,Critical,12,19,1
SHP-003467,Supplier_N,Philadelphia,Nashville,Sea,3175,8617.28,Snow,Low,Medium,11,15,1
SHP-003468,Supplier_A,San Antonio,Nashville,Sea,4006,5680.34,Storm,Moderate,High,11,9,0
SHP-003469,Supplier_A,San Jose,Denver,Air,389,1614.49,Fog,Severe,Critical,9,7,0
SHP-003470,Supplier_Q,Philadelphia,Miami,Air,2580,6921.7,Clear,Severe,Medium,7,5,0
SHP-003471,Supplier_X,Philadelphia,Boston,Sea,3352,5158.67,Clear,Moderate,High,7,5,0
SHP-003472,Supplier_I,San Diego,Portland,Road,378,6523.53,Clear,Moderate,Medium,5,4,0
SHP-003473,Supplier_R,San Jose,Atlanta,Road,3024,8902.39,Clear,Moderate,High,7,7,0
SHP-003474,Supplier_J,Dallas,Orlando,Rail,680,4432.32,Fog,Moderate,Critical,4,4,0
SHP-003475,Supplier_A,Dallas,Nashville,Sea,353,9016.72,Rain,Moderate,Low,5,4,0
SHP-003476,Supplier_Q,San Diego,Miami,Air,4376,7519.16,Snow,High,Critical,12,13,1
SHP-003477,Supplier_W,San Diego,Orlando,Sea,4876,4911.62,Clear,High,Critical,1,1,0
SHP-003478,Supplier_V,Phoenix,Boston,Rail,924,6052.06,Clear,Moderate,Medium,11,9,0
SHP-003479,Supplier_N,San Jose,Miami,Rail,3932,3289.53,Clear,Moderate,Medium,4,3,0
SHP-003480,Supplier_Z,Chicago,Orlando,Air,799,9836.79,Rain,Moderate,High,3,8,1
SHP-003481,Supplier_F,Phoenix,Portland,Sea,1480,6690.14,Snow,Moderate,Low,2,6,1
SHP-003482,Supplier_D,Chicago,Miami,Road,3996,486.28,Clear,Moderate,Medium,2,2,0
SHP-003483,Supplier_D,Phoenix,Detroit,Air,1773,3299.89,Snow,Low,Critical,8,7,0
SHP-003484,Supplier_Q,Houston,Denver,Sea,2827,6251.98,Storm,Low,Medium,1,4,1
SHP-003485,Supplier_E,San Diego,Portland,Rail,3256,610.52,Clear,Moderate,Critical,8,7,0
SHP-003486,Supplier_H,Philadelphia,Portland,Air,3488,287.65,Snow,High,Critical,9,9,0
SHP-003487,Supplier_G,Phoenix,Boston,Air,4407,4527.74,Clear,Low,Low,6,6,0
SHP-003488,Supplier_T,New York,Miami,Sea,483,3360.27,Rain,Moderate,Critical,1,1,0
SHP-003489,Supplier_Q,Chicago,Denver,Sea,441,4411.07,Snow,Low,Critical,10,8,0
SHP-003490,Supplier_I,Philadelphia,Detroit,Air,2087,2663.8,Fog,Low,Critical,12,12,0
SHP-003491,Supplier_L,Phoenix,Las Vegas,Sea,4159,1688.94,Clear,Severe,High,7,7,0
SHP-003492,Supplier_I,San Diego,Las Vegas,Rail,3209,6906.98,Clear,High,Critical,5,6,1
SHP-003493,Supplier_Z,Chicago,Seattle,Air,4182,5169.98,Clear,Low,Medium,9,7,0
SHP-003494,Supplier_M,San Jose,Detroit,Rail,4615,2041.53,Clear,High,Medium,7,6,0
SHP-003495,Supplier_C,Chicago,Las Vegas,Sea,2898,3229.91,Rain,Low,High,5,5,0
SHP-003496,Supplier_L,Dallas,Nashville,Sea,3340,5938.49,Fog,Severe,Low,13,17,1
SHP-003497,Supplier_M,Phoenix,Las Vegas,Road,2088,768.68,Clear,Low,Critical,2,1,0
SHP-003498,Supplier_O,Chicago,Atlanta,Road,3514,1517.16,Clear,Low,Critical,14,14,0
SHP-003499,Supplier_S,Chicago,Denver,Rail,1949,778.79,Clear,Moderate,Critical,4,4,0
SHP-003500,Supplier_H,Chicago,Denver,Sea,405,8132.56,Clear,High,High,2,1,0
SHP-003501,Supplier_W,Chicago,Detroit,Sea,3713,7536.47,Clear,Low,High,9,9,0
SHP-003502,Supplier_H,Houston,Orlando,Rail,2849,7545.46,Clear,High,Critical,2,2,0
SHP-003503,Supplier_J,Los Angeles,Detroit,Rail,1235,7177.44,Snow,Low,Critical,2,7,1
SHP-003504,Supplier_V,New York,Portland,Sea,305,6710.38,Clear,Severe,Low,2,2,0
SHP-003505,Supplier_C,Philadelphia,Denver,Rail,4691,4796.07,Rain,Low,Medium,1,2,1
SHP-003506,Supplier_U,San Jose,Boston,Road,3550,6440.67,Snow,Severe,Low,9,15,1
SHP-003507,Supplier_U,Chicago,Boston,Road,3911,431.7,Clear,Moderate,Medium,8,11,1
SHP-003508,Supplier_Y,San Diego,Nashville,Road,3722,6233.57,Rain,Moderate,High,2,1,0
SHP-003509,Supplier_B,Phoenix,Atlanta,Sea,3699,7789.88,Rain,Severe,Low,2,3,1
SHP-003510,Supplier_C,Philadelphia,Portland,Air,2651,5028.57,Rain,Severe,Low,5,4,0
SHP-003511,Supplier_M,Chicago,Nashville,Sea,4408,3607.26,Clear,Moderate,Critical,12,12,0
SHP-003512,Supplier_M,Houston,Portland,Rail,409,2810.4,Clear,Low,Low,13,11,0
SHP-003513,Supplier_M,Dallas,Orlando,Road,2808,6445.88,Storm,Moderate,High,14,12,0
SHP-003514,Supplier_R,New York,Denver,Rail,2091,6943.37,Snow,Moderate,Critical,12,17,1
SHP-003515,Supplier_P,Philadelphia,Orlando,Rail,371,8716.13,Clear,Moderate,High,14,12,0
SHP-003516,Supplier_B,Philadelphia,Las Vegas,Air,3742,3456.22,Clear,Moderate,Medium,4,3,0
SHP-003517,Supplier_U,Chicago,Las Vegas,Air,4186,7709.23,Clear,Low,Medium,2,2,0
SHP-003518,Supplier_A,Philadelphia,Boston,Sea,1922,5635.49,Clear,High,Medium,8,7,0
SHP-003519,Supplier_W,San Diego,Denver,Air,3373,8834.22,Rain,High,High,8,12,1
SHP-003520,Supplier_F,Dallas,Detroit,Sea,4638,5301.73,Clear,Low,High,13,13,0
SHP-003521,Supplier_C,Chicago,Orlando,Air,4449,5200.42,Clear,Moderate,Medium,4,11,1
SHP-003522,Supplier_P,Dallas,Orlando,Rail,620,5799.88,Snow,Moderate,High,14,13,0
SHP-003523,Supplier_N,Phoenix,Detroit,Rail,1076,7505.69,Clear,Moderate,Low,4,4,0
SHP-003524,Supplier_U,Los Angeles,Orlando,Sea,3822,9648.67,Snow,Low,High,9,9,0
SHP-003525,Supplier_Z,New York,Orlando,Air,3651,781.96,Snow,Moderate,Critical,4,9,1
SHP-003526,Supplier_K,San Antonio,Nashville,Sea,4205,581.67,Clear,Low,Critical,10,10,0
SHP-003527,Supplier_S,San Diego,Atlanta,Sea,2873,9378.63,Snow,Moderate,Medium,11,16,1
SHP-003528,Supplier_D,Chicago,Miami,Sea,2652,5322.26,Snow,High,Low,9,11,1
SHP-003529,Supplier_Q,San Diego,Miami,Sea,2932,6168.28,Clear,High,Medium,3,2,0
SHP-003530,Supplier_B,Philadelphia,Denver,Air,4007,4850.11,Clear,Low,Low,2,1,0
SHP-003531,Supplier_H,Chicago,Seattle,Air,252,981.89,Rain,Moderate,High,11,9,0
SHP-003532,Supplier_G,New York,Atlanta,Sea,3064,7692.49,Fog,Severe,Critical,8,6,0
SHP-003533,Supplier_W,Dallas,Atlanta,Air,3016,7484.89,Rain,Low,High,12,11,0
SHP-003534,Supplier_S,Dallas,Portland,Road,2900,3151.45,Clear,High,High,3,7,1
SHP-003535,Supplier_P,Philadelphia,Portland,Air,1852,3097.08,Rain,High,Medium,13,18,1
SHP-003536,Supplier_I,Phoenix,Detroit,Road,2710,8386.52,Clear,High,High,2,4,1
SHP-003537,Supplier_B,San Diego,Seattle,Road,3975,769.95,Rain,Low,High,13,11,0
SHP-003538,Supplier_C,Phoenix,Seattle,Road,1204,8817.0,Snow,Low,Medium,11,10,0
SHP-003539,Supplier_V,San Jose,Atlanta,Sea,2636,2603.78,Rain,Severe,Low,8,11,1
SHP-003540,Supplier_I,Chicago,Denver,Sea,4299,5950.2,Storm,Low,Critical,8,15,1
SHP-003541,Supplier_R,San Jose,Nashville,Air,3954,9363.14,Snow,Low,High,5,9,1
SHP-003542,Supplier_S,San Diego,Nashville,Rail,3594,6797.32,Rain,Moderate,High,9,11,1
SHP-003543,Supplier_V,Philadelphia,Atlanta,Rail,2014,4173.58,Clear,Low,Low,11,12,1
SHP-003544,Supplier_B,Los Angeles,Miami,Sea,3172,6910.87,Storm,High,Low,6,9,1
SHP-003545,Supplier_F,San Diego,Orlando,Sea,1106,3472.6,Fog,Moderate,Low,5,9,1
SHP-003546,Supplier_K,New York,Boston,Sea,506,2808.72,Clear,High,Critical,12,11,0
SHP-003547,Supplier_A,Chicago,Atlanta,Air,266,9967.0,Clear,High,Medium,3,3,0
SHP-003548,Supplier_G,Dallas,Miami,Sea,608,7520.36,Clear,Low,Low,7,7,0
SHP-003549,Supplier_S,Los Angeles,Atlanta,Rail,1761,6464.96,Snow,Low,Medium,14,12,0
SHP-003550,Supplier_E,Phoenix,Portland,Air,3764,3585.13,Snow,High,Critical,9,10,1
SHP-003551,Supplier_Y,New York,Detroit,Rail,3589,539.15,Clear,Moderate,Medium,4,4,0
SHP-003552,Supplier_W,San Antonio,Orlando,Air,4958,359.02,Storm,Severe,Low,11,9,0
SHP-003553,Supplier_M,San Jose,Miami,Road,780,5564.1,Clear,High,Critical,7,14,1
SHP-003554,Supplier_C,Houston,Denver,Rail,2624,7632.23,Snow,Low,Medium,12,13,1
SHP-003555,Supplier_J,San Diego,Detroit,Sea,2220,5396.92,Clear,High,High,3,2,0
SHP-003556,Supplier_F,Philadelphia,Atlanta,Road,4777,8415.81,Clear,Low,Medium,11,11,0
SHP-003557,Supplier_S,Los Angeles,Portland,Road,4457,382.59,Clear,Low,High,2,2,0
SHP-003558,Supplier_H,Philadelphia,Nashville,Air,1463,3699.18,Clear,High,High,13,13,0
SHP-003559,Supplier_S,New York,Denver,Air,1431,2408.85,Rain,High,Medium,11,10,0
SHP-003560,Supplier_M,San Jose,Orlando,Air,2392,4500.37,Rain,Moderate,Low,1,1,0
SHP-003561,Supplier_V,Houston,Las Vegas,Air,1638,770.15,Clear,Low,High,6,5,0
SHP-003562,Supplier_R,San Jose,Seattle,Air,3508,9543.61,Clear,Low,Critical,5,5,0
SHP-003563,Supplier_K,Dallas,Seattle,Air,660,2271.39,Clear,Low,Low,2,1,0
SHP-003564,Supplier_M,Houston,Boston,Air,1199,9226.96,Snow,Low,Critical,13,12,0
SHP-003565,Supplier_Y,Phoenix,Portland,Road,2003,4287.64,Snow,Low,Critical,13,15,1
SHP-003566,Supplier_X,Houston,Portland,Sea,274,9855.97,Clear,Moderate,High,3,1,0
SHP-003567,Supplier_E,New York,Boston,Air,2256,5562.88,Rain,Severe,Low,9,14,1
SHP-003568,Supplier_Z,Los Angeles,Seattle,Air,2330,9311.79,Clear,Low,High,3,2,0
SHP-003569,Supplier_W,Dallas,Seattle,Sea,4387,103.22,Fog,Low,Low,7,7,0
SHP-003570,Supplier_X,San Diego,Denver,Rail,4260,7494.98,Fog,High,Low,1,3,1
SHP-003571,Supplier_C,Los Angeles,Nashville,Air,4020,9035.35,Rain,High,Low,7,6,0
SHP-003572,Supplier_Q,Dallas,Las Vegas,Rail,1597,1440.22,Fog,Severe,Medium,9,9,0
SHP-003573,Supplier_X,San Antonio,Seattle,Road,3954,1006.45,Storm,Low,Low,12,17,1
SHP-003574,Supplier_L,Houston,Atlanta,Air,3271,4274.5,Storm,Low,Medium,11,11,0
SHP-003575,Supplier_B,San Diego,Orlando,Air,1667,9340.11,Rain,Moderate,High,8,8,0
SHP-003576,Supplier_D,Philadelphia,Miami,Sea,1251,5446.75,Clear,Moderate,High,7,7,0
SHP-003577,Supplier_N,San Jose,Atlanta,Road,468,5298.19,Clear,Moderate,Medium,10,9,0
SHP-003578,Supplier_H,San Jose,Seattle,Road,142,1454.2,Clear,Moderate,High,14,14,0
SHP-003579,Supplier_C,Dallas,Miami,Rail,2007,57.86,Rain,Low,Low,8,8,0
SHP-003580,Supplier_K,New York,Denver,Air,3590,8110.89,Clear,Moderate,Medium,13,13,0
SHP-003581,Supplier_T,Philadelphia,Miami,Road,2635,921.37,Clear,Moderate,Medium,4,3,0
SHP-003582,Supplier_Y,San Antonio,Detroit,Road,4273,6356.81,Clear,Moderate,Low,2,2,0
SHP-003583,Supplier_T,Chicago,Nashville,Road,2973,9150.43,Clear,Moderate,Low,14,14,0
SHP-003584,Supplier_T,San Antonio,Orlando,Sea,1924,2126.09,Rain,Moderate,Critical,14,14,0
SHP-003585,Supplier_M,Philadelphia,Las Vegas,Air,1393,6669.46,Fog,Low,Low,11,10,0
SHP-003586,Supplier_Y,San Antonio,Atlanta,Sea,4869,833.05,Snow,Low,High,9,10,1
SHP-003587,Supplier_K,Philadelphia,Detroit,Rail,4896,6057.36,Rain,Moderate,Critical,3,7,1
SHP-003588,Supplier_A,New York,Denver,Road,4954,1681.12,Rain,Low,Low,14,14,0
SHP-003589,Supplier_U,Phoenix,Las Vegas,Rail,3486,7372.74,Clear,Moderate,Medium,11,9,0
SHP-003590,Supplier_I,Philadelphia,Portland,Air,3072,3047.25,Clear,High,Critical,4,4,0
SHP-003591,Supplier_Z,Philadelphia,Seattle,Sea,4022,4660.74,Storm,Low,Medium,7,5,0
SHP-003592,Supplier_O,Phoenix,Seattle,Sea,1092,6014.33,Clear,Low,Low,2,2,0
SHP-003593,Supplier_P,San Diego,Orlando,Road,2486,1754.17,Clear,Severe,Critical,14,13,0
SHP-003594,Supplier_H,Dallas,Portland,Air,2340,7429.3,Snow,Low,Low,8,6,0
SHP-003595,Supplier_L,Los Angeles,Las Vegas,Road,1576,3061.27,Clear,Low,Low,12,11,0
SHP-003596,Supplier_R,Houston,Detroit,Rail,3507,6640.6,Clear,Low,Medium,10,9,0
SHP-003597,Supplier_M,San Diego,Detroit,Rail,489,1624.92,Clear,High,Medium,8,6,0
SHP-003598,Supplier_N,San Antonio,Orlando,Air,1099,6896.77,Clear,Low,Low,12,11,0
SHP-003599,Supplier_F,San Diego,Las Vegas,Rail,4720,1325.47,Clear,Moderate,Medium,5,6,1
SHP-003600,Supplier_V,Phoenix,Denver,Rail,1955,4282.3,Clear,Moderate,Low,9,9,0
SHP-003601,Supplier_S,Chicago,Atlanta,Air,758,2509.7,Rain,Low,Critical,8,8,0
SHP-003602,Supplier_V,San Antonio,Portland,Air,2863,7496.33,Storm,Low,Low,1,1,0
SHP-003603,Supplier_M,San Antonio,Nashville,Air,3763,2657.25,Clear,High,Low,9,16,1
SHP-003604,Supplier_C,Chicago,Nashville,Air,1581,8823.09,Storm,Moderate,Low,13,11,0
SHP-003605,Supplier_Y,San Jose,Atlanta,Road,3831,8923.61,Clear,Low,High,14,13,0
SHP-003606,Supplier_T,San Jose,Orlando,Sea,551,2004.59,Clear,Low,Low,14,17,1
SHP-003607,Supplier_J,Los Angeles,Atlanta,Rail,2575,6157.77,Clear,Moderate,Low,5,3,0
SHP-003608,Supplier_Z,Chicago,Denver,Road,3322,922.79,Rain,High,Medium,9,9,0
SHP-003609,Supplier_H,Houston,Las Vegas,Road,1637,3945.79,Clear,Low,High,9,9,0
SHP-003610,Supplier_W,Phoenix,Boston,Air,3193,7147.55,Rain,Moderate,Critical,10,8,0
SHP-003611,Supplier_C,San Diego,Atlanta,Road,982,6611.26,Snow,Low,Low,10,9,0
SHP-003612,Supplier_C,Dallas,Atlanta,Road,4508,6265.77,Rain,Low,Medium,3,4,1
SHP-003613,Supplier_I,Philadelphia,Portland,Sea,4168,2861.28,Rain,Low,Low,8,7,0
SHP-003614,Supplier_E,Los Angeles,Seattle,Rail,2666,3811.35,Fog,High,Critical,7,13,1
SHP-003615,Supplier_M,San Jose,Miami,Rail,3377,1074.31,Clear,Moderate,Low,7,8,1
SHP-003616,Supplier_W,San Antonio,Orlando,Air,474,7204.28,Clear,High,Critical,12,11,0
SHP-003617,Supplier_Z,Los Angeles,Las Vegas,Sea,4646,5063.69,Snow,High,Critical,10,13,1
SHP-003618,Supplier_U,New York,Detroit,Rail,3797,7102.22,Rain,High,Low,2,7,1
SHP-003619,Supplier_E,San Antonio,Miami,Sea,3162,2526.99,Clear,Low,Low,2,2,0
SHP-003620,Supplier_X,Phoenix,Seattle,Road,4790,3278.16,Clear,Low,Critical,2,4,1
SHP-003621,Supplier_M,San Antonio,Boston,Sea,3350,3375.44,Clear,Severe,Medium,13,20,1
SHP-003622,Supplier_K,Chicago,Boston,Road,4695,306.14,Clear,High,High,11,10,0
SHP-003623,Supplier_L,Dallas,Nashville,Road,4659,3443.43,Clear,High,Low,2,6,1
SHP-003624,Supplier_D,San Diego,Detroit,Air,212,8042.88,Fog,Low,High,14,14,0
SHP-003625,Supplier_C,San Jose,Atlanta,Road,3297,8978.12,Snow,Low,Low,4,10,1
SHP-003626,Supplier_A,Chicago,Denver,Road,2478,5206.27,Clear,High,High,7,5,0
SHP-003627,Supplier_J,Houston,Boston,Sea,2024,4582.24,Rain,Low,Critical,2,2,0
SHP-003628,Supplier_O,Chicago,Atlanta,Rail,239,356.7,Storm,Moderate,High,5,4,0
SHP-003629,Supplier_L,San Antonio,Las Vegas,Air,1524,8798.08,Clear,Moderate,High,14,14,0
SHP-003630,Supplier_Y,Phoenix,Orlando,Air,3049,179.45,Clear,Low,Low,7,6,0
SHP-003631,Supplier_I,Dallas,Seattle,Rail,3268,9450.26,Rain,Low,Low,9,14,1
SHP-003632,Supplier_D,San Diego,Las Vegas,Air,616,4917.7,Snow,Low,Low,8,6,0
SHP-003633,Supplier_E,New York,Orlando,Rail,2716,3452.25,Clear,Low,Medium,9,7,0
SHP-003634,Supplier_C,Phoenix,Las Vegas,Sea,987,9245.97,Fog,Moderate,Critical,7,5,0
SHP-003635,Supplier_F,San Jose,Boston,Sea,3204,292.69,Clear,Low,High,3,3,0
SHP-003636,Supplier_N,Phoenix,Nashville,Rail,149,5835.18,Clear,Low,Medium,1,1,0
SHP-003637,Supplier_O,San Diego,Orlando,Rail,4051,5511.88,Clear,High,High,10,15,1
SHP-003638,Supplier_R,Dallas,Miami,Road,3660,2232.24,Clear,Moderate,Medium,7,9,1
SHP-003639,Supplier_R,San Diego,Las Vegas,Air,118,4317.43,Snow,Low,Low,13,12,0
SHP-003640,Supplier_Q,Houston,Atlanta,Sea,4921,6540.03,Fog,High,Low,11,11,0
SHP-003641,Supplier_N,New York,Orlando,Sea,1573,7284.96,Clear,Severe,Critical,6,10,1
SHP-003642,Supplier_D,New York,Portland,Air,4161,57.13,Fog,Low,Medium,2,4,1
SHP-003643,Supplier_A,Chicago,Boston,Air,2706,9371.69,Storm,Moderate,Critical,1,1,0
SHP-003644,Supplier_C,Phoenix,Miami,Road,551,1687.03,Clear,Moderate,Low,12,12,0
SHP-003645,Supplier_L,Phoenix,Miami,Air,3865,2374.13,Rain,Low,Critical,10,8,0
SHP-003646,Supplier_R,San Diego,Detroit,Air,2538,2671.56,Clear,High,Medium,4,8,1
SHP-003647,Supplier_C,Los Angeles,Nashville,Rail,4410,426.31,Rain,Severe,Critical,14,13,0
SHP-003648,Supplier_T,Phoenix,Boston,Road,1649,1274.37,Clear,Severe,Low,4,10,1
SHP-003649,Supplier_T,San Antonio,Seattle,Air,3574,9864.18,Rain,Low,Medium,6,6,0
SHP-003650,Supplier_Z,Chicago,Detroit,Air,227,3186.41,Clear,Low,Critical,11,9,0
SHP-003651,Supplier_K,San Diego,Miami,Road,4955,1197.25,Storm,Severe,Low,5,11,1
SHP-003652,Supplier_M,Houston,Denver,Road,2861,1114.56,Storm,Moderate,Critical,9,13,1
SHP-003653,Supplier_A,New York,Seattle,Sea,4556,7208.63,Clear,Low,Low,8,8,0
SHP-003654,Supplier_J,Los Angeles,Las Vegas,Rail,4764,8552.96,Clear,High,Critical,9,13,1
SHP-003655,Supplier_N,Phoenix,Detroit,Rail,1515,2606.68,Clear,Low,Low,10,13,1
SHP-003656,Supplier_M,San Diego,Miami,Sea,301,258.05,Rain,Low,Low,7,10,1
SHP-003657,Supplier_Y,Los Angeles,Seattle,Sea,2469,2269.75,Clear,High,Critical,9,7,0
SHP-003658,Supplier_C,San Jose,Portland,Rail,617,612.33,Rain,Low,Medium,3,1,0
SHP-003659,Supplier_X,Philadelphia,Atlanta,Sea,1441,1078.78,Clear,Low,Medium,9,7,0
SHP-003660,Supplier_R,San Jose,Orlando,Air,4876,4343.51,Clear,Low,Medium,2,1,0
SHP-003661,Supplier_H,San Diego,Orlando,Rail,2088,2337.69,Clear,Moderate,Critical,9,7,0
SHP-003662,Supplier_S,San Jose,Miami,Road,3645,5183.66,Clear,Low,High,13,14,1
SHP-003663,Supplier_Q,San Antonio,Detroit,Sea,4620,2572.26,Snow,Moderate,Critical,6,6,0
SHP-003664,Supplier_F,Phoenix,Atlanta,Sea,3902,9408.35,Fog,Moderate,Critical,4,4,0
SHP-003665,Supplier_V,San Diego,Nashville,Air,3375,9064.14,Clear,High,Low,12,13,1
SHP-003666,Supplier_M,Los Angeles,Orlando,Sea,3754,5689.72,Rain,Low,Medium,14,13,0
SHP-003667,Supplier_F,Philadelphia,Orlando,Rail,2534,3576.52,Clear,High,Critical,12,12,0
SHP-003668,Supplier_E,Dallas,Atlanta,Road,4973,3842.41,Rain,Low,High,13,12,0
SHP-003669,Supplier_I,San Jose,Las Vegas,Sea,307,4147.93,Clear,Moderate,Medium,11,11,0
SHP-003670,Supplier_J,New York,Portland,Road,2733,7289.41,Rain,Moderate,Low,2,1,0
SHP-003671,Supplier_I,Phoenix,Denver,Rail,4217,4543.81,Fog,Low,Critical,13,12,0
SHP-003672,Supplier_P,Chicago,Boston,Road,253,8574.46,Clear,High,Critical,10,10,0
SHP-003673,Supplier_E,San Jose,Miami,Sea,3466,9443.74,Snow,Low,Low,3,3,0
SHP-003674,Supplier_C,New York,Atlanta,Air,4414,3392.66,Clear,Low,Low,5,5,0
SHP-003675,Supplier_F,Chicago,Miami,Sea,4864,5628.91,Clear,Low,Medium,9,9,0
SHP-003676,Supplier_N,Philadelphia,Portland,Rail,1618,995.81,Clear,Moderate,High,7,5,0
SHP-003677,Supplier_I,San Diego,Las Vegas,Sea,2700,2044.67,Clear,Low,Low,11,10,0
SHP-003678,Supplier_N,Chicago,Seattle,Road,2295,4163.98,Clear,Low,High,12,12,0
SHP-003679,Supplier_J,Philadelphia,Detroit,Rail,4598,2101.72,Clear,Low,High,13,13,0
SHP-003680,Supplier_P,Chicago,Nashville,Sea,4791,8771.78,Clear,Moderate,Critical,11,11,0
SHP-003681,Supplier_Z,New York,Portland,Air,3654,1624.95,Clear,Moderate,Low,3,2,0
SHP-003682,Supplier_C,Phoenix,Boston,Road,2514,4583.83,Rain,Low,Low,13,20,1
SHP-003683,Supplier_L,Philadelphia,Seattle,Road,2949,6076.71,Fog,Low,Medium,4,11,1
SHP-003684,Supplier_I,San Antonio,Miami,Air,1842,6934.05,Clear,Moderate,High,14,13,0
SHP-003685,Supplier_H,Philadelphia,Miami,Rail,1406,3861.54,Clear,High,High,12,14,1
SHP-003686,Supplier_X,New York,Miami,Air,3949,8697.54,Clear,High,Medium,11,17,1
SHP-003687,Supplier_U,Phoenix,Seattle,Rail,4268,5704.78,Storm,High,Medium,2,8,1
SHP-003688,Supplier_P,Phoenix,Las Vegas,Road,4676,4423.1,Rain,Low,Medium,14,13,0
SHP-003689,Supplier_T,Dallas,Orlando,Rail,4755,719.04,Clear,Severe,Critical,8,7,0
SHP-003690,Supplier_T,Los Angeles,Nashville,Sea,4940,4673.66,Clear,Low,Medium,6,6,0
SHP-003691,Supplier_G,Dallas,Miami,Road,4295,8216.32,Clear,Severe,Medium,3,4,1
SHP-003692,Supplier_O,Houston,Las Vegas,Road,2655,6164.68,Clear,Low,Low,13,11,0
SHP-003693,Supplier_D,Chicago,Portland,Road,2405,8330.02,Fog,Moderate,Critical,5,7,1
SHP-003694,Supplier_E,Los Angeles,Miami,Air,4608,4965.42,Storm,Low,Low,5,4,0
SHP-003695,Supplier_J,San Jose,Nashville,Sea,1188,1228.69,Clear,Low,Critical,12,12,0
SHP-003696,Supplier_A,Chicago,Nashville,Rail,2742,185.72,Rain,High,Critical,1,1,0
SHP-003697,Supplier_M,Dallas,Denver,Sea,1277,3067.03,Clear,High,High,13,11,0
SHP-003698,Supplier_K,Philadelphia,Nashville,Road,4857,6995.01,Clear,Severe,Critical,5,3,0
SHP-003699,Supplier_T,Philadelphia,Nashville,Road,3094,7913.09,Storm,Moderate,High,6,12,1
SHP-003700,Supplier_M,Phoenix,Las Vegas,Sea,659,2992.74,Rain,Moderate,Critical,10,9,0
SHP-003701,Supplier_Z,Phoenix,Denver,Road,3064,4981.76,Clear,Low,Critical,10,9,0
SHP-003702,Supplier_K,Philadelphia,Atlanta,Sea,1371,4240.13,Clear,Severe,Low,11,9,0
SHP-003703,Supplier_O,Los Angeles,Portland,Air,1913,4134.7,Storm,Moderate,Critical,11,9,0
SHP-003704,Supplier_K,Dallas,Atlanta,Air,3015,2351.92,Rain,High,Critical,11,11,0
SHP-003705,Supplier_N,San Jose,Orlando,Rail,709,1406.89,Clear,Moderate,High,13,12,0
SHP-003706,Supplier_U,Philadelphia,Detroit,Rail,2561,2007.05,Clear,Moderate,Low,2,7,1
SHP-003707,Supplier_T,Chicago,Detroit,Road,4220,600.56,Clear,Severe,Critical,3,2,0
SHP-003708,Supplier_E,New York,Seattle,Rail,383,2021.4,Fog,Low,Low,10,10,0
SHP-003709,Supplier_J,Chicago,Detroit,Road,3028,141.55,Rain,Low,Medium,5,9,1
SHP-003710,Supplier_K,Dallas,Nashville,Road,4496,6291.22,Clear,Low,High,14,14,0
SHP-003711,Supplier_T,Phoenix,Miami,Air,1191,3197.94,Rain,High,Medium,13,13,0
SHP-003712,Supplier_W,Philadelphia,Seattle,Sea,916,9732.79,Snow,Low,Low,3,1,0
SHP-003713,Supplier_G,San Diego,Seattle,Air,182,1977.48,Clear,Low,High,5,3,0
SHP-003714,Supplier_P,San Antonio,Atlanta,Road,2020,3490.99,Clear,Low,Low,5,4,0
SHP-003715,Supplier_K,Philadelphia,Orlando,Sea,3591,3610.52,Rain,Moderate,Low,8,8,0
SHP-003716,Supplier_F,Chicago,Miami,Sea,3244,134.09,Rain,Moderate,Critical,10,10,0
SHP-003717,Supplier_M,Los Angeles,Seattle,Road,2193,8400.12,Snow,Low,High,9,7,0
SHP-003718,Supplier_K,Houston,Nashville,Road,4813,368.34,Storm,Severe,Medium,8,13,1
SHP-003719,Supplier_J,Chicago,Las Vegas,Sea,275,9404.79,Clear,Severe,Critical,12,12,0
SHP-003720,Supplier_X,Dallas,Orlando,Rail,2804,8926.14,Clear,Low,Low,3,4,1
SHP-003721,Supplier_W,Houston,Miami,Air,469,5378.44,Fog,High,Low,1,1,0
SHP-003722,Supplier_U,Houston,Miami,Road,1918,5458.78,Clear,Moderate,Critical,14,14,0
SHP-003723,Supplier_P,Dallas,Seattle,Air,2201,6555.09,Rain,Low,Low,3,2,0
SHP-003724,Supplier_S,San Jose,Miami,Road,4885,3901.15,Rain,Low,Medium,1,1,0
SHP-003725,Supplier_Z,Dallas,Atlanta,Air,3590,6489.86,Rain,Moderate,Medium,13,13,0
SHP-003726,Supplier_H,Dallas,Miami,Road,1879,495.45,Clear,Moderate,High,11,10,0
SHP-003727,Supplier_K,Dallas,Denver,Sea,1464,587.77,Snow,Low,Low,9,15,1
SHP-003728,Supplier_M,Los Angeles,Portland,Sea,4562,4599.44,Storm,High,High,12,19,1
SHP-003729,Supplier_I,San Antonio,Denver,Sea,3442,5518.74,Rain,Moderate,Medium,13,12,0
SHP-003730,Supplier_Z,San Diego,Boston,Sea,4839,8883.79,Clear,Moderate,High,3,3,0
SHP-003731,Supplier_M,Los Angeles,Miami,Road,3776,1091.37,Clear,Low,Medium,14,20,1
SHP-003732,Supplier_L,Los Angeles,Detroit,Sea,2526,8235.35,Clear,Moderate,Low,8,8,0
SHP-003733,Supplier_D,Chicago,Detroit,Road,172,2139.97,Clear,Low,Medium,6,5,0
SHP-003734,Supplier_S,New York,Orlando,Road,3062,3971.13,Clear,Moderate,Medium,3,1,0
SHP-003735,Supplier_G,San Diego,Seattle,Air,959,3200.19,Fog,High,High,9,9,0
SHP-003736,Supplier_S,Philadelphia,Boston,Rail,3956,4031.54,Snow,High,High,8,7,0
SHP-003737,Supplier_R,Phoenix,Denver,Sea,4238,1547.43,Rain,Low,Low,3,2,0
SHP-003738,Supplier_F,Philadelphia,Orlando,Sea,2524,5060.52,Rain,Moderate,Medium,7,7,0
SHP-003739,Supplier_V,Chicago,Nashville,Air,1164,8026.34,Clear,Severe,Low,5,3,0
SHP-003740,Supplier_Y,San Diego,Portland,Air,2317,4443.26,Fog,Moderate,Low,2,1,0
SHP-003741,Supplier_R,San Jose,Atlanta,Air,4117,4931.61,Clear,Low,High,14,13,0
SHP-003742,Supplier_A,Dallas,Atlanta,Rail,2359,8495.24,Clear,Moderate,Low,8,6,0
SHP-003743,Supplier_X,Philadelphia,Atlanta,Rail,3851,7075.28,Clear,Low,Critical,1,1,0
SHP-003744,Supplier_O,Chicago,Boston,Air,2186,4930.02,Storm,High,Low,4,11,1
SHP-003745,Supplier_W,Phoenix,Las Vegas,Air,468,2614.07,Storm,Moderate,Low,11,9,0
SHP-003746,Supplier_G,New York,Seattle,Sea,2904,8855.02,Clear,Low,High,13,12,0
SHP-003747,Supplier_O,Los Angeles,Portland,Sea,250,5791.35,Storm,Low,Medium,11,10,0
SHP-003748,Supplier_Z,Houston,Detroit,Air,1234,2250.42,Clear,Low,Low,12,12,0
SHP-003749,Supplier_J,Chicago,Seattle,Sea,2884,2727.74,Clear,Severe,Medium,13,12,0
SHP-003750,Supplier_W,Chicago,Portland,Rail,4264,8041.17,Storm,Low,Low,4,10,1
SHP-003751,Supplier_C,Houston,Boston,Sea,2446,489.25,Storm,Moderate,High,13,13,0
SHP-003752,Supplier_Z,Phoenix,Detroit,Sea,4997,9921.32,Rain,Severe,Low,10,12,1
SHP-003753,Supplier_Z,Chicago,Las Vegas,Rail,2350,1347.0,Rain,Low,Critical,14,12,0
SHP-003754,Supplier_N,Houston,Boston,Road,160,7970.88,Storm,Moderate,Critical,5,6,1
SHP-003755,Supplier_V,Chicago,Seattle,Sea,3110,3978.01,Snow,Moderate,High,4,4,0
SHP-003756,Supplier_P,Los Angeles,Las Vegas,Air,4001,4947.55,Storm,Moderate,Critical,1,2,1
SHP-003757,Supplier_E,San Antonio,Boston,Rail,1437,8812.47,Rain,Low,High,14,20,1
SHP-003758,Supplier_U,Los Angeles,Detroit,Air,1284,4158.47,Fog,Low,Critical,7,14,1
SHP-003759,Supplier_J,Los Angeles,Las Vegas,Air,4526,5398.06,Fog,Moderate,Medium,10,8,0
SHP-003760,Supplier_H,New York,Las Vegas,Air,1651,540.53,Clear,Severe,Medium,11,11,0
SHP-003761,Supplier_I,San Diego,Atlanta,Rail,4533,73.36,Storm,Low,High,2,5,1
SHP-003762,Supplier_V,San Antonio,Miami,Road,1729,2485.76,Clear,Low,Medium,10,9,0
SHP-003763,Supplier_E,New York,Detroit,Rail,1427,6821.8,Clear,Low,High,3,1,0
SHP-003764,Supplier_W,Houston,Nashville,Air,1626,1256.59,Rain,High,Low,5,10,1
SHP-003765,Supplier_N,Los Angeles,Orlando,Rail,1773,1181.93,Clear,Low,Low,8,7,0
SHP-003766,Supplier_Z,New York,Portland,Rail,1461,4139.06,Rain,High,Low,10,8,0
SHP-003767,Supplier_M,Dallas,Boston,Air,1673,6495.98,Storm,Low,High,8,6,0
SHP-003768,Supplier_C,San Jose,Atlanta,Air,2786,7135.12,Clear,Severe,Low,14,15,1
SHP-003769,Supplier_O,New York,Seattle,Sea,4470,1825.58,Clear,Moderate,Low,2,2,0
SHP-003770,Supplier_T,San Diego,Denver,Sea,2466,841.9,Fog,Moderate,High,9,15,1
SHP-003771,Supplier_P,Los Angeles,Las Vegas,Air,3857,9406.95,Clear,Low,Critical,6,6,0
SHP-003772,Supplier_S,Phoenix,Seattle,Air,2534,2643.63,Clear,High,Critical,9,9,0
SHP-003773,Supplier_M,New York,Boston,Air,2093,8540.8,Clear,Low,High,14,13,0
SHP-003774,Supplier_R,Los Angeles,Las Vegas,Road,969,8641.74,Rain,Low,Medium,4,3,0
SHP-003775,Supplier_Q,Phoenix,Seattle,Rail,1114,7736.6,Rain,Low,Critical,3,1,0
SHP-003776,Supplier_W,New York,Atlanta,Air,2011,1729.89,Storm,High,Critical,14,20,1
SHP-003777,Supplier_N,Los Angeles,Detroit,Sea,702,8226.92,Clear,High,Low,14,12,0
SHP-003778,Supplier_R,Los Angeles,Denver,Air,3921,7704.04,Storm,Moderate,High,5,4,0
SHP-003779,Supplier_B,San Jose,Miami,Sea,790,5987.39,Rain,Moderate,Critical,5,5,0
SHP-003780,Supplier_Z,Houston,Seattle,Rail,593,3405.16,Clear,Low,Medium,4,4,0
SHP-003781,Supplier_L,San Jose,Portland,Road,589,2661.96,Rain,High,High,13,16,1
SHP-003782,Supplier_W,Houston,Portland,Rail,2656,1262.8,Snow,High,High,7,12,1
SHP-003783,Supplier_Z,Chicago,Atlanta,Rail,4585,5122.08,Rain,Moderate,Low,8,14,1
SHP-003784,Supplier_R,Philadelphia,Miami,Road,394,5873.35,Clear,Moderate,Medium,5,4,0
SHP-003785,Supplier_T,New York,Portland,Road,4127,3625.42,Clear,Severe,Low,9,9,0
SHP-003786,Supplier_U,Los Angeles,Miami,Air,2943,4779.82,Clear,High,Critical,7,6,0
SHP-003787,Supplier_C,Chicago,Boston,Rail,3012,3666.97,Clear,Moderate,Critical,13,12,0
SHP-003788,Supplier_D,Phoenix,Boston,Air,1817,6428.01,Rain,Low,High,13,11,0
SHP-003789,Supplier_Y,San Jose,Orlando,Sea,2696,9017.53,Clear,Moderate,Low,7,5,0
SHP-003790,Supplier_H,Philadelphia,Nashville,Rail,4844,1681.01,Snow,Moderate,Medium,8,9,1
SHP-003791,Supplier_V,Philadelphia,Boston,Road,1973,3845.02,Clear,Low,Medium,12,10,0
SHP-003792,Supplier_V,Chicago,Atlanta,Road,4763,1451.64,Clear,Low,High,4,4,0
SHP-003793,Supplier_L,Dallas,Miami,Sea,3358,6268.19,Rain,Moderate,Critical,10,12,1
SHP-003794,Supplier_F,San Jose,Boston,Air,2917,7302.26,Clear,Moderate,Low,13,11,0
SHP-003795,Supplier_U,Houston,Orlando,Air,544,9322.53,Storm,Moderate,High,13,12,0
SHP-003796,Supplier_T,Dallas,Nashville,Road,3741,2824.78,Clear,Low,High,6,6,0
SHP-003797,Supplier_B,San Jose,Portland,Air,4558,9504.6,Clear,High,High,5,5,0
SHP-003798,Supplier_S,Los Angeles,Miami,Air,841,679.46,Storm,Moderate,Medium,1,1,0
SHP-003799,Supplier_U,Los Angeles,Nashville,Road,2141,6049.99,Rain,Low,Critical,14,14,0
SHP-003800,Supplier_V,San Jose,Nashville,Air,779,618.47,Clear,Low,Low,13,12,0
SHP-003801,Supplier_U,New York,Portland,Road,2567,8943.05,Clear,High,Critical,9,7,0
SHP-003802,Supplier_M,Dallas,Miami,Sea,3797,5321.6,Snow,High,Medium,2,7,1
SHP-003803,Supplier_Y,Houston,Seattle,Sea,1458,6710.02,Fog,Low,Medium,6,4,0
SHP-003804,Supplier_K,Houston,Seattle,Rail,162,8324.16,Storm,Severe,Critical,8,14,1
SHP-003805,Supplier_Z,Phoenix,Nashville,Rail,2659,1545.59,Clear,Low,Low,3,3,0
SHP-003806,Supplier_N,Chicago,Denver,Road,3869,433.99,Fog,Severe,Medium,5,9,1
SHP-003807,Supplier_D,Dallas,Nashville,Air,4451,8794.87,Clear,Low,High,14,14,0
SHP-003808,Supplier_A,New York,Las Vegas,Sea,234,3183.59,Clear,Low,High,7,7,0
SHP-003809,Supplier_D,Los Angeles,Miami,Rail,3744,1333.34,Storm,Moderate,Critical,4,9,1
SHP-003810,Supplier_I,Houston,Boston,Sea,2235,4711.19,Clear,Low,High,14,12,0
SHP-003811,Supplier_H,Dallas,Miami,Sea,3378,6003.15,Clear,Moderate,High,12,12,0
SHP-003812,Supplier_Q,San Diego,Las Vegas,Sea,922,358.16,Clear,High,Critical,5,4,0
SHP-003813,Supplier_X,Philadelphia,Detroit,Sea,3174,2785.21,Clear,High,Critical,1,6,1
SHP-003814,Supplier_Q,San Jose,Miami,Sea,3081,376.36,Snow,Moderate,Critical,4,10,1
SHP-003815,Supplier_R,Chicago,Orlando,Air,220,4232.34,Rain,Moderate,Medium,14,13,0
SHP-003816,Supplier_S,San Diego,Detroit,Sea,1737,8956.25,Clear,Low,Low,14,14,0
SHP-003817,Supplier_W,Los Angeles,Boston,Rail,1024,9827.39,Rain,Low,High,7,5,0
SHP-003818,Supplier_S,Chicago,Orlando,Road,744,6388.62,Fog,Moderate,Low,12,10,0
SHP-003819,Supplier_H,Philadelphia,Seattle,Road,2132,1658.3,Storm,Low,Critical,10,17,1
SHP-003820,Supplier_O,San Antonio,Miami,Road,2861,9063.2,Clear,High,Low,7,6,0
SHP-003821,Supplier_L,San Antonio,Detroit,Rail,2168,5186.67,Fog,Moderate,Low,10,10,0
SHP-003822,Supplier_M,Houston,Orlando,Air,341,1579.81,Snow,Low,Critical,10,9,0
SHP-003823,Supplier_O,Dallas,Nashville,Air,2768,9221.18,Clear,Moderate,Medium,4,2,0
SHP-003824,Supplier_Y,Houston,Nashville,Road,902,7586.82,Clear,Low,Low,12,11,0
SHP-003825,Supplier_V,San Antonio,Miami,Air,4264,7330.47,Clear,Moderate,Critical,6,4,0
SHP-003826,Supplier_S,Los Angeles,Atlanta,Road,295,7106.35,Snow,High,Low,13,20,1
SHP-003827,Supplier_W,Philadelphia,Las Vegas,Sea,2287,2043.38,Clear,Moderate,High,5,3,0
SHP-003828,Supplier_Q,Los Angeles,Nashville,Rail,3615,2149.52,Rain,Low,Critical,1,1,0
SHP-003829,Supplier_E,San Diego,Boston,Air,2430,6898.52,Clear,High,High,8,8,0
SHP-003830,Supplier_L,Los Angeles,Las Vegas,Road,2459,2236.24,Fog,Low,Critical,12,19,1
SHP-003831,Supplier_A,Dallas,Portland,Air,4941,4414.78,Clear,High,Medium,7,7,0
SHP-003832,Supplier_P,Chicago,Nashville,Road,3706,7830.92,Fog,Moderate,Critical,5,8,1
SHP-003833,Supplier_D,San Diego,Orlando,Sea,376,7850.33,Fog,Moderate,Low,13,19,1
SHP-003834,Supplier_J,Philadelphia,Orlando,Rail,160,4559.95,Clear,High,Medium,10,9,0
SHP-003835,Supplier_N,Phoenix,Las Vegas,Rail,3490,7932.29,Clear,High,Low,10,14,1
SHP-003836,Supplier_C,Dallas,Boston,Rail,2013,8394.29,Clear,Low,Critical,7,10,1
SHP-003837,Supplier_D,New York,Denver,Rail,4027,6565.02,Fog,Low,High,10,9,0
SHP-003838,Supplier_X,Los Angeles,Nashville,Air,2691,2322.84,Rain,High,High,3,1,0
SHP-003839,Supplier_E,Philadelphia,Portland,Air,666,2776.42,Clear,Low,Medium,8,8,0
SHP-003840,Supplier_L,San Diego,Seattle,Air,4035,3182.67,Clear,Moderate,Low,5,4,0
SHP-003841,Supplier_J,Los Angeles,Denver,Sea,1671,1212.2,Clear,High,Medium,2,2,0
SHP-003842,Supplier_K,San Antonio,Miami,Rail,4817,2767.94,Fog,Moderate,Critical,2,1,0
SHP-003843,Supplier_O,Phoenix,Boston,Air,1300,2134.72,Rain,High,High,4,4,0
SHP-003844,Supplier_Z,San Diego,Boston,Air,4509,4580.52,Storm,High,Low,7,10,1
SHP-003845,Supplier_G,San Jose,Atlanta,Sea,2954,9088.95,Clear,Moderate,High,14,12,0
SHP-003846,Supplier_Q,Phoenix,Seattle,Air,2995,1089.58,Clear,High,High,10,16,1
SHP-003847,Supplier_P,San Diego,Las Vegas,Sea,1336,7216.67,Fog,Moderate,Critical,4,3,0
SHP-003848,Supplier_L,Houston,Boston,Road,236,6888.47,Clear,Moderate,Medium,9,8,0
SHP-003849,Supplier_P,Dallas,Detroit,Rail,1129,1002.75,Fog,Moderate,Critical,2,1,0
SHP-003850,Supplier_D,San Antonio,Orlando,Rail,2256,9229.6,Clear,High,Low,6,12,1
SHP-003851,Supplier_O,Phoenix,Nashville,Air,2694,5706.3,Clear,High,Medium,4,3,0
SHP-003852,Supplier_X,San Antonio,Miami,Air,761,3669.07,Rain,Low,Medium,6,6,0
SHP-003853,Supplier_W,Houston,Orlando,Rail,2572,7577.56,Fog,Low,High,10,13,1
SHP-003854,Supplier_O,Los Angeles,Boston,Sea,2777,2610.79,Fog,Severe,High,9,9,0
SHP-003855,Supplier_K,San Diego,Detroit,Rail,2408,6950.42,Clear,Moderate,Critical,10,10,0
SHP-003856,Supplier_C,Philadelphia,Boston,Air,186,445.13,Clear,Low,Critical,12,11,0
SHP-003857,Supplier_J,Chicago,Boston,Road,2612,8402.11,Rain,Moderate,Medium,9,14,1
SHP-003858,Supplier_B,New York,Orlando,Sea,3042,4509.3,Rain,Severe,Critical,9,8,0
SHP-003859,Supplier_Z,San Diego,Miami,Air,2873,6385.09,Snow,High,Medium,9,11,1
SHP-003860,Supplier_W,Los Angeles,Atlanta,Sea,2604,2251.32,Clear,High,High,3,1,0
SHP-003861,Supplier_D,San Antonio,Boston,Sea,3410,6786.88,Fog,Low,Low,12,19,1
SHP-003862,Supplier_A,San Diego,Orlando,Road,1800,7733.79,Rain,High,Critical,11,15,1
SHP-003863,Supplier_K,Dallas,Detroit,Road,3770,4758.47,Storm,Moderate,Critical,14,13,0
SHP-003864,Supplier_U,Los Angeles,Boston,Road,2800,6196.38,Rain,High,Critical,9,9,0
SHP-003865,Supplier_D,Los Angeles,Denver,Air,3729,4590.44,Clear,Low,High,3,1,0
SHP-003866,Supplier_V,Chicago,Portland,Rail,4690,8946.21,Fog,Low,Medium,10,9,0
SHP-003867,Supplier_Z,San Antonio,Portland,Sea,1747,5003.8,Rain,Moderate,Low,3,2,0
SHP-003868,Supplier_F,San Antonio,Miami,Rail,3418,8426.0,Storm,Low,Critical,5,5,0
SHP-003869,Supplier_X,San Jose,Portland,Air,3787,8023.45,Fog,High,Critical,6,12,1
SHP-003870,Supplier_H,Los Angeles,Miami,Rail,696,4134.52,Rain,Severe,Medium,9,13,1
SHP-003871,Supplier_Q,Chicago,Portland,Rail,4645,2339.34,Rain,Moderate,Medium,1,1,0
SHP-003872,Supplier_F,Los Angeles,Miami,Rail,584,4090.52,Clear,High,Critical,8,14,1
SHP-003873,Supplier_R,Philadelphia,Detroit,Sea,745,8270.86,Clear,Moderate,Low,14,14,0
SHP-003874,Supplier_F,Houston,Portland,Sea,3189,2314.94,Clear,High,Medium,14,13,0
SHP-003875,Supplier_K,Philadelphia,Las Vegas,Road,4857,5268.14,Clear,High,High,4,3,0
SHP-003876,Supplier_R,Houston,Seattle,Road,4953,8070.66,Clear,High,Medium,10,10,0
SHP-003877,Supplier_N,San Jose,Nashville,Air,4484,3567.1,Clear,Moderate,Critical,7,6,0
SHP-003878,Supplier_O,San Antonio,Miami,Air,820,6439.99,Clear,Moderate,Critical,6,5,0
SHP-003879,Supplier_H,Los Angeles,Orlando,Sea,4833,2494.03,Clear,High,Critical,6,6,0
SHP-003880,Supplier_Z,Houston,Atlanta,Road,598,1137.33,Clear,Low,Medium,7,7,0
SHP-003881,Supplier_M,San Antonio,Boston,Air,4829,7954.12,Clear,High,High,4,2,0
SHP-003882,Supplier_U,San Diego,Orlando,Rail,1773,1034.74,Rain,Severe,Medium,6,10,1
SHP-003883,Supplier_F,Phoenix,Las Vegas,Sea,3167,2750.24,Rain,Moderate,Medium,3,3,0
SHP-003884,Supplier_F,San Jose,Detroit,Road,214,8558.34,Clear,High,Critical,5,3,0
SHP-003885,Supplier_U,San Jose,Atlanta,Road,3079,3497.37,Rain,High,Critical,13,11,0
SHP-003886,Supplier_V,Phoenix,Portland,Sea,4869,9731.8,Storm,Moderate,Low,13,11,0
SHP-003887,Supplier_N,San Antonio,Denver,Rail,1836,9798.36,Clear,Moderate,Critical,14,12,0
SHP-003888,Supplier_M,Philadelphia,Boston,Sea,3711,2719.35,Rain,High,Low,13,11,0
SHP-003889,Supplier_A,San Diego,Boston,Rail,2353,457.73,Fog,Moderate,High,2,2,0
SHP-003890,Supplier_X,San Jose,Boston,Air,2394,7065.38,Storm,Low,Critical,3,3,0
SHP-003891,Supplier_T,San Antonio,Portland,Sea,3730,4537.32,Clear,High,Medium,13,11,0
SHP-003892,Supplier_G,San Diego,Denver,Sea,246,1052.49,Rain,Moderate,Medium,9,7,0
SHP-003893,Supplier_O,Dallas,Seattle,Road,4082,7089.85,Clear,High,Low,6,8,1
SHP-003894,Supplier_S,Phoenix,Denver,Air,3553,360.19,Rain,Low,High,3,3,0
SHP-003895,Supplier_N,Chicago,Denver,Air,4607,8708.46,Fog,Low,High,2,1,0
SHP-003896,Supplier_M,San Diego,Orlando,Air,2510,1429.59,Rain,Severe,Medium,5,4,0
SHP-003897,Supplier_A,Los Angeles,Miami,Road,236,1316.75,Fog,Low,High,10,10,0
SHP-003898,Supplier_W,Los Angeles,Seattle,Rail,3460,1797.94,Clear,High,Low,14,18,1
SHP-003899,Supplier_G,Phoenix,Atlanta,Air,3105,9604.65,Fog,High,High,5,6,1
SHP-003900,Supplier_G,San Diego,Miami,Air,3652,6947.04,Rain,High,Low,1,1,0
SHP-003901,Supplier_I,San Diego,Denver,Road,118,8023.65,Clear,Low,Medium,3,3,0
SHP-003902,Supplier_Y,Houston,Las Vegas,Air,2342,4006.47,Rain,Moderate,Critical,7,6,0
SHP-003903,Supplier_W,Chicago,Portland,Road,548,3396.31,Clear,High,Medium,9,9,0
SHP-003904,Supplier_Z,New York,Orlando,Road,2048,2383.12,Clear,Moderate,Critical,5,3,0
SHP-003905,Supplier_Z,Los Angeles,Detroit,Sea,1045,4832.45,Storm,Moderate,Low,4,9,1
SHP-003906,Supplier_C,New York,Miami,Air,4336,5540.7,Clear,Moderate,High,3,3,0
SHP-003907,Supplier_S,Los Angeles,Las Vegas,Rail,2020,6336.16,Snow,Low,Critical,10,9,0
SHP-003908,Supplier_D,San Diego,Seattle,Road,3077,2608.33,Clear,High,Critical,13,18,1
SHP-003909,Supplier_Z,New York,Miami,Sea,4288,9489.11,Clear,High,High,9,8,0
SHP-003910,Supplier_R,Chicago,Boston,Rail,4115,1739.1,Fog,Severe,Low,14,15,1
SHP-003911,Supplier_F,San Antonio,Boston,Rail,338,9658.25,Clear,Moderate,High,7,7,0
SHP-003912,Supplier_L,San Jose,Miami,Rail,304,197.82,Rain,High,Medium,12,15,1
SHP-003913,Supplier_K,Philadelphia,Detroit,Road,2707,4837.2,Rain,Low,High,7,7,0
SHP-003914,Supplier_G,Chicago,Las Vegas,Rail,4440,3367.01,Rain,Moderate,Critical,14,12,0
SHP-003915,Supplier_O,Phoenix,Miami,Air,3488,4518.78,Fog,Moderate,Critical,13,11,0
SHP-003916,Supplier_D,San Jose,Orlando,Road,3072,5728.11,Rain,Severe,Low,8,6,0
SHP-003917,Supplier_I,San Jose,Seattle,Sea,4490,4384.11,Clear,High,Critical,10,14,1
SHP-003918,Supplier_V,Los Angeles,Detroit,Road,2787,4177.73,Storm,Severe,Critical,1,3,1
SHP-003919,Supplier_P,Los Angeles,Atlanta,Rail,4266,7340.6,Clear,High,Critical,11,11,0
SHP-003920,Supplier_Q,Dallas,Atlanta,Sea,1448,6874.47,Rain,High,High,4,5,1
SHP-003921,Supplier_U,San Diego,Las Vegas,Sea,4500,8341.05,Fog,Low,High,13,13,0
SHP-003922,Supplier_K,San Diego,Portland,Road,916,2537.09,Rain,High,High,13,16,1
SHP-003923,Supplier_T,Houston,Atlanta,Air,920,6114.81,Storm,Moderate,Medium,5,11,1
SHP-003924,Supplier_M,Phoenix,Las Vegas,Road,292,5872.69,Rain,Low,Critical,5,5,0
SHP-003925,Supplier_T,San Diego,Atlanta,Air,1876,3728.89,Storm,Low,Low,1,3,1
SHP-003926,Supplier_M,San Diego,Seattle,Road,3745,4886.27,Fog,Moderate,Low,3,1,0
SHP-003927,Supplier_S,Dallas,Seattle,Sea,4724,3172.13,Clear,Low,Medium,2,1,0
SHP-003928,Supplier_D,Phoenix,Detroit,Sea,350,1461.35,Clear,Moderate,High,12,11,0
SHP-003929,Supplier_L,Dallas,Orlando,Sea,1888,2177.32,Clear,Moderate,Medium,7,7,0
SHP-003930,Supplier_L,Philadelphia,Detroit,Air,3800,1099.86,Snow,Severe,Medium,13,17,1
SHP-003931,Supplier_O,Dallas,Nashville,Sea,2563,6846.54,Clear,High,Critical,14,14,0
SHP-003932,Supplier_T,Dallas,Atlanta,Sea,1267,6624.24,Clear,Moderate,Medium,5,3,0
SHP-003933,Supplier_F,New York,Nashville,Road,3993,9508.53,Clear,Low,Critical,3,8,1
SHP-003934,Supplier_V,New York,Boston,Sea,1196,7310.3,Fog,Low,Medium,11,15,1
SHP-003935,Supplier_W,San Antonio,Denver,Rail,2779,567.86,Rain,Low,Critical,8,8,0
SHP-003936,Supplier_Z,Los Angeles,Miami,Rail,1947,8848.24,Clear,Low,Medium,1,1,0
SHP-003937,Supplier_J,San Antonio,Detroit,Air,4004,8633.62,Clear,Severe,Medium,1,1,0
SHP-003938,Supplier_T,San Diego,Orlando,Rail,604,4461.04,Clear,Moderate,Low,14,13,0
SHP-003939,Supplier_S,Philadelphia,Detroit,Air,1721,5879.34,Clear,Low,Medium,6,8,1
SHP-003940,Supplier_C,San Antonio,Detroit,Rail,2572,9761.98,Clear,Low,Medium,1,1,0
SHP-003941,Supplier_V,San Diego,Nashville,Sea,2646,5346.43,Fog,Moderate,Medium,4,3,0
SHP-003942,Supplier_E,San Diego,Detroit,Rail,1487,9057.95,Fog,Moderate,Critical,6,7,1
SHP-003943,Supplier_K,New York,Portland,Air,3094,876.24,Clear,Low,Low,1,1,0
SHP-003944,Supplier_D,New York,Boston,Rail,3916,1950.97,Clear,Severe,Low,13,18,1
SHP-003945,Supplier_H,Chicago,Orlando,Rail,817,4435.51,Clear,Low,Low,9,9,0
SHP-003946,Supplier_J,Dallas,Miami,Air,3584,5868.33,Clear,Low,Critical,4,3,0
SHP-003947,Supplier_D,Phoenix,Denver,Rail,4534,8171.47,Clear,Low,High,9,7,0
SHP-003948,Supplier_F,Chicago,Detroit,Sea,758,9883.21,Clear,Moderate,Critical,9,9,0
SHP-003949,Supplier_L,San Diego,Miami,Sea,4108,3919.07,Clear,Low,Critical,13,11,0
SHP-003950,Supplier_W,San Antonio,Boston,Road,4624,521.79,Snow,Low,Low,6,10,1
SHP-003951,Supplier_E,Chicago,Denver,Sea,4334,8021.66,Snow,Low,Critical,13,13,0
SHP-003952,Supplier_Q,Phoenix,Orlando,Sea,3864,6063.59,Rain,Moderate,Low,7,6,0
SHP-003953,Supplier_M,San Antonio,Miami,Road,3089,2025.5,Clear,Low,Critical,13,13,0
SHP-003954,Supplier_N,San Diego,Atlanta,Road,4737,4973.54,Fog,Low,Medium,1,1,0
SHP-003955,Supplier_T,Los Angeles,Orlando,Sea,2204,7435.99,Fog,Moderate,Low,5,5,0
SHP-003956,Supplier_E,San Jose,Seattle,Sea,1355,7715.6,Clear,Low,High,3,2,0
SHP-003957,Supplier_S,San Diego,Detroit,Air,2582,5021.2,Clear,Moderate,Medium,10,8,0
SHP-003958,Supplier_M,Dallas,Las Vegas,Road,483,3086.88,Rain,Low,High,10,9,0
SHP-003959,Supplier_N,Dallas,Las Vegas,Air,2707,9738.74,Clear,Low,Low,13,11,0
SHP-003960,Supplier_F,San Jose,Orlando,Road,293,6650.46,Clear,Moderate,High,6,4,0
SHP-003961,Supplier_P,San Diego,Detroit,Rail,3907,4111.96,Rain,Low,High,4,4,0
SHP-003962,Supplier_U,San Diego,Seattle,Air,3819,2840.61,Rain,Low,Critical,13,13,0
SHP-003963,Supplier_R,Dallas,Nashville,Sea,2681,7324.47,Clear,Moderate,Medium,14,13,0
SHP-003964,Supplier_W,Chicago,Orlando,Rail,2665,2459.73,Rain,Severe,Low,13,15,1
SHP-003965,Supplier_U,Dallas,Miami,Road,2863,1758.51,Fog,High,High,9,9,0
SHP-003966,Supplier_F,New York,Denver,Air,2898,5321.85,Clear,High,Medium,7,5,0
SHP-003967,Supplier_R,San Antonio,Nashville,Sea,2439,2935.37,Rain,High,Low,14,13,0
SHP-003968,Supplier_F,Phoenix,Atlanta,Rail,3506,6307.61,Clear,Severe,Critical,4,2,0
SHP-003969,Supplier_P,San Diego,Atlanta,Road,831,1223.49,Clear,High,Low,13,17,1
SHP-003970,Supplier_J,San Jose,Seattle,Sea,2972,6566.66,Rain,Moderate,Medium,11,9,0
SHP-003971,Supplier_E,San Antonio,Orlando,Rail,3220,2868.8,Clear,Low,Medium,6,5,0
SHP-003972,Supplier_F,San Jose,Las Vegas,Road,4880,52.42,Clear,Low,Medium,2,2,0
SHP-003973,Supplier_K,Philadelphia,Orlando,Air,4277,1313.01,Clear,Moderate,Low,14,12,0
SHP-003974,Supplier_O,Phoenix,Las Vegas,Rail,2704,9339.47,Rain,Severe,Medium,3,7,1
SHP-003975,Supplier_T,Philadelphia,Nashville,Rail,2482,8680.18,Snow,Moderate,Critical,11,14,1
SHP-003976,Supplier_B,New York,Las Vegas,Road,631,2374.41,Clear,High,Low,7,5,0
SHP-003977,Supplier_L,New York,Atlanta,Rail,4416,7794.8,Rain,Moderate,Low,11,14,1
SHP-003978,Supplier_A,San Jose,Las Vegas,Air,734,6105.29,Clear,Moderate,High,12,12,0
SHP-003979,Supplier_P,New York,Miami,Sea,1869,9710.5,Rain,Moderate,Medium,4,7,1
SHP-003980,Supplier_E,Chicago,Orlando,Air,3904,3767.38,Clear,Moderate,Critical,14,13,0
SHP-003981,Supplier_G,Philadelphia,Portland,Rail,2470,6830.53,Rain,Low,High,12,10,0
SHP-003982,Supplier_M,Philadelphia,Las Vegas,Rail,102,682.18,Fog,High,Critical,10,10,0
SHP-003983,Supplier_R,San Jose,Las Vegas,Air,305,3992.66,Fog,High,Low,7,13,1
SHP-003984,Supplier_Q,New York,Portland,Sea,4235,9639.99,Clear,High,Low,9,7,0
SHP-003985,Supplier_U,Philadelphia,Detroit,Sea,2721,5412.86,Storm,Low,Critical,14,15,1
SHP-003986,Supplier_P,San Antonio,Boston,Road,4839,2914.4,Clear,High,Low,13,17,1
SHP-003987,Supplier_N,Los Angeles,Seattle,Road,2990,1246.7,Fog,Low,Low,5,10,1
SHP-003988,Supplier_V,San Antonio,Orlando,Air,3293,7050.11,Clear,Low,Critical,14,14,0
SHP-003989,Supplier_P,Philadelphia,Boston,Road,2766,6466.32,Clear,High,Critical,1,4,1
SHP-003990,Supplier_N,Philadelphia,Seattle,Sea,3406,3770.69,Clear,Low,Low,5,3,0
SHP-003991,Supplier_W,San Antonio,Detroit,Road,997,9511.87,Clear,Low,Medium,6,4,0
SHP-003992,Supplier_O,Philadelphia,Seattle,Rail,1185,270.92,Snow,Low,Low,14,21,1
SHP-003993,Supplier_P,New York,Detroit,Sea,1379,3072.05,Fog,High,Critical,11,11,0
SHP-003994,Supplier_F,Houston,Seattle,Sea,770,9214.64,Rain,Low,Medium,2,1,0
SHP-003995,Supplier_C,Houston,Portland,Road,1605,3243.31,Snow,Moderate,Critical,8,15,1
SHP-003996,Supplier_S,Houston,Detroit,Road,3675,2559.92,Snow,Moderate,Low,13,13,0
SHP-003997,Supplier_A,Phoenix,Atlanta,Air,4914,5365.49,Clear,High,High,2,4,1
SHP-003998,Supplier_Z,San Jose,Seattle,Air,2055,8246.83,Clear,High,Low,14,20,1
SHP-003999,Supplier_Y,Los Angeles,Portland,Sea,349,1076.31,Clear,Moderate,Low,9,7,0
SHP-004000,Supplier_H,Los Angeles,Nashville,Rail,1992,9433.06,Clear,Low,High,14,12,0
SHP-004001,Supplier_J,Phoenix,Detroit,Sea,3539,7960.98,Clear,Low,Medium,13,11,0
SHP-004002,Supplier_B,Los Angeles,Atlanta,Air,1953,1853.44,Clear,Moderate,Medium,2,2,0
SHP-004003,Supplier_I,Philadelphia,Detroit,Air,2954,7134.48,Clear,High,Medium,3,10,1
SHP-004004,Supplier_H,Chicago,Las Vegas,Rail,1603,3880.34,Clear,Low,Critical,8,7,0
SHP-004005,Supplier_R,New York,Las Vegas,Rail,3485,4052.83,Fog,Low,Critical,11,10,0
SHP-004006,Supplier_J,Dallas,Atlanta,Rail,3671,7843.74,Clear,High,Medium,6,11,1
SHP-004007,Supplier_F,Philadelphia,Detroit,Air,3892,9629.71,Rain,Moderate,High,1,1,0
SHP-004008,Supplier_Y,New York,Portland,Air,3526,1310.23,Rain,High,High,4,6,1
SHP-004009,Supplier_O,San Diego,Orlando,Air,143,4235.27,Rain,High,Critical,5,3,0
SHP-004010,Supplier_S,San Antonio,Seattle,Rail,3712,4835.37,Clear,High,Medium,14,14,0
SHP-004011,Supplier_X,San Jose,Portland,Sea,2718,3794.3,Clear,Moderate,Low,11,14,1
SHP-004012,Supplier_Y,Dallas,Nashville,Air,4778,3663.73,Clear,Moderate,Critical,3,2,0
SHP-004013,Supplier_Y,San Antonio,Seattle,Air,3263,570.07,Clear,Severe,Medium,1,1,0
SHP-004014,Supplier_P,Phoenix,Orlando,Sea,1388,6871.11,Clear,Moderate,High,3,2,0
SHP-004015,Supplier_R,New York,Denver,Road,3042,4390.33,Rain,Low,Critical,13,11,0
SHP-004016,Supplier_Q,San Diego,Las Vegas,Air,319,1988.2,Rain,Low,Critical,9,8,0
SHP-004017,Supplier_D,San Jose,Seattle,Air,2025,8169.53,Rain,Moderate,Medium,2,7,1
SHP-004018,Supplier_S,New York,Nashville,Air,3072,8035.48,Clear,Severe,Low,1,1,0
SHP-004019,Supplier_D,Philadelphia,Orlando,Rail,3613,4889.6,Clear,Low,Medium,7,5,0
SHP-004020,Supplier_I,San Antonio,Denver,Air,2548,3019.58,Storm,Low,Low,13,14,1
SHP-004021,Supplier_Y,San Jose,Orlando,Road,3571,6399.02,Clear,High,Critical,7,7,0
SHP-004022,Supplier_R,San Antonio,Boston,Air,2874,2917.11,Snow,Severe,High,5,3,0
SHP-004023,Supplier_L,Philadelphia,Boston,Road,1090,2398.28,Snow,Low,High,2,2,0
SHP-004024,Supplier_R,San Jose,Detroit,Air,3046,7318.62,Clear,Low,Low,14,14,0
SHP-004025,Supplier_Y,Los Angeles,Detroit,Road,1912,451.24,Clear,Moderate,Medium,1,1,0
SHP-004026,Supplier_B,San Diego,Atlanta,Air,903,992.95,Clear,Low,High,13,11,0
SHP-004027,Supplier_Y,Los Angeles,Atlanta,Rail,589,117.54,Clear,High,High,5,9,1
SHP-004028,Supplier_X,Houston,Nashville,Rail,3656,1571.78,Clear,Low,Low,10,8,0
SHP-004029,Supplier_O,Philadelphia,Nashville,Sea,1593,736.45,Clear,Low,Medium,4,10,1
SHP-004030,Supplier_R,San Diego,Las Vegas,Sea,3745,9958.23,Clear,Low,Medium,9,7,0
SHP-004031,Supplier_G,Dallas,Denver,Rail,2991,2923.66,Rain,Low,Medium,5,3,0
SHP-004032,Supplier_N,Philadelphia,Orlando,Rail,1805,1535.22,Storm,Low,Critical,11,11,0
SHP-004033,Supplier_D,Chicago,Portland,Sea,3616,2447.91,Clear,Low,Medium,10,14,1
SHP-004034,Supplier_X,San Jose,Seattle,Air,3440,9364.45,Fog,High,Critical,12,13,1
SHP-004035,Supplier_U,Phoenix,Denver,Road,153,5225.59,Fog,Low,Medium,12,10,0
SHP-004036,Supplier_Y,Philadelphia,Portland,Sea,2675,3679.94,Fog,Severe,Low,2,9,1
SHP-004037,Supplier_H,San Antonio,Miami,Road,3691,8740.25,Storm,Low,Medium,4,11,1
SHP-004038,Supplier_J,Houston,Denver,Road,715,3980.15,Clear,Moderate,Low,13,11,0
SHP-004039,Supplier_B,San Diego,Atlanta,Air,1054,3383.34,Clear,Low,Critical,12,10,0
SHP-004040,Supplier_O,Los Angeles,Nashville,Rail,2533,2112.46,Rain,Low,Medium,9,10,1
SHP-004041,Supplier_I,Dallas,Boston,Rail,1729,3809.08,Rain,Moderate,High,8,7,0
SHP-004042,Supplier_L,Houston,Las Vegas,Rail,2881,3201.01,Storm,Moderate,Low,3,4,1
SHP-004043,Supplier_C,Phoenix,Portland,Road,749,6789.17,Fog,High,High,8,8,0
SHP-004044,Supplier_O,Phoenix,Atlanta,Rail,2447,2931.35,Rain,High,Critical,13,19,1
SHP-004045,Supplier_D,New York,Denver,Sea,4590,5793.14,Clear,Moderate,Low,2,1,0
SHP-004046,Supplier_Y,Phoenix,Miami,Air,3378,705.63,Clear,Moderate,Medium,3,3,0
SHP-004047,Supplier_Z,San Jose,Nashville,Rail,2740,1953.33,Clear,High,Critical,14,12,0
SHP-004048,Supplier_H,San Antonio,Miami,Sea,3901,4103.68,Rain,Moderate,Critical,5,3,0
SHP-004049,Supplier_G,Houston,Denver,Rail,2661,9372.65,Rain,Severe,Critical,11,9,0
SHP-004050,Supplier_Z,San Jose,Atlanta,Rail,3349,3803.66,Storm,High,Critical,12,18,1
SHP-004051,Supplier_X,Los Angeles,Denver,Sea,470,6657.54,Rain,Low,High,14,13,0
SHP-004052,Supplier_S,San Jose,Las Vegas,Sea,957,2588.12,Fog,Low,Medium,10,8,0
SHP-004053,Supplier_W,Los Angeles,Las Vegas,Road,4986,1313.98,Rain,Moderate,Critical,10,8,0
SHP-004054,Supplier_L,San Jose,Nashville,Air,4853,632.44,Storm,High,Medium,8,14,1
SHP-004055,Supplier_W,Philadelphia,Nashville,Air,483,3088.86,Clear,Moderate,High,1,1,0
SHP-004056,Supplier_T,Phoenix,Detroit,Rail,3977,1618.73,Storm,High,High,4,8,1
SHP-004057,Supplier_U,Los Angeles,Denver,Rail,2652,1781.4,Rain,Low,Medium,1,6,1
SHP-004058,Supplier_N,San Jose,Nashville,Rail,4434,7619.56,Clear,Low,Critical,1,1,0
SHP-004059,Supplier_F,Dallas,Las Vegas,Air,4390,207.59,Clear,Low,High,12,11,0
SHP-004060,Supplier_T,San Diego,Seattle,Sea,2825,5600.21,Fog,Moderate,High,5,3,0
SHP-004061,Supplier_E,San Antonio,Boston,Air,4134,3825.64,Clear,Moderate,Low,6,5,0
SHP-004062,Supplier_Z,Houston,Atlanta,Road,3393,5090.17,Clear,Low,Critical,1,1,0
SHP-004063,Supplier_G,Philadelphia,Detroit,Air,4351,5650.16,Clear,Moderate,Low,11,9,0
SHP-004064,Supplier_G,Los Angeles,Detroit,Rail,4088,3168.01,Rain,Low,Critical,6,6,0
SHP-004065,Supplier_Z,Phoenix,Orlando,Road,1022,2986.33,Storm,Low,High,5,5,0
SHP-004066,Supplier_B,Dallas,Orlando,Air,3015,7347.35,Clear,High,Low,4,11,1
SHP-004067,Supplier_S,Phoenix,Orlando,Sea,3050,8719.21,Clear,Low,Critical,10,9,0
SHP-004068,Supplier_L,San Antonio,Atlanta,Sea,3146,1966.19,Fog,Moderate,Critical,5,4,0
SHP-004069,Supplier_R,Dallas,Miami,Sea,1074,1021.31,Snow,High,High,8,7,0
SHP-004070,Supplier_I,Philadelphia,Atlanta,Rail,1330,8983.07,Storm,High,Critical,9,9,0
SHP-004071,Supplier_T,Houston,Detroit,Sea,2535,3531.46,Clear,Low,Low,11,11,0
SHP-004072,Supplier_R,San Antonio,Portland,Air,1914,5535.61,Clear,Moderate,Medium,14,12,0
SHP-004073,Supplier_F,San Antonio,Nashville,Sea,3034,3627.45,Clear,High,Low,12,15,1
SHP-004074,Supplier_K,Phoenix,Portland,Road,1463,1301.73,Snow,High,Low,2,7,1
SHP-004075,Supplier_W,San Jose,Nashville,Road,4040,5913.85,Clear,High,Low,6,11,1
SHP-004076,Supplier_J,Dallas,Boston,Sea,303,5275.15,Clear,Low,Medium,3,1,0
SHP-004077,Supplier_J,San Diego,Portland,Sea,260,2069.79,Clear,Low,Low,2,2,0
SHP-004078,Supplier_S,Dallas,Denver,Road,4587,4546.1,Clear,Moderate,Medium,12,10,0
SHP-004079,Supplier_I,Chicago,Denver,Rail,868,7979.63,Storm,High,Medium,14,19,1
SHP-004080,Supplier_Q,New York,Orlando,Air,3848,5924.74,Clear,Low,Low,13,12,0
SHP-004081,Supplier_V,Dallas,Las Vegas,Rail,2681,1014.33,Rain,Low,High,1,1,0
SHP-004082,Supplier_D,Chicago,Atlanta,Air,1193,5502.81,Fog,High,High,4,4,0
SHP-004083,Supplier_E,San Jose,Denver,Rail,4600,7042.25,Clear,Low,Medium,8,7,0
SHP-004084,Supplier_Y,San Diego,Miami,Air,707,7937.4,Rain,Low,Low,3,1,0
SHP-004085,Supplier_Z,Houston,Orlando,Sea,1640,6309.72,Fog,Low,High,5,3,0
SHP-004086,Supplier_N,San Diego,Orlando,Sea,2975,1568.95,Fog,Low,High,14,18,1
SHP-004087,Supplier_B,Phoenix,Detroit,Air,3291,7116.22,Clear,Moderate,Low,10,10,0
SHP-004088,Supplier_I,Dallas,Portland,Air,1937,6789.55,Clear,Low,Medium,5,3,0
SHP-004089,Supplier_U,San Jose,Nashville,Sea,789,293.05,Clear,Low,Medium,5,12,1
SHP-004090,Supplier_E,San Antonio,Detroit,Air,3859,4146.89,Snow,Low,Medium,11,11,0
SHP-004091,Supplier_W,San Jose,Portland,Rail,3049,3362.85,Snow,Low,High,9,13,1
SHP-004092,Supplier_E,New York,Denver,Air,2203,6710.65,Rain,Moderate,Medium,8,8,0
SHP-004093,Supplier_H,Dallas,Las Vegas,Sea,465,2200.55,Clear,Low,Medium,8,7,0
SHP-004094,Supplier_E,Houston,Orlando,Rail,3675,5929.18,Clear,Moderate,Medium,13,12,0
SHP-004095,Supplier_W,Philadelphia,Boston,Sea,4650,9136.4,Rain,Low,Medium,13,19,1
SHP-004096,Supplier_K,San Diego,Atlanta,Road,4299,7988.13,Clear,Low,Low,1,1,0
SHP-004097,Supplier_H,Chicago,Seattle,Sea,4272,9218.5,Snow,Low,Medium,1,2,1
SHP-004098,Supplier_Y,Houston,Boston,Rail,4425,9786.13,Clear,Low,Medium,2,2,0
SHP-004099,Supplier_V,Chicago,Portland,Rail,2478,156.17,Clear,Moderate,High,14,12,0
SHP-004100,Supplier_M,Phoenix,Detroit,Road,1305,6246.28,Clear,Moderate,Low,8,6,0
SHP-004101,Supplier_P,San Antonio,Miami,Rail,3939,4157.75,Clear,High,Low,10,12,1
SHP-004102,Supplier_E,San Antonio,Orlando,Air,2835,8605.55,Clear,Low,Medium,1,1,0
SHP-004103,Supplier_S,Philadelphia,Las Vegas,Sea,3447,2555.56,Clear,Low,High,4,4,0
SHP-004104,Supplier_U,Los Angeles,Las Vegas,Sea,1775,9811.24,Clear,Low,High,9,8,0
SHP-004105,Supplier_I,Houston,Orlando,Rail,398,6156.39,Clear,High,High,2,1,0
SHP-004106,Supplier_U,San Antonio,Las Vegas,Air,1056,7945.7,Clear,Low,Low,3,1,0
SHP-004107,Supplier_N,Phoenix,Nashville,Road,1214,901.72,Snow,Moderate,Low,11,18,1
SHP-004108,Supplier_M,Phoenix,Boston,Road,2605,1875.41,Clear,Low,Medium,6,8,1
SHP-004109,Supplier_O,Chicago,Detroit,Road,1574,7596.12,Rain,Low,High,13,13,0
SHP-004110,Supplier_C,Phoenix,Nashville,Air,4560,268.77,Snow,Severe,High,11,9,0
SHP-004111,Supplier_U,San Jose,Detroit,Sea,4546,8177.94,Rain,Moderate,High,10,9,0
SHP-004112,Supplier_Z,Houston,Denver,Road,3826,188.79,Fog,High,Low,3,7,1
SHP-004113,Supplier_Y,San Antonio,Denver,Air,3571,6588.33,Clear,Moderate,Medium,4,2,0
SHP-004114,Supplier_C,Houston,Miami,Sea,2928,3682.68,Snow,Moderate,Critical,9,8,0
SHP-004115,Supplier_M,Los Angeles,Seattle,Rail,2950,6134.37,Fog,Low,High,9,8,0
SHP-004116,Supplier_Q,Chicago,Nashville,Road,2606,6975.51,Storm,Moderate,Medium,10,12,1
SHP-004117,Supplier_X,Houston,Las Vegas,Air,3870,3457.63,Clear,Low,Medium,5,3,0
SHP-004118,Supplier_I,New York,Boston,Air,3064,1124.23,Clear,Moderate,Medium,7,9,1
SHP-004119,Supplier_W,Houston,Orlando,Rail,4694,742.98,Clear,Moderate,Medium,9,9,0
SHP-004120,Supplier_L,Phoenix,Orlando,Road,1049,5909.91,Rain,High,Medium,8,12,1
SHP-004121,Supplier_O,San Diego,Detroit,Road,4703,5230.52,Snow,Moderate,High,11,15,1
SHP-004122,Supplier_P,San Diego,Atlanta,Air,2950,7434.9,Clear,Moderate,Medium,7,6,0
SHP-004123,Supplier_K,Dallas,Detroit,Sea,265,5121.87,Rain,Low,Critical,12,10,0
SHP-004124,Supplier_S,San Antonio,Boston,Rail,3586,4253.34,Rain,Low,Medium,8,11,1
SHP-004125,Supplier_A,San Antonio,Denver,Sea,2609,4010.97,Clear,Low,Critical,5,4,0
SHP-004126,Supplier_Y,New York,Atlanta,Road,1019,313.15,Storm,High,Medium,5,6,1
SHP-004127,Supplier_X,Houston,Boston,Air,213,3388.79,Snow,Severe,Low,5,5,0
SHP-004128,Supplier_C,Chicago,Boston,Rail,3604,9761.4,Clear,Low,Low,1,5,1
SHP-004129,Supplier_X,Phoenix,Portland,Rail,1091,8741.88,Rain,Low,High,6,5,0
SHP-004130,Supplier_O,Chicago,Portland,Air,3939,3327.31,Clear,Moderate,Medium,5,9,1
SHP-004131,Supplier_U,New York,Seattle,Sea,1358,5898.56,Rain,High,Low,8,7,0
SHP-004132,Supplier_V,Phoenix,Denver,Rail,3526,8480.6,Fog,Moderate,Medium,8,7,0
SHP-004133,Supplier_W,Phoenix,Boston,Rail,614,4440.68,Storm,Low,High,2,1,0
SHP-004134,Supplier_L,Dallas,Boston,Sea,4904,228.68,Clear,Severe,High,11,11,0
SHP-004135,Supplier_C,Chicago,Orlando,Sea,3296,791.38,Clear,High,Low,6,6,0
SHP-004136,Supplier_Z,New York,Atlanta,Air,4534,5128.41,Clear,Low,Medium,12,12,0
SHP-004137,Supplier_R,San Diego,Seattle,Air,2684,9695.92,Rain,Severe,Low,11,9,0
SHP-004138,Supplier_M,New York,Boston,Sea,167,6947.43,Clear,Moderate,Critical,10,8,0
SHP-004139,Supplier_G,New York,Denver,Air,1696,755.62,Rain,Low,High,10,8,0
SHP-004140,Supplier_N,Los Angeles,Atlanta,Rail,4578,1934.14,Clear,Moderate,Critical,6,6,0
SHP-004141,Supplier_G,Philadelphia,Seattle,Sea,118,7724.67,Clear,High,High,3,2,0
SHP-004142,Supplier_P,San Jose,Las Vegas,Air,2830,8422.33,Clear,Moderate,Medium,1,7,1
SHP-004143,Supplier_I,Phoenix,Las Vegas,Sea,3621,6196.06,Fog,Low,Low,7,7,0
SHP-004144,Supplier_K,Los Angeles,Denver,Road,672,6462.01,Snow,Severe,Low,10,12,1
SHP-004145,Supplier_J,San Antonio,Miami,Rail,2358,331.96,Clear,Low,Medium,5,3,0
SHP-004146,Supplier_K,Philadelphia,Orlando,Sea,3002,8293.88,Clear,High,Medium,12,10,0
SHP-004147,Supplier_R,Los Angeles,Miami,Road,750,7893.34,Rain,Moderate,Critical,12,12,0
SHP-004148,Supplier_S,San Antonio,Las Vegas,Rail,2687,2627.4,Clear,Low,Critical,10,9,0
SHP-004149,Supplier_E,Chicago,Las Vegas,Rail,3362,7101.33,Rain,Low,Medium,5,10,1
SHP-004150,Supplier_S,Houston,Seattle,Sea,1438,2187.8,Storm,High,Low,11,13,1
SHP-004151,Supplier_P,Los Angeles,Miami,Rail,3734,451.29,Rain,Moderate,Critical,8,7,0
SHP-004152,Supplier_Z,San Jose,Portland,Sea,2927,2051.31,Rain,Moderate,Critical,12,11,0
SHP-004153,Supplier_K,Dallas,Miami,Sea,2317,1827.36,Rain,Moderate,High,5,4,0
SHP-004154,Supplier_V,Los Angeles,Detroit,Air,3639,3410.59,Fog,High,High,5,5,0
SHP-004155,Supplier_Y,Dallas,Seattle,Sea,1137,4213.57,Fog,Moderate,High,1,1,0
SHP-004156,Supplier_B,San Jose,Boston,Road,4483,5109.96,Rain,Low,Medium,2,5,1
SHP-004157,Supplier_B,Dallas,Orlando,Rail,4078,4793.7,Clear,Low,Low,5,4,0
SHP-004158,Supplier_D,Phoenix,Nashville,Air,3061,2743.21,Clear,High,Low,7,5,0
SHP-004159,Supplier_U,San Diego,Portland,Road,3326,340.25,Clear,Moderate,Critical,3,1,0
SHP-004160,Supplier_Z,Los Angeles,Las Vegas,Sea,1198,6070.76,Rain,Low,Medium,12,12,0
SHP-004161,Supplier_O,Houston,Denver,Rail,2424,3987.66,Rain,Severe,High,1,3,1
SHP-004162,Supplier_A,San Jose,Portland,Air,1039,3021.79,Clear,High,Low,11,11,0
SHP-004163,Supplier_D,Los Angeles,Boston,Rail,3816,8676.06,Clear,Low,Medium,12,10,0
SHP-004164,Supplier_F,Philadelphia,Atlanta,Rail,3514,7480.1,Clear,Severe,Critical,2,8,1
SHP-004165,Supplier_O,Philadelphia,Atlanta,Rail,1548,8584.77,Storm,Moderate,High,3,3,0
SHP-004166,Supplier_O,San Jose,Portland,Air,670,4975.08,Rain,Low,Low,12,14,1
SHP-004167,Supplier_A,San Antonio,Nashville,Rail,3004,1352.77,Rain,Low,Medium,9,9,0
SHP-004168,Supplier_N,Houston,Portland,Rail,2605,6977.4,Clear,Moderate,Medium,8,7,0
SHP-004169,Supplier_G,San Antonio,Boston,Air,1017,2100.43,Rain,High,Critical,4,4,0
SHP-004170,Supplier_W,Houston,Atlanta,Rail,1974,4440.24,Clear,Low,Critical,8,7,0
SHP-004171,Supplier_E,Chicago,Denver,Rail,1778,696.76,Rain,Low,Low,13,11,0
SHP-004172,Supplier_U,Los Angeles,Boston,Sea,715,8261.82,Clear,Low,Medium,9,15,1
SHP-004173,Supplier_J,Chicago,Atlanta,Rail,4601,1303.11,Clear,Moderate,Low,3,4,1
SHP-004174,Supplier_F,Houston,Detroit,Sea,1849,9035.82,Clear,Low,Critical,6,5,0
SHP-004175,Supplier_I,Phoenix,Atlanta,Air,3925,8649.09,Clear,Low,High,8,6,0
SHP-004176,Supplier_C,San Diego,Seattle,Road,4288,4672.6,Fog,Moderate,Medium,10,11,1
SHP-004177,Supplier_U,San Antonio,Atlanta,Air,2577,7456.46,Clear,High,Critical,7,5,0
SHP-004178,Supplier_L,Phoenix,Detroit,Rail,4849,6213.48,Clear,Moderate,Medium,9,15,1
SHP-004179,Supplier_I,San Jose,Denver,Sea,3605,8040.6,Rain,Low,Critical,7,6,0
SHP-004180,Supplier_C,New York,Las Vegas,Air,3575,4346.46,Storm,Moderate,High,1,7,1
SHP-004181,Supplier_L,San Diego,Detroit,Sea,4629,7868.79,Clear,Low,Critical,9,8,0
SHP-004182,Supplier_V,Dallas,Boston,Sea,1235,4651.45,Snow,Severe,High,12,14,1
SHP-004183,Supplier_U,Philadelphia,Portland,Sea,4100,9412.61,Storm,High,Medium,5,7,1
SHP-004184,Supplier_F,Los Angeles,Las Vegas,Road,474,4889.4,Clear,Low,Critical,6,6,0
SHP-004185,Supplier_B,Philadelphia,Atlanta,Road,306,4653.06,Clear,Low,High,2,2,0
SHP-004186,Supplier_M,Dallas,Detroit,Sea,4975,7861.47,Clear,Moderate,Critical,2,1,0
SHP-004187,Supplier_U,San Antonio,Miami,Air,1419,8224.7,Storm,Moderate,Low,13,13,0
SHP-004188,Supplier_J,San Diego,Nashville,Rail,1241,5567.17,Clear,Moderate,Medium,4,2,0
SHP-004189,Supplier_X,Houston,Atlanta,Road,4727,1838.99,Clear,High,Low,4,10,1
SHP-004190,Supplier_W,Phoenix,Las Vegas,Air,2790,4704.19,Rain,High,Critical,5,7,1
SHP-004191,Supplier_Y,Chicago,Detroit,Road,3355,9682.32,Rain,Moderate,Low,7,7,0
SHP-004192,Supplier_H,Philadelphia,Seattle,Rail,189,7542.21,Clear,High,Critical,13,11,0
SHP-004193,Supplier_N,San Diego,Las Vegas,Air,4208,8121.07,Rain,High,Medium,11,11,0
SHP-004194,Supplier_U,Philadelphia,Miami,Road,3120,376.61,Clear,High,Low,12,12,0
SHP-004195,Supplier_C,Phoenix,Miami,Rail,1957,4705.2,Clear,Severe,Low,1,1,0
SHP-004196,Supplier_W,New York,Seattle,Sea,904,6483.88,Rain,Low,Medium,10,8,0
SHP-004197,Supplier_D,San Jose,Denver,Air,1044,8308.83,Fog,Low,High,4,4,0
SHP-004198,Supplier_A,New York,Orlando,Sea,2889,540.27,Clear,High,High,13,13,0
SHP-004199,Supplier_G,New York,Nashville,Air,3975,8531.77,Storm,High,Medium,9,10,1
SHP-004200,Supplier_P,Houston,Seattle,Sea,1710,5506.59,Rain,Severe,High,8,12,1
SHP-004201,Supplier_C,Phoenix,Seattle,Road,3023,2013.27,Clear,Low,Low,3,4,1
SHP-004202,Supplier_E,Dallas,Boston,Rail,3982,3206.69,Snow,Moderate,Medium,6,6,0
SHP-004203,Supplier_S,San Antonio,Portland,Rail,3321,2855.2,Clear,Low,Medium,11,9,0
SHP-004204,Supplier_H,Phoenix,Denver,Air,4491,5332.05,Fog,Moderate,Low,9,8,0
SHP-004205,Supplier_Q,Philadelphia,Portland,Road,4835,564.27,Storm,Low,Low,8,11,1
SHP-004206,Supplier_V,Los Angeles,Denver,Sea,2487,1627.43,Clear,Low,High,7,7,0
SHP-004207,Supplier_O,Dallas,Portland,Rail,4823,8136.3,Clear,Low,Medium,7,5,0
SHP-004208,Supplier_A,Houston,Boston,Road,1041,1369.41,Clear,Moderate,High,1,1,0
SHP-004209,Supplier_A,San Diego,Denver,Air,2666,2372.29,Clear,Low,High,5,3,0
SHP-004210,Supplier_W,San Antonio,Seattle,Sea,1075,4561.04,Clear,Low,Low,7,7,0
SHP-004211,Supplier_K,New York,Atlanta,Sea,1054,5195.35,Clear,Low,High,14,14,0
SHP-004212,Supplier_D,San Antonio,Las Vegas,Air,1362,7647.92,Rain,Low,Low,13,15,1
SHP-004213,Supplier_N,Phoenix,Seattle,Road,1043,4500.96,Clear,Severe,High,2,8,1
SHP-004214,Supplier_W,Phoenix,Miami,Air,2302,7909.15,Storm,Low,Medium,6,4,0
SHP-004215,Supplier_E,Los Angeles,Nashville,Sea,3427,6202.55,Storm,Low,Medium,14,14,0
SHP-004216,Supplier_P,Houston,Atlanta,Rail,4374,1175.34,Clear,High,Low,2,2,0
SHP-004217,Supplier_C,Phoenix,Portland,Road,2359,1605.5,Storm,Moderate,Low,3,8,1
SHP-004218,Supplier_H,Houston,Las Vegas,Road,1928,4398.49,Clear,High,High,1,1,0
SHP-004219,Supplier_M,Chicago,Orlando,Sea,1357,3999.05,Clear,Moderate,Medium,3,1,0
SHP-004220,Supplier_C,San Diego,Seattle,Road,564,7448.27,Rain,Severe,Low,7,12,1
SHP-004221,Supplier_X,Philadelphia,Denver,Road,3394,5828.33,Clear,Low,Critical,5,5,0
SHP-004222,Supplier_Z,San Antonio,Miami,Air,1330,3911.92,Rain,Severe,Critical,4,3,0
SHP-004223,Supplier_D,New York,Nashville,Air,2754,1749.06,Storm,High,Critical,13,14,1
SHP-004224,Supplier_D,Phoenix,Boston,Road,984,2307.03,Fog,Moderate,Medium,12,11,0
SHP-004225,Supplier_K,Los Angeles,Orlando,Road,3905,5776.24,Rain,Moderate,High,8,8,0
SHP-004226,Supplier_L,San Diego,Nashville,Rail,3956,4263.22,Snow,Moderate,Critical,8,7,0
SHP-004227,Supplier_J,San Diego,Orlando,Rail,3235,5173.53,Clear,Low,Medium,1,1,0
SHP-004228,Supplier_E,San Antonio,Seattle,Air,1024,1748.24,Clear,Low,High,9,8,0
SHP-004229,Supplier_M,Philadelphia,Detroit,Rail,4689,6645.92,Snow,Severe,High,14,18,1
SHP-004230,Supplier_Y,San Antonio,Portland,Air,1646,8532.76,Clear,Moderate,Medium,9,7,0
SHP-004231,Supplier_Y,Los Angeles,Las Vegas,Road,1194,2616.5,Clear,Low,Medium,2,1,0
SHP-004232,Supplier_E,Chicago,Denver,Sea,2511,4940.57,Clear,High,Low,2,1,0
SHP-004233,Supplier_U,Phoenix,Boston,Sea,2717,9756.5,Rain,Moderate,Medium,8,9,1
SHP-004234,Supplier_V,Dallas,Seattle,Rail,862,3365.76,Clear,Low,High,12,10,0
SHP-004235,Supplier_E,Los Angeles,Boston,Rail,2423,5970.71,Rain,High,High,11,10,0
SHP-004236,Supplier_C,Philadelphia,Portland,Rail,4245,947.45,Clear,High,Low,6,10,1
SHP-004237,Supplier_Q,San Antonio,Portland,Rail,2875,6079.85,Clear,Low,Medium,3,3,0
SHP-004238,Supplier_S,San Jose,Nashville,Sea,4759,941.84,Clear,Severe,Low,12,12,0
SHP-004239,Supplier_A,Dallas,Orlando,Sea,4978,9594.39,Clear,Low,High,2,1,0
SHP-004240,Supplier_T,Philadelphia,Detroit,Air,3255,7170.84,Storm,Moderate,Critical,5,5,0
SHP-004241,Supplier_U,San Diego,Las Vegas,Rail,4070,7892.19,Clear,Low,Critical,8,8,0
SHP-004242,Supplier_F,New York,Portland,Road,2140,7055.84,Clear,Moderate,Low,6,6,0
SHP-004243,Supplier_O,New York,Boston,Rail,683,5917.8,Rain,Low,Critical,12,12,0
SHP-004244,Supplier_L,Chicago,Atlanta,Air,4431,4526.63,Clear,Low,Critical,3,3,0
SHP-004245,Supplier_X,San Diego,Seattle,Air,2203,8590.82,Clear,High,Critical,12,10,0
SHP-004246,Supplier_G,Chicago,Atlanta,Rail,2042,9570.51,Clear,Low,Medium,12,10,0
SHP-004247,Supplier_U,New York,Boston,Rail,4555,5015.41,Fog,High,Medium,9,13,1
SHP-004248,Supplier_X,San Antonio,Nashville,Rail,209,9318.77,Rain,Moderate,Medium,8,7,0
SHP-004249,Supplier_E,Houston,Portland,Rail,291,5854.16,Clear,Severe,Medium,10,13,1
SHP-004250,Supplier_N,Phoenix,Detroit,Sea,1003,5406.92,Clear,Moderate,Critical,6,5,0
SHP-004251,Supplier_T,Philadelphia,Seattle,Rail,961,4572.1,Clear,Low,High,1,1,0
SHP-004252,Supplier_V,San Jose,Nashville,Rail,1183,2132.41,Clear,Low,Low,2,6,1
SHP-004253,Supplier_O,Los Angeles,Atlanta,Sea,749,87.01,Rain,High,High,4,3,0
SHP-004254,Supplier_G,Los Angeles,Denver,Sea,4234,2452.99,Storm,High,Low,2,3,1
SHP-004255,Supplier_C,Chicago,Portland,Road,3711,5121.75,Clear,Low,Medium,3,3,0
SHP-004256,Supplier_D,Houston,Detroit,Sea,736,3830.6,Storm,Moderate,High,14,12,0
SHP-004257,Supplier_E,Dallas,Atlanta,Rail,1136,4512.43,Clear,Moderate,Critical,8,7,0
SHP-004258,Supplier_Y,Chicago,Detroit,Air,4231,9807.45,Clear,Severe,High,9,7,0
SHP-004259,Supplier_D,San Jose,Nashville,Road,2248,3535.21,Clear,Severe,Critical,6,4,0
SHP-004260,Supplier_S,San Antonio,Denver,Air,3965,4549.22,Clear,Severe,High,4,8,1
SHP-004261,Supplier_X,Philadelphia,Portland,Rail,3257,1378.48,Fog,High,Low,11,13,1
SHP-004262,Supplier_M,San Diego,Portland,Sea,3687,527.18,Clear,Severe,High,2,2,0
SHP-004263,Supplier_L,San Diego,Orlando,Sea,3394,7765.32,Clear,Low,High,7,6,0
SHP-004264,Supplier_N,Chicago,Nashville,Road,4361,5728.3,Fog,High,Medium,10,16,1
SHP-004265,Supplier_K,Phoenix,Seattle,Air,2530,7619.01,Storm,High,Medium,11,14,1
SHP-004266,Supplier_Z,Chicago,Miami,Road,1979,1541.13,Snow,Severe,High,7,10,1
SHP-004267,Supplier_E,San Jose,Boston,Air,4066,5739.7,Fog,Moderate,Critical,10,14,1
SHP-004268,Supplier_H,Philadelphia,Boston,Road,3813,2573.74,Clear,Low,Critical,9,9,0
SHP-004269,Supplier_I,Phoenix,Las Vegas,Rail,4226,2319.22,Storm,Moderate,Medium,5,6,1
SHP-004270,Supplier_U,Houston,Seattle,Rail,4206,164.68,Rain,Moderate,Critical,10,8,0
SHP-004271,Supplier_C,Los Angeles,Nashville,Road,2111,1346.89,Storm,Low,Medium,4,9,1
SHP-004272,Supplier_H,San Antonio,Miami,Rail,3473,3127.22,Snow,Low,Low,10,14,1
SHP-004273,Supplier_R,Philadelphia,Las Vegas,Air,2243,1212.94,Clear,Moderate,High,6,4,0
SHP-004274,Supplier_T,Chicago,Detroit,Air,2600,9859.29,Snow,Low,Critical,12,13,1
SHP-004275,Supplier_T,San Antonio,Boston,Air,4681,3120.89,Clear,Low,Critical,2,1,0
SHP-004276,Supplier_X,San Antonio,Detroit,Sea,1389,1346.72,Clear,Low,Medium,2,2,0
SHP-004277,Supplier_T,San Jose,Nashville,Road,1547,2030.87,Clear,Severe,Medium,12,13,1
SHP-004278,Supplier_J,Houston,Nashville,Sea,3299,5897.65,Fog,High,High,9,7,0
SHP-004279,Supplier_Y,New York,Portland,Road,2043,687.23,Clear,Low,High,7,8,1
SHP-004280,Supplier_W,New York,Nashville,Road,3283,8631.22,Rain,High,Medium,7,10,1
SHP-004281,Supplier_A,Dallas,Nashville,Road,3316,9616.92,Clear,High,High,13,15,1
SHP-004282,Supplier_V,San Jose,Boston,Road,3236,2505.14,Fog,Low,High,5,10,1
SHP-004283,Supplier_J,Houston,Miami,Sea,3418,4528.45,Clear,Low,Low,7,5,0
SHP-004284,Supplier_G,Los Angeles,Boston,Rail,2882,270.24,Snow,Moderate,Critical,9,13,1
SHP-004285,Supplier_Q,San Diego,Portland,Rail,1090,6425.07,Storm,Moderate,Medium,10,12,1
SHP-004286,Supplier_T,Houston,Seattle,Rail,2253,4168.56,Clear,High,Medium,5,4,0
SHP-004287,Supplier_Q,Phoenix,Detroit,Sea,325,2737.08,Clear,Moderate,Medium,9,7,0
SHP-004288,Supplier_G,Chicago,Miami,Sea,876,2108.03,Snow,Low,Medium,1,2,1
SHP-004289,Supplier_X,New York,Boston,Road,2937,6557.53,Fog,Severe,High,13,20,1
SHP-004290,Supplier_M,San Antonio,Portland,Road,787,4191.36,Snow,Low,Low,12,12,0
SHP-004291,Supplier_J,San Jose,Nashville,Sea,629,1837.61,Clear,High,Low,3,7,1
SHP-004292,Supplier_U,San Antonio,Seattle,Sea,3542,6906.64,Storm,Low,Medium,7,8,1
SHP-004293,Supplier_B,San Jose,Orlando,Sea,2253,5672.47,Clear,Low,High,4,2,0
SHP-004294,Supplier_Z,Phoenix,Denver,Road,1394,8593.79,Rain,Moderate,Critical,2,2,0
SHP-004295,Supplier_Z,Chicago,Las Vegas,Rail,1626,1218.89,Storm,Low,Medium,12,13,1
SHP-004296,Supplier_H,Los Angeles,Seattle,Sea,4874,7867.38,Clear,Moderate,High,14,12,0
SHP-004297,Supplier_P,Philadelphia,Atlanta,Sea,2996,6751.49,Snow,Low,Critical,3,7,1
SHP-004298,Supplier_M,Chicago,Orlando,Air,3203,1194.36,Rain,Moderate,Medium,7,14,1
SHP-004299,Supplier_D,San Jose,Orlando,Road,2540,6963.47,Storm,Moderate,Critical,8,8,0
SHP-004300,Supplier_H,Los Angeles,Detroit,Rail,4235,4443.4,Clear,Low,Medium,11,9,0
SHP-004301,Supplier_P,New York,Denver,Sea,3902,9452.6,Clear,High,High,9,10,1
SHP-004302,Supplier_U,Dallas,Orlando,Road,944,1459.03,Storm,Low,Medium,6,12,1
SHP-004303,Supplier_T,San Antonio,Las Vegas,Air,546,6446.19,Clear,Low,Low,10,9,0
SHP-004304,Supplier_C,San Diego,Miami,Road,4015,3850.7,Clear,Moderate,Low,9,7,0
SHP-004305,Supplier_Q,San Diego,Miami,Sea,3209,9570.31,Fog,Moderate,Medium,4,3,0
SHP-004306,Supplier_A,Los Angeles,Nashville,Road,1334,3333.25,Clear,Moderate,Medium,12,11,0
SHP-004307,Supplier_L,Houston,Atlanta,Rail,326,9623.75,Fog,Low,Medium,5,3,0
SHP-004308,Supplier_K,Houston,Detroit,Sea,4243,9019.78,Clear,High,High,1,1,0
SHP-004309,Supplier_E,Houston,Detroit,Road,3059,2740.31,Clear,Moderate,Low,14,12,0
SHP-004310,Supplier_M,Phoenix,Las Vegas,Rail,1930,8045.24,Snow,Low,High,9,7,0
SHP-004311,Supplier_S,Phoenix,Atlanta,Sea,3879,9956.26,Rain,Low,Medium,9,8,0
SHP-004312,Supplier_N,San Diego,Miami,Sea,286,2564.0,Rain,High,Low,9,8,0
SHP-004313,Supplier_L,San Antonio,Las Vegas,Rail,2977,4395.93,Rain,Moderate,Low,3,3,0
SHP-004314,Supplier_R,Chicago,Seattle,Sea,2635,5225.8,Storm,Low,Critical,13,17,1
SHP-004315,Supplier_V,San Antonio,Detroit,Sea,2032,2984.56,Clear,Low,Critical,10,8,0
SHP-004316,Supplier_F,Houston,Las Vegas,Road,3024,201.89,Clear,Low,Medium,10,8,0
SHP-004317,Supplier_Y,San Jose,Seattle,Road,948,2240.29,Clear,Moderate,Critical,10,8,0
SHP-004318,Supplier_P,Houston,Denver,Air,2132,2855.27,Rain,High,Low,8,11,1
SHP-004319,Supplier_Y,Phoenix,Las Vegas,Sea,1352,4463.82,Clear,Moderate,Medium,3,6,1
SHP-004320,Supplier_C,Houston,Nashville,Air,1981,1752.47,Clear,Moderate,Critical,13,11,0
SHP-004321,Supplier_A,San Antonio,Seattle,Rail,369,8738.88,Clear,Severe,Critical,6,9,1
SHP-004322,Supplier_S,Chicago,Boston,Road,1730,7063.87,Clear,Moderate,Low,5,12,1
SHP-004323,Supplier_C,San Antonio,Denver,Road,4505,897.74,Clear,Moderate,High,8,7,0
SHP-004324,Supplier_A,Chicago,Detroit,Air,3303,6518.42,Rain,Low,High,3,5,1
SHP-004325,Supplier_I,New York,Detroit,Rail,1674,6553.88,Clear,Moderate,Low,14,12,0
SHP-004326,Supplier_G,Phoenix,Nashville,Road,2992,9564.4,Storm,Moderate,High,1,1,0
SHP-004327,Supplier_B,Phoenix,Seattle,Rail,1795,80.06,Rain,Low,Critical,12,11,0
SHP-004328,Supplier_B,Houston,Las Vegas,Road,3358,2516.93,Clear,Severe,Medium,9,7,0
SHP-004329,Supplier_Z,San Jose,Seattle,Air,3362,9281.53,Rain,High,Medium,10,9,0
SHP-004330,Supplier_M,San Diego,Miami,Road,1545,9324.73,Clear,High,Low,9,7,0
SHP-004331,Supplier_Q,Houston,Miami,Rail,319,7219.83,Snow,Moderate,Critical,3,2,0
SHP-004332,Supplier_J,Philadelphia,Miami,Road,152,7669.35,Fog,Moderate,High,2,2,0
SHP-004333,Supplier_U,San Jose,Las Vegas,Road,1857,960.26,Rain,Low,Low,4,3,0
SHP-004334,Supplier_W,San Diego,Atlanta,Sea,1766,5163.06,Rain,Low,Low,14,14,0
SHP-004335,Supplier_Q,Los Angeles,Las Vegas,Air,2885,2354.25,Clear,High,Medium,8,7,0
SHP-004336,Supplier_Y,New York,Nashville,Sea,819,1853.12,Clear,Moderate,Low,6,4,0
SHP-004337,Supplier_N,San Diego,Portland,Road,505,8112.52,Storm,High,Low,10,13,1
SHP-004338,Supplier_N,Chicago,Miami,Air,2394,1393.63,Clear,Low,Low,1,1,0
SHP-004339,Supplier_W,Philadelphia,Denver,Air,171,4713.08,Clear,Moderate,Medium,8,8,0
SHP-004340,Supplier_M,San Antonio,Boston,Air,2153,9388.85,Clear,Moderate,Medium,5,3,0
SHP-004341,Supplier_C,Houston,Boston,Rail,1329,1899.03,Snow,Moderate,High,13,11,0
SHP-004342,Supplier_U,San Antonio,Miami,Rail,1667,9781.03,Clear,High,Medium,6,13,1
SHP-004343,Supplier_R,San Antonio,Seattle,Sea,3782,9943.17,Fog,Severe,Medium,5,3,0
SHP-004344,Supplier_R,San Jose,Seattle,Air,3053,5578.39,Clear,Low,Medium,10,9,0
SHP-004345,Supplier_T,Phoenix,Miami,Sea,4582,1742.92,Clear,Low,Medium,5,3,0
SHP-004346,Supplier_E,Los Angeles,Boston,Road,798,3195.24,Snow,Low,High,3,6,1
SHP-004347,Supplier_I,Los Angeles,Atlanta,Sea,926,4273.7,Clear,Moderate,Critical,14,14,0
SHP-004348,Supplier_C,Dallas,Nashville,Road,448,3127.78,Rain,Low,Low,4,2,0
SHP-004349,Supplier_J,New York,Nashville,Air,4008,2842.32,Clear,High,Low,5,5,0
SHP-004350,Supplier_C,New York,Denver,Air,407,9723.69,Clear,Moderate,Medium,11,10,0
SHP-004351,Supplier_Q,Philadelphia,Boston,Road,3516,1575.98,Clear,Moderate,Critical,11,10,0
SHP-004352,Supplier_G,Houston,Atlanta,Sea,2434,7346.61,Fog,High,Low,2,6,1
SHP-004353,Supplier_Z,San Diego,Atlanta,Rail,4961,54.08,Rain,Moderate,Low,6,6,0
SHP-004354,Supplier_E,Philadelphia,Atlanta,Road,4920,5982.02,Snow,Moderate,Critical,2,3,1
SHP-004355,Supplier_R,San Jose,Las Vegas,Air,2909,9163.63,Clear,Low,Low,4,5,1
SHP-004356,Supplier_K,San Jose,Nashville,Road,3658,2914.94,Rain,Moderate,Medium,12,10,0
SHP-004357,Supplier_M,New York,Miami,Road,4578,1895.98,Clear,Moderate,Critical,1,1,0
SHP-004358,Supplier_S,New York,Miami,Rail,3577,6534.21,Fog,Moderate,Critical,4,3,0
SHP-004359,Supplier_U,Phoenix,Las Vegas,Air,4720,7140.38,Snow,Severe,Low,14,18,1
SHP-004360,Supplier_Y,Dallas,Orlando,Road,2786,6895.9,Snow,Severe,High,7,12,1
SHP-004361,Supplier_U,San Jose,Denver,Road,3085,3227.2,Clear,High,Critical,14,12,0
SHP-004362,Supplier_V,San Antonio,Atlanta,Sea,375,2559.41,Rain,Low,High,8,8,0
SHP-004363,Supplier_U,Phoenix,Orlando,Air,2647,9561.39,Clear,High,Critical,2,2,0
SHP-004364,Supplier_C,San Antonio,Nashville,Sea,2864,9236.83,Fog,Low,Low,3,1,0
SHP-004365,Supplier_J,Philadelphia,Seattle,Sea,436,4600.3,Clear,Low,Critical,1,1,0
SHP-004366,Supplier_W,Chicago,Orlando,Road,2073,8469.63,Clear,Low,Low,7,13,1
SHP-004367,Supplier_N,Dallas,Boston,Sea,3079,4550.62,Clear,Low,Critical,4,2,0
SHP-004368,Supplier_X,New York,Detroit,Rail,4676,4272.67,Clear,Low,Critical,11,14,1
SHP-004369,Supplier_H,San Jose,Nashville,Rail,4068,1609.79,Clear,Moderate,Medium,10,8,0
SHP-004370,Supplier_B,Chicago,Las Vegas,Air,1010,4292.74,Storm,Severe,Critical,8,15,1
SHP-004371,Supplier_H,Phoenix,Miami,Sea,2096,5397.3,Rain,Low,High,5,7,1
SHP-004372,Supplier_C,Chicago,Boston,Rail,3229,273.92,Storm,Severe,Medium,9,16,1
SHP-004373,Supplier_N,Dallas,Boston,Rail,4304,4468.92,Storm,Low,High,6,8,1
SHP-004374,Supplier_D,San Diego,Portland,Road,3857,7824.49,Clear,Low,Low,11,10,0
SHP-004375,Supplier_O,Philadelphia,Seattle,Air,427,6816.46,Rain,Moderate,Low,10,10,0
SHP-004376,Supplier_T,San Diego,Atlanta,Air,1899,6369.81,Clear,Moderate,High,2,1,0
SHP-004377,Supplier_T,Chicago,Boston,Road,414,9100.08,Fog,Low,Medium,1,1,0
SHP-004378,Supplier_B,Los Angeles,Orlando,Sea,3645,229.42,Clear,Low,Critical,1,1,0
SHP-004379,Supplier_J,Philadelphia,Portland,Air,1234,5592.62,Clear,Moderate,Medium,12,10,0
SHP-004380,Supplier_V,Dallas,Nashville,Road,2846,7884.12,Clear,Low,Medium,12,10,0
SHP-004381,Supplier_X,San Antonio,Boston,Air,4976,5436.29,Clear,High,High,14,14,0
SHP-004382,Supplier_V,Chicago,Nashville,Air,1620,3272.76,Clear,Moderate,Critical,14,13,0
SHP-004383,Supplier_X,Phoenix,Atlanta,Road,255,1405.69,Clear,Low,Low,9,7,0
SHP-004384,Supplier_F,Los Angeles,Seattle,Sea,1824,8881.25,Snow,High,Critical,1,7,1
SHP-004385,Supplier_D,Philadelphia,Nashville,Rail,3443,4734.09,Storm,Low,Critical,3,7,1
SHP-004386,Supplier_A,New York,Las Vegas,Rail,986,8787.25,Clear,High,Medium,12,13,1
SHP-004387,Supplier_W,Chicago,Boston,Air,3173,5879.23,Clear,High,Medium,2,7,1
SHP-004388,Supplier_E,San Diego,Portland,Rail,2905,6758.21,Storm,Severe,Low,12,16,1
SHP-004389,Supplier_W,Phoenix,Boston,Air,821,8052.4,Clear,Moderate,Medium,4,3,0
SHP-004390,Supplier_A,Philadelphia,Las Vegas,Sea,1012,6608.6,Storm,Moderate,Medium,1,1,0
SHP-004391,Supplier_F,San Antonio,Las Vegas,Rail,3457,4010.65,Clear,Low,Critical,1,1,0
SHP-004392,Supplier_P,Phoenix,Seattle,Air,970,5160.65,Rain,Moderate,Low,4,8,1
SHP-004393,Supplier_L,Phoenix,Nashville,Road,4208,8040.3,Rain,Moderate,Low,13,15,1
SHP-004394,Supplier_Q,San Jose,Miami,Road,597,3767.82,Rain,Moderate,High,13,11,0
SHP-004395,Supplier_Q,Phoenix,Portland,Sea,1856,3911.81,Storm,High,High,14,17,1
SHP-004396,Supplier_Z,Dallas,Nashville,Sea,1217,1002.12,Clear,Low,Low,4,4,0
SHP-004397,Supplier_X,Philadelphia,Detroit,Road,3509,9150.12,Clear,High,Critical,7,7,0
SHP-004398,Supplier_I,San Antonio,Las Vegas,Rail,2928,955.81,Rain,High,High,8,15,1
SHP-004399,Supplier_F,Chicago,Atlanta,Sea,1747,6499.68,Storm,Moderate,Medium,13,12,0
SHP-004400,Supplier_L,Philadelphia,Portland,Sea,3083,4161.29,Clear,Moderate,Medium,8,6,0
SHP-004401,Supplier_E,San Diego,Seattle,Road,242,4085.91,Storm,Low,Low,8,6,0
SHP-004402,Supplier_X,Chicago,Orlando,Rail,2861,6811.54,Clear,Severe,Critical,14,19,1
SHP-004403,Supplier_Y,Dallas,Miami,Rail,3535,717.58,Clear,Low,High,14,13,0
SHP-004404,Supplier_I,San Diego,Nashville,Air,4760,5957.37,Snow,Moderate,High,12,15,1
SHP-004405,Supplier_X,New York,Seattle,Road,2531,7731.72,Clear,Moderate,High,14,13,0
SHP-004406,Supplier_D,Houston,Portland,Rail,4612,8290.72,Rain,Severe,Low,9,8,0
SHP-004407,Supplier_Y,Chicago,Detroit,Rail,1948,1746.78,Clear,High,Medium,1,1,0
SHP-004408,Supplier_A,New York,Portland,Rail,2796,8979.32,Clear,Moderate,Critical,9,9,0
SHP-004409,Supplier_K,Houston,Orlando,Road,1817,6578.65,Rain,Low,Medium,10,10,0
SHP-004410,Supplier_Z,Chicago,Atlanta,Road,3172,8824.46,Rain,Low,Critical,8,6,0
SHP-004411,Supplier_N,New York,Boston,Sea,1167,4878.54,Clear,Low,Critical,1,1,0
SHP-004412,Supplier_I,San Diego,Detroit,Sea,2886,5443.23,Clear,High,Critical,7,7,0
SHP-004413,Supplier_Q,Phoenix,Denver,Rail,3891,9194.43,Clear,High,High,9,7,0
SHP-004414,Supplier_C,Chicago,Atlanta,Road,1388,9004.1,Clear,High,Critical,4,2,0
SHP-004415,Supplier_I,San Diego,Atlanta,Road,3971,4509.2,Fog,Moderate,Critical,13,11,0
SHP-004416,Supplier_W,San Antonio,Las Vegas,Road,1906,2780.41,Storm,Moderate,Low,13,11,0
SHP-004417,Supplier_S,Los Angeles,Denver,Road,1604,3962.05,Clear,Low,Critical,9,8,0
SHP-004418,Supplier_U,San Diego,Seattle,Rail,3408,3908.26,Clear,Low,Medium,1,1,0
SHP-004419,Supplier_C,New York,Portland,Road,3051,2904.33,Fog,Low,High,9,9,0
SHP-004420,Supplier_P,San Diego,Orlando,Road,171,2722.37,Rain,High,High,6,13,1
SHP-004421,Supplier_O,Philadelphia,Seattle,Road,1790,8617.58,Rain,Low,Medium,4,2,0
SHP-004422,Supplier_Q,Dallas,Atlanta,Sea,1444,745.13,Snow,High,Low,12,15,1
SHP-004423,Supplier_L,San Diego,Denver,Sea,3403,6792.23,Clear,Moderate,High,12,12,0
SHP-004424,Supplier_B,San Diego,Nashville,Road,3213,1769.56,Clear,Moderate,Critical,5,3,0
SHP-004425,Supplier_P,San Diego,Orlando,Air,982,3477.83,Fog,Low,Low,7,7,0
SHP-004426,Supplier_S,Los Angeles,Portland,Air,4334,662.35,Rain,Low,Critical,10,10,0
SHP-004427,Supplier_F,Chicago,Las Vegas,Rail,2762,2736.24,Clear,Low,High,13,12,0
SHP-004428,Supplier_L,Los Angeles,Orlando,Road,1604,7695.79,Clear,High,High,4,3,0
SHP-004429,Supplier_F,Philadelphia,Seattle,Air,2563,8855.9,Clear,Low,Low,8,8,0
SHP-004430,Supplier_I,Los Angeles,Miami,Sea,2653,2254.2,Snow,High,Critical,3,3,0
SHP-004431,Supplier_Y,Houston,Portland,Air,832,4662.3,Clear,High,Low,2,2,0
SHP-004432,Supplier_D,Phoenix,Boston,Air,1848,4729.72,Clear,Low,Low,1,1,0
SHP-004433,Supplier_S,Chicago,Nashville,Air,4024,8742.07,Fog,High,Critical,14,18,1
SHP-004434,Supplier_V,Chicago,Boston,Sea,523,7639.85,Clear,Moderate,Medium,13,12,0
SHP-004435,Supplier_X,Dallas,Detroit,Road,3578,5155.12,Clear,High,Medium,6,13,1
SHP-004436,Supplier_D,Phoenix,Denver,Road,1691,6723.93,Clear,Low,High,2,2,0
SHP-004437,Supplier_H,San Jose,Miami,Sea,4585,8481.18,Clear,Low,Medium,8,8,0
SHP-004438,Supplier_X,San Jose,Detroit,Sea,4537,144.91,Clear,Low,Low,11,11,0
SHP-004439,Supplier_Q,Houston,Orlando,Air,4809,4058.76,Fog,Low,Medium,10,9,0
SHP-004440,Supplier_A,San Jose,Orlando,Sea,592,9077.07,Storm,High,High,13,14,1
SHP-004441,Supplier_B,New York,Nashville,Sea,291,7416.11,Clear,High,Medium,4,8,1
SHP-004442,Supplier_A,Dallas,Miami,Air,598,5451.27,Clear,Severe,Critical,9,9,0
SHP-004443,Supplier_H,San Jose,Boston,Road,1356,5319.96,Rain,Low,High,4,2,0
SHP-004444,Supplier_B,Chicago,Seattle,Road,2068,3510.31,Clear,Low,High,4,3,0
SHP-004445,Supplier_P,San Antonio,Las Vegas,Air,4422,5229.18,Clear,Moderate,High,13,12,0
SHP-004446,Supplier_L,Los Angeles,Portland,Sea,2286,6571.06,Fog,Low,Low,12,12,0
SHP-004447,Supplier_M,Houston,Las Vegas,Air,916,4212.71,Clear,Low,Critical,8,7,0
SHP-004448,Supplier_E,San Diego,Portland,Road,3320,7155.82,Clear,Moderate,Medium,12,11,0
SHP-004449,Supplier_F,Los Angeles,Detroit,Road,1573,8619.26,Clear,Low,Medium,13,13,0
SHP-004450,Supplier_B,Philadelphia,Seattle,Rail,1186,1589.11,Clear,Moderate,High,8,8,0
SHP-004451,Supplier_R,New York,Detroit,Air,4299,4542.89,Clear,Low,High,5,5,0
SHP-004452,Supplier_Z,Phoenix,Portland,Sea,1974,4109.8,Clear,Moderate,Critical,3,1,0
SHP-004453,Supplier_W,Los Angeles,Portland,Rail,970,6890.27,Clear,High,High,12,17,1
SHP-004454,Supplier_X,San Antonio,Las Vegas,Sea,4863,2536.18,Rain,Low,Medium,2,1,0
SHP-004455,Supplier_U,Philadelphia,Las Vegas,Air,2142,6420.5,Clear,Severe,Critical,9,9,0
SHP-004456,Supplier_N,San Jose,Atlanta,Road,372,8781.02,Clear,Moderate,High,14,13,0
SHP-004457,Supplier_H,Los Angeles,Atlanta,Road,1129,4210.41,Rain,Severe,Critical,9,15,1
SHP-004458,Supplier_K,Philadelphia,Nashville,Road,3318,9114.61,Storm,Low,Low,5,4,0
SHP-004459,Supplier_H,Chicago,Atlanta,Rail,4169,9931.98,Clear,Moderate,Medium,14,12,0
SHP-004460,Supplier_N,New York,Nashville,Rail,1151,1105.62,Clear,Moderate,High,13,12,0
SHP-004461,Supplier_X,Los Angeles,Denver,Rail,4133,2368.88,Clear,High,High,8,11,1
SHP-004462,Supplier_K,San Diego,Miami,Sea,1673,9506.28,Snow,Moderate,High,7,5,0
SHP-004463,Supplier_I,San Diego,Denver,Rail,3290,9585.36,Clear,Moderate,Medium,3,3,0
SHP-004464,Supplier_C,San Diego,Las Vegas,Sea,4488,1022.19,Clear,Severe,Critical,12,12,0
SHP-004465,Supplier_S,Phoenix,Atlanta,Rail,3897,199.24,Clear,Low,Medium,5,12,1
SHP-004466,Supplier_L,San Jose,Denver,Rail,3389,1652.95,Clear,Low,Critical,13,11,0
SHP-004467,Supplier_D,New York,Seattle,Rail,3847,9960.33,Clear,Moderate,Low,9,11,1
SHP-004468,Supplier_Q,Philadelphia,Portland,Road,2205,1841.0,Clear,Moderate,High,4,6,1
SHP-004469,Supplier_V,New York,Atlanta,Rail,407,5050.35,Storm,Moderate,Critical,3,1,0
SHP-004470,Supplier_B,San Jose,Miami,Sea,3459,8491.76,Rain,Moderate,Medium,7,6,0
SHP-004471,Supplier_F,San Diego,Nashville,Air,3276,253.0,Clear,Severe,Medium,8,8,0
SHP-004472,Supplier_H,Philadelphia,Portland,Sea,1351,6064.67,Clear,High,Critical,5,4,0
SHP-004473,Supplier_Z,San Jose,Denver,Road,2847,2806.4,Clear,Low,High,13,11,0
SHP-004474,Supplier_Q,Chicago,Las Vegas,Sea,1617,8630.23,Clear,Low,Low,8,6,0
SHP-004475,Supplier_B,Houston,Portland,Road,1478,2870.44,Storm,Severe,Low,5,3,0
SHP-004476,Supplier_M,New York,Denver,Road,4991,6883.22,Fog,High,Low,9,12,1
SHP-004477,Supplier_C,Phoenix,Las Vegas,Sea,2061,6758.49,Clear,Severe,High,7,12,1
SHP-004478,Supplier_O,Philadelphia,Nashville,Air,4405,2253.86,Clear,Low,Medium,5,3,0
SHP-004479,Supplier_J,New York,Nashville,Sea,2963,396.25,Clear,High,High,13,12,0
SHP-004480,Supplier_Y,Los Angeles,Miami,Sea,2756,4122.03,Rain,High,High,9,9,0
SHP-004481,Supplier_J,Dallas,Boston,Air,2594,2927.47,Rain,Low,Critical,5,5,0
SHP-004482,Supplier_K,San Jose,Atlanta,Sea,4667,8099.33,Storm,Moderate,High,8,14,1
SHP-004483,Supplier_C,San Antonio,Nashville,Sea,4105,8013.62,Snow,Moderate,Medium,12,18,1
SHP-004484,Supplier_R,Los Angeles,Boston,Air,3663,4597.39,Clear,Moderate,Low,4,2,0
SHP-004485,Supplier_O,San Antonio,Boston,Sea,1022,6084.8,Rain,High,Critical,9,8,0
SHP-004486,Supplier_A,Phoenix,Las Vegas,Sea,4332,6062.38,Rain,High,High,12,18,1
SHP-004487,Supplier_L,Chicago,Detroit,Sea,4562,8280.22,Rain,High,Medium,6,6,0
SHP-004488,Supplier_G,Houston,Orlando,Air,3059,4278.77,Clear,High,High,6,8,1
SHP-004489,Supplier_J,San Antonio,Detroit,Road,283,2790.69,Rain,Moderate,Low,14,14,0
SHP-004490,Supplier_S,Los Angeles,Orlando,Air,3458,2687.1,Rain,Low,Low,3,2,0
SHP-004491,Supplier_Z,New York,Denver,Air,1498,5385.11,Rain,High,Medium,13,12,0
SHP-004492,Supplier_J,Houston,Denver,Rail,2896,4519.02,Rain,Moderate,Critical,3,7,1
SHP-004493,Supplier_X,Chicago,Boston,Air,636,4429.2,Snow,Low,Low,4,2,0
SHP-004494,Supplier_T,San Antonio,Las Vegas,Air,1373,956.82,Rain,Moderate,High,1,1,0
SHP-004495,Supplier_H,San Antonio,Seattle,Sea,3067,7200.11,Rain,Low,Critical,6,4,0
SHP-004496,Supplier_O,Phoenix,Orlando,Rail,3149,2176.68,Rain,Moderate,Low,1,1,0
SHP-004497,Supplier_L,Chicago,Detroit,Road,1196,2009.69,Clear,Low,High,11,11,0
SHP-004498,Supplier_S,Los Angeles,Las Vegas,Rail,1405,4156.95,Clear,Low,Critical,4,2,0
SHP-004499,Supplier_P,Phoenix,Orlando,Sea,1015,2316.39,Clear,Severe,Critical,13,13,0
SHP-004500,Supplier_Y,San Diego,Boston,Sea,3181,5859.39,Rain,High,Low,7,7,0
SHP-004501,Supplier_Y,San Antonio,Portland,Rail,4347,3746.06,Rain,High,High,12,16,1
SHP-004502,Supplier_G,Phoenix,Portland,Road,1128,4516.67,Fog,Moderate,Medium,6,6,0
SHP-004503,Supplier_X,San Jose,Seattle,Air,2077,5394.83,Clear,High,Critical,8,7,0
SHP-004504,Supplier_R,Chicago,Detroit,Sea,3454,2075.18,Clear,High,High,4,2,0
SHP-004505,Supplier_Y,Philadelphia,Denver,Rail,2611,1599.73,Clear,Moderate,High,9,11,1
SHP-004506,Supplier_Z,Los Angeles,Denver,Rail,370,8810.2,Clear,Severe,Medium,10,10,0
SHP-004507,Supplier_H,Philadelphia,Las Vegas,Air,1286,4365.55,Snow,Low,Critical,8,7,0
SHP-004508,Supplier_E,Dallas,Portland,Rail,4655,4150.33,Clear,Severe,Low,14,13,0
SHP-004509,Supplier_A,Houston,Miami,Sea,4300,404.34,Rain,Moderate,Critical,5,3,0
SHP-004510,Supplier_N,San Diego,Detroit,Sea,3864,5004.86,Rain,Moderate,Critical,14,13,0
SHP-004511,Supplier_A,San Diego,Nashville,Road,2498,5563.99,Clear,Low,Low,6,10,1
SHP-004512,Supplier_H,San Antonio,Denver,Rail,4629,5610.47,Storm,Moderate,Critical,5,11,1
SHP-004513,Supplier_R,San Diego,Denver,Rail,4335,7084.96,Clear,Moderate,High,6,13,1
SHP-004514,Supplier_L,Phoenix,Portland,Road,4282,1815.94,Clear,Severe,Critical,1,1,0
SHP-004515,Supplier_U,San Jose,Atlanta,Road,1811,2559.62,Storm,Severe,High,4,10,1
SHP-004516,Supplier_W,San Jose,Miami,Road,2330,8116.77,Storm,Severe,Critical,9,10,1
SHP-004517,Supplier_A,San Antonio,Boston,Road,228,9474.35,Clear,Low,Critical,4,4,0
SHP-004518,Supplier_K,Los Angeles,Seattle,Rail,1369,1402.53,Clear,Severe,Medium,2,5,1
SHP-004519,Supplier_A,San Antonio,Seattle,Sea,3772,5001.61,Clear,Moderate,Critical,6,5,0
SHP-004520,Supplier_Y,Philadelphia,Atlanta,Rail,1701,2181.05,Clear,High,Medium,2,4,1
SHP-004521,Supplier_V,San Jose,Las Vegas,Sea,4865,647.73,Fog,Low,Critical,3,3,0
SHP-004522,Supplier_M,Chicago,Portland,Air,4070,3288.76,Rain,Moderate,Low,7,5,0
SHP-004523,Supplier_X,San Antonio,Detroit,Road,4344,1479.69,Clear,Severe,High,4,4,0
SHP-004524,Supplier_X,San Antonio,Atlanta,Sea,727,7113.83,Storm,Severe,High,1,8,1
SHP-004525,Supplier_J,Los Angeles,Miami,Air,3897,5360.57,Clear,Moderate,Low,9,8,0
SHP-004526,Supplier_D,New York,Orlando,Rail,2144,1481.15,Clear,High,High,6,6,0
SHP-004527,Supplier_G,Dallas,Portland,Rail,3652,141.95,Fog,Low,Low,9,11,1
SHP-004528,Supplier_Q,Philadelphia,Orlando,Sea,2441,8091.16,Storm,High,Low,3,4,1
SHP-004529,Supplier_H,San Diego,Denver,Air,3314,1803.13,Storm,Moderate,Medium,5,5,0
SHP-004530,Supplier_N,Houston,Atlanta,Rail,349,6081.86,Rain,Low,Critical,9,8,0
SHP-004531,Supplier_P,Chicago,Detroit,Air,3025,3402.37,Snow,Low,Critical,6,10,1
SHP-004532,Supplier_B,San Diego,Las Vegas,Sea,1074,5875.59,Clear,Low,Medium,2,2,0
SHP-004533,Supplier_E,Dallas,Seattle,Rail,1425,3190.75,Rain,High,Low,1,1,0
SHP-004534,Supplier_W,Dallas,Detroit,Air,1083,915.05,Fog,Low,Low,9,8,0
SHP-004535,Supplier_I,Los Angeles,Miami,Rail,988,2268.35,Clear,Moderate,High,1,1,0
SHP-004536,Supplier_C,Phoenix,Seattle,Sea,3037,1921.18,Snow,Low,High,14,18,1
SHP-004537,Supplier_B,San Diego,Boston,Air,2217,4308.79,Clear,Moderate,Low,5,3,0
SHP-004538,Supplier_H,San Antonio,Boston,Rail,2772,6599.92,Clear,High,Critical,1,1,0
SHP-004539,Supplier_Q,Los Angeles,Nashville,Sea,1426,2674.87,Snow,Moderate,Critical,5,10,1
SHP-004540,Supplier_N,San Diego,Orlando,Sea,570,170.1,Clear,Moderate,Low,5,4,0
SHP-004541,Supplier_W,Phoenix,Boston,Rail,2087,5213.43,Rain,Moderate,High,7,5,0
SHP-004542,Supplier_L,Chicago,Detroit,Sea,190,6077.31,Clear,Low,Medium,7,5,0
SHP-004543,Supplier_O,Chicago,Orlando,Sea,629,9630.56,Fog,High,High,11,18,1
SHP-004544,Supplier_X,Phoenix,Nashville,Air,4856,5915.23,Clear,Low,Critical,10,9,0
SHP-004545,Supplier_C,Houston,Boston,Road,4159,4738.17,Clear,Low,Critical,1,1,0
SHP-004546,Supplier_S,Dallas,Las Vegas,Sea,4934,5755.35,Clear,High,Low,9,12,1
SHP-004547,Supplier_D,San Antonio,Las Vegas,Sea,2873,9282.61,Fog,Low,High,1,1,0
SHP-004548,Supplier_Q,Phoenix,Seattle,Sea,1786,8292.36,Snow,High,Low,5,9,1
SHP-004549,Supplier_E,San Jose,Atlanta,Sea,291,3263.64,Snow,Low,Medium,7,9,1
SHP-004550,Supplier_U,New York,Orlando,Rail,2086,2410.68,Clear,High,Medium,12,18,1
SHP-004551,Supplier_M,Dallas,Denver,Sea,3723,2663.2,Clear,Low,Critical,8,8,0
SHP-004552,Supplier_C,Los Angeles,Atlanta,Air,2285,5068.99,Clear,Low,High,2,2,0
SHP-004553,Supplier_S,New York,Seattle,Rail,4540,7453.29,Rain,Low,Critical,14,19,1
SHP-004554,Supplier_S,Dallas,Boston,Road,1108,5057.03,Clear,High,Medium,1,6,1
SHP-004555,Supplier_B,Los Angeles,Denver,Air,3883,724.57,Fog,Severe,Medium,4,10,1
SHP-004556,Supplier_N,Dallas,Boston,Road,4398,7249.63,Snow,Moderate,Low,12,13,1
SHP-004557,Supplier_V,San Antonio,Orlando,Sea,4768,8069.4,Clear,High,Critical,4,3,0
SHP-004558,Supplier_E,San Antonio,Atlanta,Sea,4387,2930.5,Clear,Moderate,Critical,10,10,0
SHP-004559,Supplier_H,Los Angeles,Denver,Sea,2152,6658.05,Snow,Severe,Critical,12,15,1
SHP-004560,Supplier_J,San Diego,Las Vegas,Sea,3408,4294.59,Clear,High,Medium,6,4,0
SHP-004561,Supplier_I,San Jose,Orlando,Road,1816,8896.74,Clear,Low,Low,1,1,0
SHP-004562,Supplier_K,Phoenix,Nashville,Road,410,8459.99,Clear,High,Critical,14,13,0
SHP-004563,Supplier_Z,Philadelphia,Detroit,Sea,4638,5278.05,Rain,Moderate,Critical,1,1,0
SHP-004564,Supplier_M,Phoenix,Orlando,Sea,1360,6930.48,Snow,Low,Low,3,9,1
SHP-004565,Supplier_W,San Jose,Orlando,Road,4032,8839.33,Clear,Low,Medium,5,4,0
SHP-004566,Supplier_X,Los Angeles,Orlando,Road,3368,4982.38,Clear,Severe,Medium,12,13,1
SHP-004567,Supplier_K,Dallas,Boston,Road,684,3166.84,Clear,Severe,Medium,6,12,1
SHP-004568,Supplier_K,New York,Orlando,Rail,2899,7548.98,Snow,High,Critical,5,12,1
SHP-004569,Supplier_O,Los Angeles,Portland,Air,459,2239.66,Clear,Severe,Critical,13,11,0
SHP-004570,Supplier_I,San Diego,Seattle,Rail,2966,3915.88,Clear,High,Critical,13,11,0
SHP-004571,Supplier_H,Chicago,Denver,Rail,2111,8663.99,Fog,Low,High,13,19,1
SHP-004572,Supplier_C,Chicago,Miami,Rail,4106,7258.0,Fog,Low,Low,5,4,0
SHP-004573,Supplier_G,San Antonio,Seattle,Sea,1725,4067.92,Fog,Low,Low,9,16,1
SHP-004574,Supplier_E,New York,Seattle,Sea,2864,2186.71,Storm,Low,Critical,2,7,1
SHP-004575,Supplier_Y,Los Angeles,Atlanta,Rail,990,3591.89,Clear,Low,Critical,12,11,0
SHP-004576,Supplier_Y,San Antonio,Orlando,Road,831,2876.84,Clear,Moderate,High,12,10,0
SHP-004577,Supplier_S,Phoenix,Denver,Sea,4061,1802.09,Clear,High,Medium,1,6,1
SHP-004578,Supplier_D,Philadelphia,Denver,Air,4801,7446.16,Clear,High,High,6,6,0
SHP-004579,Supplier_E,San Jose,Denver,Road,2604,2558.1,Fog,Moderate,Low,9,15,1
SHP-004580,Supplier_D,San Diego,Portland,Road,714,4568.97,Snow,Severe,Critical,7,8,1
SHP-004581,Supplier_F,San Diego,Miami,Road,3906,3889.3,Snow,Moderate,Critical,8,10,1
SHP-004582,Supplier_O,San Jose,Detroit,Rail,1819,9821.67,Clear,High,Medium,5,8,1
SHP-004583,Supplier_O,Phoenix,Atlanta,Air,4869,3941.37,Fog,Moderate,Critical,10,10,0
SHP-004584,Supplier_K,Philadelphia,Miami,Sea,1687,845.83,Storm,Low,Medium,4,8,1
SHP-004585,Supplier_N,Chicago,Denver,Rail,1711,943.77,Clear,Severe,High,6,12,1
SHP-004586,Supplier_D,Houston,Las Vegas,Rail,996,5928.0,Storm,Low,Medium,3,2,0
SHP-004587,Supplier_R,Chicago,Portland,Air,377,6013.67,Clear,Moderate,Critical,1,1,0
SHP-004588,Supplier_L,Los Angeles,Nashville,Sea,4747,4216.65,Clear,Low,Critical,11,10,0
SHP-004589,Supplier_Y,San Jose,Portland,Sea,1736,4346.84,Rain,Moderate,Low,4,3,0
SHP-004590,Supplier_G,Phoenix,Detroit,Rail,2258,586.63,Rain,Severe,High,9,7,0
SHP-004591,Supplier_O,Los Angeles,Boston,Air,2532,5189.64,Clear,Low,High,4,3,0
SHP-004592,Supplier_J,San Antonio,Las Vegas,Sea,4004,5072.16,Clear,High,Low,1,1,0
SHP-004593,Supplier_O,Dallas,Atlanta,Air,4956,1538.02,Fog,Low,High,14,13,0
SHP-004594,Supplier_I,New York,Seattle,Road,3362,1083.2,Rain,Low,Medium,4,7,1
SHP-004595,Supplier_D,New York,Las Vegas,Sea,1549,1279.55,Snow,Low,Medium,7,6,0
SHP-004596,Supplier_C,San Antonio,Nashville,Rail,4600,1055.23,Clear,High,Low,3,3,0
SHP-004597,Supplier_F,Los Angeles,Nashville,Rail,1332,6116.6,Clear,Low,Critical,10,9,0
SHP-004598,Supplier_Z,New York,Nashville,Air,4217,2005.0,Clear,Moderate,Low,6,6,0
SHP-004599,Supplier_V,Chicago,Portland,Sea,777,2551.73,Clear,Low,High,14,13,0
SHP-004600,Supplier_J,San Diego,Detroit,Rail,2758,1777.04,Clear,Low,Critical,1,7,1
SHP-004601,Supplier_W,San Diego,Boston,Road,2128,9580.46,Clear,High,Low,11,10,0
SHP-004602,Supplier_W,San Antonio,Las Vegas,Sea,3858,8553.44,Rain,Low,Critical,4,2,0
SHP-004603,Supplier_T,San Jose,Detroit,Sea,4724,2343.42,Clear,Low,Critical,3,2,0
SHP-004604,Supplier_B,San Diego,Las Vegas,Sea,2137,3309.28,Storm,Low,Low,14,12,0
SHP-004605,Supplier_G,Phoenix,Atlanta,Sea,2749,2138.43,Clear,Moderate,Critical,1,1,0
SHP-004606,Supplier_K,San Jose,Orlando,Air,756,4944.17,Clear,Moderate,Critical,3,1,0
SHP-004607,Supplier_E,San Jose,Seattle,Air,265,245.12,Clear,Low,Medium,4,2,0
SHP-004608,Supplier_C,Philadelphia,Denver,Sea,4691,6730.11,Clear,Low,Medium,5,4,0
SHP-004609,Supplier_W,San Antonio,Boston,Road,689,5255.42,Clear,Moderate,Low,6,6,0
SHP-004610,Supplier_H,Phoenix,Denver,Rail,4624,8991.46,Fog,Low,Low,2,2,0
SHP-004611,Supplier_L,Los Angeles,Nashville,Air,2921,1685.71,Snow,High,Critical,2,2,0
SHP-004612,Supplier_M,Chicago,Las Vegas,Sea,4358,8050.89,Clear,High,Medium,6,9,1
SHP-004613,Supplier_Q,Chicago,Portland,Sea,1362,7930.01,Clear,Moderate,Low,5,6,1
SHP-004614,Supplier_B,New York,Portland,Air,171,1315.45,Rain,Low,Critical,1,1,0
SHP-004615,Supplier_V,Houston,Boston,Air,3616,4015.66,Snow,High,Medium,3,10,1
SHP-004616,Supplier_J,Los Angeles,Atlanta,Road,4850,1743.02,Clear,High,Medium,11,10,0
SHP-004617,Supplier_I,New York,Las Vegas,Rail,3680,2584.47,Rain,Moderate,Low,5,8,1
SHP-004618,Supplier_F,Houston,Nashville,Rail,368,2669.3,Storm,High,Medium,13,14,1
SHP-004619,Supplier_A,New York,Detroit,Rail,1876,5584.55,Snow,High,Critical,12,12,0
SHP-004620,Supplier_M,Houston,Denver,Road,2562,4143.54,Storm,Moderate,Low,12,10,0
SHP-004621,Supplier_O,San Diego,Miami,Sea,1368,9479.94,Storm,Low,Medium,2,8,1
SHP-004622,Supplier_R,Chicago,Detroit,Road,1115,1307.38,Fog,High,Critical,1,6,1
SHP-004623,Supplier_X,Houston,Portland,Road,2822,9738.24,Clear,Low,High,9,8,0
SHP-004624,Supplier_R,San Antonio,Detroit,Sea,1183,2344.85,Rain,High,Medium,5,10,1
SHP-004625,Supplier_H,Dallas,Nashville,Sea,4201,7740.1,Snow,High,Medium,2,7,1
SHP-004626,Supplier_D,Houston,Seattle,Rail,506,3422.75,Rain,High,Critical,10,11,1
SHP-004627,Supplier_O,Los Angeles,Orlando,Air,3176,1473.66,Fog,Moderate,Low,4,10,1
SHP-004628,Supplier_D,Phoenix,Las Vegas,Air,1085,8586.0,Clear,Low,Critical,3,3,0
SHP-004629,Supplier_Z,San Diego,Seattle,Sea,3703,3123.17,Clear,Low,Low,7,7,0
SHP-004630,Supplier_Z,Chicago,Nashville,Air,4585,6605.61,Clear,High,Critical,1,1,0
SHP-004631,Supplier_E,San Diego,Detroit,Road,809,5686.11,Clear,High,High,10,9,0
SHP-004632,Supplier_D,San Antonio,Denver,Road,2718,4743.98,Clear,Moderate,High,12,18,1
SHP-004633,Supplier_A,New York,Miami,Sea,4949,4983.4,Snow,Low,Medium,12,14,1
SHP-004634,Supplier_B,Los Angeles,Seattle,Rail,1511,7335.77,Clear,Severe,Critical,4,3,0
SHP-004635,Supplier_Y,Chicago,Portland,Air,4721,923.34,Snow,Severe,High,7,13,1
SHP-004636,Supplier_H,Chicago,Detroit,Road,1585,6698.4,Rain,Moderate,Medium,11,11,0
SHP-004637,Supplier_E,San Diego,Las Vegas,Air,3050,8963.33,Clear,Moderate,Low,10,10,0
SHP-004638,Supplier_G,San Diego,Seattle,Rail,4751,624.99,Clear,High,Medium,13,19,1
SHP-004639,Supplier_M,San Diego,Miami,Air,3034,1449.5,Rain,High,Medium,5,10,1
SHP-004640,Supplier_L,New York,Orlando,Road,4214,7180.49,Snow,Severe,Low,4,7,1
SHP-004641,Supplier_V,San Diego,Boston,Sea,4770,4400.95,Storm,Low,Medium,4,2,0
SHP-004642,Supplier_U,San Jose,Detroit,Sea,1103,4065.31,Storm,Moderate,High,11,15,1
SHP-004643,Supplier_U,Houston,Atlanta,Air,2566,1412.82,Fog,Moderate,High,12,10,0
SHP-004644,Supplier_C,Houston,Detroit,Air,2566,5092.36,Rain,High,Low,14,12,0
SHP-004645,Supplier_S,Phoenix,Boston,Sea,2038,1309.13,Fog,High,Low,2,9,1
SHP-004646,Supplier_S,San Jose,Las Vegas,Sea,2039,4792.37,Storm,Severe,High,8,11,1
SHP-004647,Supplier_I,San Antonio,Miami,Road,1735,7647.97,Storm,Moderate,High,12,19,1
SHP-004648,Supplier_C,New York,Orlando,Air,1798,2619.73,Clear,High,Critical,4,4,0
SHP-004649,Supplier_A,Philadelphia,Boston,Air,4627,4833.82,Fog,Moderate,Critical,2,1,0
SHP-004650,Supplier_C,New York,Miami,Road,2191,9920.56,Clear,Moderate,Low,9,9,0
SHP-004651,Supplier_G,Los Angeles,Boston,Sea,1995,6882.17,Snow,Low,Critical,14,19,1
SHP-004652,Supplier_U,San Antonio,Portland,Rail,4340,8421.5,Clear,High,Medium,14,21,1
SHP-004653,Supplier_O,San Antonio,Nashville,Road,3498,4177.73,Clear,Severe,Low,13,20,1
SHP-004654,Supplier_Z,San Diego,Miami,Sea,1173,7690.22,Clear,Low,High,12,10,0
SHP-004655,Supplier_E,San Jose,Boston,Air,2502,453.07,Clear,Low,Critical,10,9,0
SHP-004656,Supplier_C,San Jose,Boston,Sea,4995,1272.97,Clear,High,Medium,13,11,0
SHP-004657,Supplier_Z,Dallas,Miami,Air,3312,2070.55,Storm,Moderate,Low,7,8,1
SHP-004658,Supplier_K,Phoenix,Orlando,Rail,4137,4049.42,Clear,Severe,High,3,8,1
SHP-004659,Supplier_D,New York,Miami,Rail,1251,8465.16,Clear,Low,High,7,5,0
SHP-004660,Supplier_B,San Diego,Portland,Air,2545,3495.35,Clear,Low,Medium,1,1,0
SHP-004661,Supplier_O,San Antonio,Orlando,Sea,2056,6563.48,Rain,Moderate,High,12,11,0
SHP-004662,Supplier_B,San Diego,Portland,Rail,4658,7107.68,Clear,Low,Medium,1,1,0
SHP-004663,Supplier_F,Dallas,Portland,Air,4007,5882.51,Clear,Low,High,4,4,0
SHP-004664,Supplier_S,San Jose,Denver,Air,907,3604.56,Clear,Low,Medium,4,4,0
SHP-004665,Supplier_N,San Jose,Portland,Sea,286,5791.68,Rain,Low,Low,4,5,1
SHP-004666,Supplier_X,San Diego,Las Vegas,Rail,4927,3455.54,Clear,Low,Medium,9,16,1
SHP-004667,Supplier_M,Houston,Atlanta,Air,4624,884.54,Clear,Severe,Low,6,7,1
SHP-004668,Supplier_P,New York,Miami,Sea,1407,9928.4,Clear,Low,Critical,3,1,0
SHP-004669,Supplier_A,Dallas,Detroit,Sea,2384,1315.47,Fog,Moderate,Low,6,6,0
SHP-004670,Supplier_M,New York,Miami,Air,4966,769.87,Clear,High,Critical,2,2,0
SHP-004671,Supplier_V,San Antonio,Orlando,Sea,857,8791.38,Rain,Moderate,Critical,2,7,1
SHP-004672,Supplier_N,San Jose,Denver,Sea,4331,3053.25,Clear,Moderate,Low,7,5,0
SHP-004673,Supplier_F,Philadelphia,Denver,Air,4987,6520.45,Clear,High,Critical,14,19,1
SHP-004674,Supplier_L,Dallas,Denver,Rail,3954,3323.61,Clear,High,Critical,3,1,0
SHP-004675,Supplier_G,Los Angeles,Atlanta,Rail,4366,3944.97,Clear,High,High,7,12,1
SHP-004676,Supplier_F,Phoenix,Nashville,Rail,2306,2658.02,Clear,Moderate,Medium,3,1,0
SHP-004677,Supplier_I,San Antonio,Atlanta,Sea,3658,3463.29,Clear,High,Low,12,16,1
SHP-004678,Supplier_I,San Diego,Miami,Air,1680,4136.47,Clear,Moderate,High,12,11,0
SHP-004679,Supplier_O,Los Angeles,Portland,Air,1061,7218.14,Rain,Low,Low,2,2,0
SHP-004680,Supplier_E,San Diego,Miami,Air,3947,5139.79,Fog,High,Low,4,11,1
SHP-004681,Supplier_B,San Jose,Detroit,Air,3675,9438.47,Clear,Moderate,Critical,4,2,0
SHP-004682,Supplier_T,Philadelphia,Atlanta,Air,975,466.71,Rain,Severe,High,3,1,0
SHP-004683,Supplier_T,San Diego,Las Vegas,Rail,2518,5055.53,Fog,Low,Medium,9,11,1
SHP-004684,Supplier_T,San Antonio,Boston,Rail,4298,5863.04,Storm,Low,Low,6,8,1
SHP-004685,Supplier_H,New York,Seattle,Air,1101,9205.96,Clear,Severe,High,5,9,1
SHP-004686,Supplier_U,Chicago,Orlando,Sea,3484,539.13,Snow,Low,Low,13,11,0
SHP-004687,Supplier_J,Phoenix,Miami,Sea,4166,5756.32,Clear,Severe,Medium,12,12,0
SHP-004688,Supplier_P,Houston,Detroit,Air,2945,8543.62,Rain,Severe,Critical,12,14,1
SHP-004689,Supplier_N,San Diego,Detroit,Air,1581,2457.18,Clear,High,Low,6,10,1
SHP-004690,Supplier_R,Philadelphia,Denver,Air,3401,8769.11,Clear,Moderate,Low,13,11,0
SHP-004691,Supplier_P,San Diego,Orlando,Rail,757,239.48,Clear,Moderate,Critical,11,11,0
SHP-004692,Supplier_B,Houston,Detroit,Sea,2880,7337.92,Clear,High,Low,8,6,0
SHP-004693,Supplier_C,Dallas,Las Vegas,Road,522,9334.48,Rain,High,Medium,5,5,0
SHP-004694,Supplier_I,Houston,Miami,Rail,3781,6589.12,Clear,Moderate,Critical,13,13,0
SHP-004695,Supplier_M,San Jose,Nashville,Sea,4366,4418.34,Rain,Severe,High,13,19,1
SHP-004696,Supplier_E,Philadelphia,Nashville,Sea,2810,496.57,Clear,Moderate,Low,4,2,0
SHP-004697,Supplier_N,San Jose,Miami,Sea,552,9205.13,Clear,Severe,Critical,7,7,0
SHP-004698,Supplier_G,San Diego,Atlanta,Air,2497,4729.45,Rain,Low,Low,12,10,0
SHP-004699,Supplier_U,Chicago,Seattle,Road,2075,338.52,Fog,Low,Medium,14,13,0
SHP-004700,Supplier_Z,Phoenix,Las Vegas,Sea,1757,6913.72,Clear,Moderate,Low,5,4,0
SHP-004701,Supplier_Q,San Antonio,Denver,Rail,2641,4844.28,Clear,Low,Low,4,4,0
SHP-004702,Supplier_H,San Antonio,Boston,Rail,3175,1287.24,Storm,High,Low,14,20,1
SHP-004703,Supplier_U,Philadelphia,Atlanta,Road,3264,2182.0,Clear,Low,Critical,5,5,0
SHP-004704,Supplier_Z,San Diego,Denver,Sea,3066,691.68,Storm,Severe,Medium,11,13,1
SHP-004705,Supplier_R,Chicago,Portland,Air,2153,5764.22,Rain,Low,Critical,4,3,0
SHP-004706,Supplier_Z,San Jose,Miami,Sea,387,6239.19,Clear,Moderate,Medium,8,7,0
SHP-004707,Supplier_A,Houston,Boston,Rail,3317,5082.14,Clear,Low,Medium,8,12,1
SHP-004708,Supplier_M,Phoenix,Orlando,Road,3954,8180.17,Clear,Moderate,Critical,1,6,1
SHP-004709,Supplier_Z,Los Angeles,Seattle,Air,1547,8617.04,Clear,Low,Medium,14,13,0
SHP-004710,Supplier_W,San Diego,Las Vegas,Sea,707,6175.46,Storm,Low,High,12,19,1
SHP-004711,Supplier_L,Chicago,Nashville,Road,4652,176.93,Snow,High,High,3,7,1
SHP-004712,Supplier_P,Chicago,Denver,Sea,1864,6967.54,Rain,Low,High,11,9,0
SHP-004713,Supplier_R,Houston,Miami,Air,1325,4209.09,Snow,Low,Low,4,10,1
SHP-004714,Supplier_Z,Chicago,Boston,Air,1335,5677.3,Clear,High,Low,2,1,0
SHP-004715,Supplier_P,San Jose,Boston,Road,1129,6508.35,Rain,Low,Critical,14,14,0
SHP-004716,Supplier_L,San Diego,Las Vegas,Air,2771,3534.85,Clear,Moderate,Medium,13,11,0
SHP-004717,Supplier_S,Los Angeles,Detroit,Rail,4062,9175.13,Snow,Low,High,5,9,1
SHP-004718,Supplier_Q,San Antonio,Atlanta,Sea,4642,1383.05,Clear,Low,Medium,11,13,1
SHP-004719,Supplier_K,San Diego,Detroit,Road,3277,6731.54,Rain,Moderate,Critical,8,6,0
SHP-004720,Supplier_M,Phoenix,Portland,Air,3822,93.38,Storm,Low,High,12,12,0
SHP-004721,Supplier_I,Houston,Orlando,Road,1575,9250.28,Clear,High,Low,2,9,1
SHP-004722,Supplier_F,Houston,Atlanta,Sea,2996,1169.42,Clear,Severe,Low,14,14,0
SHP-004723,Supplier_A,Dallas,Orlando,Sea,908,994.1,Rain,Low,Critical,9,7,0
SHP-004724,Supplier_K,New York,Portland,Road,1078,3363.43,Clear,Severe,Low,13,13,0
SHP-004725,Supplier_T,New York,Atlanta,Rail,2563,3766.98,Rain,Low,Critical,7,5,0
SHP-004726,Supplier_H,Philadelphia,Atlanta,Sea,825,2182.29,Fog,Low,Low,6,6,0
SHP-004727,Supplier_A,Phoenix,Atlanta,Air,2601,5871.96,Clear,Low,Critical,8,7,0
SHP-004728,Supplier_Z,Philadelphia,Denver,Sea,3462,4457.0,Clear,Moderate,Low,14,14,0
SHP-004729,Supplier_Y,Chicago,Atlanta,Road,1316,390.05,Rain,Moderate,Medium,2,7,1
SHP-004730,Supplier_I,Chicago,Denver,Road,4151,3230.54,Clear,Low,Critical,14,13,0
SHP-004731,Supplier_B,Dallas,Detroit,Rail,2297,8113.81,Clear,High,Critical,5,4,0
SHP-004732,Supplier_Z,New York,Orlando,Air,2906,6912.53,Fog,High,Critical,4,9,1
SHP-004733,Supplier_P,Los Angeles,Miami,Air,878,7262.46,Rain,Low,Medium,8,6,0
SHP-004734,Supplier_Q,Philadelphia,Denver,Sea,1072,6996.26,Clear,High,Low,13,20,1
SHP-004735,Supplier_L,San Antonio,Miami,Road,2910,3144.18,Clear,Severe,Low,1,7,1
SHP-004736,Supplier_Y,Los Angeles,Seattle,Sea,2223,1041.66,Rain,Low,Medium,12,12,0
SHP-004737,Supplier_S,San Jose,Detroit,Rail,698,2761.05,Snow,Low,Low,3,9,1
SHP-004738,Supplier_H,Houston,Portland,Air,3441,8326.26,Storm,Moderate,Medium,10,8,0
SHP-004739,Supplier_F,Los Angeles,Atlanta,Air,324,9805.68,Clear,Moderate,Low,8,8,0
SHP-004740,Supplier_D,Dallas,Seattle,Sea,940,4963.78,Fog,Moderate,Critical,5,5,0
SHP-004741,Supplier_H,Houston,Boston,Rail,1914,146.52,Rain,Low,Low,4,4,0
SHP-004742,Supplier_V,San Diego,Seattle,Air,4909,1443.45,Rain,Moderate,Medium,6,6,0
SHP-004743,Supplier_H,Phoenix,Denver,Sea,1206,3254.7,Rain,Moderate,Critical,12,12,0
SHP-004744,Supplier_I,Philadelphia,Boston,Road,224,5806.92,Clear,Moderate,Medium,5,5,0
SHP-004745,Supplier_R,Philadelphia,Miami,Sea,3346,797.18,Fog,Low,High,3,2,0
SHP-004746,Supplier_Z,New York,Nashville,Rail,3031,9436.41,Clear,Moderate,High,13,11,0
SHP-004747,Supplier_X,Dallas,Boston,Road,4225,3682.58,Clear,Low,High,11,10,0
SHP-004748,Supplier_B,Phoenix,Denver,Road,3071,9130.21,Storm,Moderate,Medium,14,20,1
SHP-004749,Supplier_Y,Chicago,Boston,Road,2117,7816.19,Rain,Severe,High,5,10,1
SHP-004750,Supplier_H,Dallas,Denver,Rail,2515,7566.6,Storm,Moderate,Critical,4,9,1
SHP-004751,Supplier_S,San Jose,Orlando,Road,4690,6086.86,Rain,Low,Medium,1,1,0
SHP-004752,Supplier_Z,Los Angeles,Detroit,Sea,3196,6286.5,Clear,Moderate,High,1,1,0
SHP-004753,Supplier_M,New York,Nashville,Sea,1709,6398.13,Fog,High,High,14,14,0
SHP-004754,Supplier_L,San Diego,Seattle,Air,817,6305.78,Clear,High,Critical,7,6,0
SHP-004755,Supplier_F,San Diego,Seattle,Road,3661,5559.6,Storm,Moderate,Low,4,9,1
SHP-004756,Supplier_F,Los Angeles,Boston,Air,1116,9864.82,Clear,Low,Low,1,1,0
SHP-004757,Supplier_H,Los Angeles,Seattle,Sea,3665,7336.29,Storm,Moderate,Medium,6,4,0
SHP-004758,Supplier_S,San Jose,Denver,Air,4801,7780.62,Clear,Moderate,Low,11,10,0
SHP-004759,Supplier_K,San Jose,Boston,Sea,4570,8731.01,Rain,Severe,High,12,11,0
SHP-004760,Supplier_Z,Los Angeles,Boston,Rail,2060,2195.62,Storm,Moderate,Medium,11,10,0
SHP-004761,Supplier_X,Dallas,Portland,Air,1148,883.85,Clear,Moderate,High,12,12,0
SHP-004762,Supplier_W,New York,Boston,Rail,1457,4854.8,Snow,Moderate,Medium,11,18,1
SHP-004763,Supplier_L,Dallas,Atlanta,Air,3526,5165.1,Storm,Low,High,11,16,1
SHP-004764,Supplier_S,Los Angeles,Portland,Road,215,8300.36,Snow,High,Medium,1,1,0
SHP-004765,Supplier_A,Chicago,Detroit,Sea,2195,4465.65,Fog,Moderate,Critical,8,7,0
SHP-004766,Supplier_W,Los Angeles,Orlando,Rail,1901,5729.99,Clear,Severe,Low,12,12,0
SHP-004767,Supplier_W,Houston,Detroit,Sea,2246,5294.36,Clear,Moderate,Low,13,13,0
SHP-004768,Supplier_L,Philadelphia,Detroit,Rail,1720,430.12,Clear,Low,Medium,9,7,0
SHP-004769,Supplier_S,Chicago,Las Vegas,Road,4880,6171.39,Clear,Moderate,Medium,11,11,0
SHP-004770,Supplier_S,Phoenix,Portland,Air,3050,8289.03,Clear,Low,Critical,3,2,0
SHP-004771,Supplier_E,San Diego,Denver,Sea,3892,1617.13,Rain,Low,High,7,5,0
SHP-004772,Supplier_S,Dallas,Miami,Air,3041,5963.6,Clear,Low,Medium,13,13,0
SHP-004773,Supplier_G,San Diego,Orlando,Rail,1077,5956.42,Clear,High,Low,5,7,1
SHP-004774,Supplier_Z,Los Angeles,Nashville,Air,3166,1683.64,Clear,Moderate,Medium,3,3,0
SHP-004775,Supplier_P,Chicago,Denver,Rail,883,1278.46,Storm,Low,High,5,7,1
SHP-004776,Supplier_R,Philadelphia,Las Vegas,Rail,340,9801.52,Rain,Moderate,Critical,10,9,0
SHP-004777,Supplier_J,Philadelphia,Orlando,Air,1653,3967.51,Clear,Moderate,Critical,7,6,0
SHP-004778,Supplier_F,Chicago,Seattle,Rail,4678,2312.85,Storm,Severe,Low,7,14,1
SHP-004779,Supplier_P,Los Angeles,Nashville,Sea,1112,1754.68,Clear,Moderate,Medium,9,8,0
SHP-004780,Supplier_B,Houston,Detroit,Sea,286,6692.64,Fog,High,Critical,8,6,0
SHP-004781,Supplier_C,San Diego,Boston,Sea,1981,6113.98,Rain,Low,Critical,4,3,0
SHP-004782,Supplier_B,San Antonio,Seattle,Road,4686,6453.34,Clear,High,Low,5,12,1
SHP-004783,Supplier_H,New York,Detroit,Air,530,925.66,Rain,High,Medium,5,6,1
SHP-004784,Supplier_T,Houston,Las Vegas,Road,338,8940.67,Snow,Severe,High,10,11,1
SHP-004785,Supplier_H,San Diego,Las Vegas,Road,2445,3923.2,Clear,Low,Medium,12,11,0
SHP-004786,Supplier_A,Philadelphia,Boston,Road,175,3168.03,Storm,Moderate,Critical,2,1,0
SHP-004787,Supplier_Q,Phoenix,Atlanta,Sea,1456,4650.5,Clear,Moderate,High,12,12,0
SHP-004788,Supplier_P,Dallas,Las Vegas,Air,2430,3931.16,Clear,Low,Medium,7,6,0
SHP-004789,Supplier_A,Chicago,Seattle,Sea,4786,8642.59,Clear,Moderate,High,7,7,0
SHP-004790,Supplier_K,Los Angeles,Boston,Road,2002,9296.15,Clear,Severe,Low,9,10,1
SHP-004791,Supplier_T,Phoenix,Seattle,Air,4113,3069.36,Clear,Moderate,High,13,12,0
SHP-004792,Supplier_G,Philadelphia,Portland,Sea,4770,8646.16,Fog,Severe,High,9,10,1
SHP-004793,Supplier_Z,San Antonio,Boston,Air,2159,7826.16,Clear,Low,Medium,4,4,0
SHP-004794,Supplier_E,Philadelphia,Miami,Air,240,9311.54,Clear,High,Critical,5,3,0
SHP-004795,Supplier_K,Houston,Atlanta,Air,1889,2495.22,Rain,Moderate,High,7,7,0
SHP-004796,Supplier_W,Chicago,Las Vegas,Road,3726,5790.74,Storm,Moderate,Low,10,10,0
SHP-004797,Supplier_F,Dallas,Denver,Rail,116,2781.72,Fog,Severe,Critical,7,12,1
SHP-004798,Supplier_Z,San Antonio,Portland,Rail,4448,8249.74,Snow,Low,High,11,12,1
SHP-004799,Supplier_K,Houston,Denver,Rail,564,102.98,Fog,High,High,10,11,1
SHP-004800,Supplier_B,Chicago,Portland,Road,4571,5669.95,Snow,Moderate,Low,11,10,0
SHP-004801,Supplier_A,San Antonio,Orlando,Rail,1927,3425.07,Fog,Low,Medium,8,13,1
SHP-004802,Supplier_E,San Antonio,Detroit,Road,3128,3260.7,Snow,Severe,Critical,8,12,1
SHP-004803,Supplier_S,San Antonio,Detroit,Air,619,6466.82,Clear,Moderate,High,2,2,0
SHP-004804,Supplier_W,San Diego,Orlando,Road,189,8522.27,Clear,High,Medium,12,11,0
SHP-004805,Supplier_E,Dallas,Nashville,Rail,4915,6111.49,Rain,Low,Low,9,15,1
SHP-004806,Supplier_Y,Philadelphia,Orlando,Road,2951,8539.07,Clear,High,High,11,14,1
SHP-004807,Supplier_D,New York,Miami,Road,2943,2682.74,Clear,Moderate,Critical,4,4,0
SHP-004808,Supplier_Q,San Diego,Detroit,Road,4825,5219.04,Rain,Low,Critical,1,1,0
SHP-004809,Supplier_L,Chicago,Atlanta,Rail,1984,4532.84,Fog,Moderate,Medium,1,1,0
SHP-004810,Supplier_C,New York,Detroit,Sea,4271,165.87,Clear,Low,High,5,5,0
SHP-004811,Supplier_L,Dallas,Miami,Sea,1025,5590.28,Snow,Moderate,High,7,7,0
SHP-004812,Supplier_W,Los Angeles,Denver,Road,3834,6632.17,Snow,Low,Critical,5,5,0
SHP-004813,Supplier_V,Los Angeles,Nashville,Rail,1069,5939.55,Fog,Low,Critical,13,11,0
SHP-004814,Supplier_M,Philadelphia,Portland,Air,1194,7375.98,Fog,Low,Medium,3,1,0
SHP-004815,Supplier_S,Philadelphia,Detroit,Sea,3295,5734.83,Snow,Moderate,Medium,11,14,1
SHP-004816,Supplier_D,San Antonio,Detroit,Road,1504,714.17,Rain,Moderate,Medium,7,6,0
SHP-004817,Supplier_K,Chicago,Atlanta,Rail,3464,1208.63,Clear,Moderate,Medium,1,1,0
SHP-004818,Supplier_J,San Antonio,Denver,Rail,4390,5984.92,Rain,Low,Critical,11,13,1
SHP-004819,Supplier_K,New York,Detroit,Air,4082,2786.04,Snow,Moderate,Low,1,1,0
SHP-004820,Supplier_E,San Antonio,Boston,Air,4423,842.47,Storm,High,Critical,12,16,1
SHP-004821,Supplier_F,New York,Denver,Air,4113,4324.55,Snow,Low,Critical,2,2,0
SHP-004822,Supplier_X,Chicago,Portland,Air,4656,5565.51,Clear,High,Critical,1,8,1
SHP-004823,Supplier_N,San Jose,Las Vegas,Air,4813,3321.02,Rain,Moderate,Critical,9,9,0
SHP-004824,Supplier_Z,New York,Denver,Air,3192,7218.32,Clear,High,High,4,3,0
SHP-004825,Supplier_U,Dallas,Miami,Air,4259,6455.52,Clear,Low,Low,7,6,0
SHP-004826,Supplier_P,Phoenix,Portland,Sea,2174,3361.54,Clear,Low,Medium,5,3,0
SHP-004827,Supplier_U,San Antonio,Orlando,Air,384,7560.98,Clear,High,High,14,15,1
SHP-004828,Supplier_K,San Antonio,Portland,Rail,1287,6504.52,Storm,High,High,7,13,1
SHP-004829,Supplier_F,Dallas,Orlando,Sea,4069,6392.58,Clear,Low,Critical,13,12,0
SHP-004830,Supplier_W,Phoenix,Orlando,Air,3065,5556.61,Clear,Low,Medium,13,13,0
SHP-004831,Supplier_R,Philadelphia,Nashville,Rail,4419,163.33,Fog,Moderate,Medium,7,12,1
SHP-004832,Supplier_W,Philadelphia,Nashville,Rail,883,6980.25,Clear,Moderate,Low,1,1,0
SHP-004833,Supplier_T,New York,Portland,Road,1049,3791.62,Clear,High,High,1,1,0
SHP-004834,Supplier_Z,Phoenix,Seattle,Air,4039,9428.97,Clear,Low,Medium,11,10,0
SHP-004835,Supplier_L,Dallas,Boston,Rail,144,8188.95,Clear,Moderate,Critical,3,1,0
SHP-004836,Supplier_H,San Jose,Detroit,Sea,1910,5897.56,Clear,Low,Medium,10,8,0
SHP-004837,Supplier_V,Chicago,Orlando,Rail,4666,2559.21,Clear,Low,Medium,2,3,1
SHP-004838,Supplier_S,San Antonio,Detroit,Air,2181,2076.99,Rain,Low,Critical,14,12,0
SHP-004839,Supplier_F,San Diego,Portland,Air,3598,3436.83,Clear,High,Medium,7,6,0
SHP-004840,Supplier_M,Houston,Nashville,Air,929,4791.85,Clear,Moderate,Low,3,2,0
SHP-004841,Supplier_J,Dallas,Boston,Road,2009,2995.85,Storm,High,Critical,7,8,1
SHP-004842,Supplier_X,San Jose,Miami,Rail,2681,5173.55,Clear,Low,Critical,9,13,1
SHP-004843,Supplier_W,San Jose,Seattle,Air,791,1695.44,Fog,Low,Critical,12,11,0
SHP-004844,Supplier_J,San Diego,Las Vegas,Sea,4119,9778.24,Clear,Low,Low,11,11,0
SHP-004845,Supplier_E,Philadelphia,Atlanta,Air,1031,1123.85,Clear,Low,Critical,1,1,0
SHP-004846,Supplier_F,San Antonio,Nashville,Air,3506,9322.84,Snow,High,Critical,3,5,1
SHP-004847,Supplier_X,Houston,Nashville,Road,247,9140.1,Clear,Low,Medium,13,12,0
SHP-004848,Supplier_A,Phoenix,Boston,Air,1132,5277.34,Clear,Low,Medium,11,11,0
SHP-004849,Supplier_W,Los Angeles,Orlando,Rail,1411,7262.86,Rain,Low,High,6,10,1
SHP-004850,Supplier_S,New York,Nashville,Air,487,4388.68,Clear,Low,Critical,13,12,0
SHP-004851,Supplier_M,Dallas,Orlando,Sea,3221,6318.84,Snow,High,Medium,9,8,0
SHP-004852,Supplier_Y,Philadelphia,Miami,Air,1973,3438.73,Fog,Moderate,Medium,5,3,0
SHP-004853,Supplier_S,San Antonio,Denver,Rail,3688,3046.53,Clear,High,Medium,3,9,1
SHP-004854,Supplier_B,Chicago,Las Vegas,Rail,1015,5803.39,Rain,Moderate,High,8,8,0
SHP-004855,Supplier_F,Dallas,Denver,Air,1978,5006.39,Rain,Low,Critical,13,12,0
SHP-004856,Supplier_T,Dallas,Boston,Sea,3848,5816.39,Fog,Low,Critical,14,12,0
SHP-004857,Supplier_K,Phoenix,Orlando,Air,377,2902.27,Storm,High,Critical,12,11,0
SHP-004858,Supplier_Z,Houston,Las Vegas,Rail,2077,3701.23,Fog,High,Critical,5,8,1
SHP-004859,Supplier_T,Los Angeles,Seattle,Sea,1959,884.78,Clear,Low,Critical,6,6,0
SHP-004860,Supplier_H,Dallas,Orlando,Road,3136,570.15,Snow,Low,Medium,13,11,0
SHP-004861,Supplier_U,Dallas,Denver,Air,3471,2571.9,Clear,Low,High,2,1,0
SHP-004862,Supplier_S,Phoenix,Denver,Air,4813,788.76,Clear,Low,Critical,4,4,0
SHP-004863,Supplier_D,Dallas,Detroit,Road,2282,1082.56,Fog,Low,Low,1,1,0
SHP-004864,Supplier_P,Philadelphia,Miami,Road,4775,8138.64,Clear,Low,High,14,14,0
SHP-004865,Supplier_E,Chicago,Atlanta,Road,1270,436.79,Fog,Moderate,Low,13,19,1
SHP-004866,Supplier_K,New York,Boston,Rail,589,6606.48,Clear,Low,Medium,4,2,0
SHP-004867,Supplier_X,New York,Denver,Road,2625,2761.95,Storm,Low,High,1,1,0
SHP-004868,Supplier_C,Dallas,Detroit,Sea,1282,8721.88,Clear,High,Medium,4,7,1
SHP-004869,Supplier_H,San Jose,Portland,Rail,4579,4875.67,Clear,Moderate,Low,14,12,0
SHP-004870,Supplier_L,Phoenix,Nashville,Sea,4358,3090.49,Clear,Severe,High,2,1,0
SHP-004871,Supplier_K,Houston,Denver,Air,2588,5200.51,Rain,Low,Medium,6,6,0
SHP-004872,Supplier_F,Phoenix,Portland,Sea,1976,3850.48,Clear,Moderate,Low,6,6,0
SHP-004873,Supplier_U,San Antonio,Miami,Air,2562,5664.8,Rain,Low,High,8,6,0
SHP-004874,Supplier_C,Dallas,Denver,Air,1730,1189.6,Clear,Moderate,Medium,9,9,0
SHP-004875,Supplier_W,Los Angeles,Seattle,Rail,387,9970.06,Clear,Low,Medium,8,7,0
SHP-004876,Supplier_V,New York,Denver,Sea,4382,4284.28,Clear,Low,Low,1,1,0
SHP-004877,Supplier_U,Philadelphia,Boston,Road,2007,3514.89,Clear,Severe,Medium,13,11,0
SHP-004878,Supplier_X,Phoenix,Boston,Road,1261,7116.59,Storm,Moderate,Medium,3,3,0
SHP-004879,Supplier_K,Dallas,Atlanta,Rail,229,3670.8,Storm,Severe,Critical,6,10,1
SHP-004880,Supplier_O,Philadelphia,Denver,Rail,2463,8341.08,Clear,Low,Low,1,6,1
SHP-004881,Supplier_A,Los Angeles,Seattle,Rail,243,4569.99,Rain,Low,Low,8,8,0
SHP-004882,Supplier_I,New York,Seattle,Road,115,7209.61,Snow,Moderate,Low,14,20,1
SHP-004883,Supplier_G,Los Angeles,Nashville,Rail,344,1119.16,Clear,High,Low,6,4,0
SHP-004884,Supplier_H,San Diego,Atlanta,Air,1026,8468.89,Clear,Moderate,High,1,1,0
SHP-004885,Supplier_W,Phoenix,Seattle,Sea,3278,7370.39,Rain,Severe,High,10,10,0
SHP-004886,Supplier_C,San Jose,Denver,Air,2276,2156.58,Clear,Low,Low,2,2,0
SHP-004887,Supplier_L,New York,Las Vegas,Air,986,1495.6,Clear,High,Critical,6,9,1
SHP-004888,Supplier_I,San Diego,Detroit,Road,440,3197.11,Clear,Low,Critical,10,8,0
SHP-004889,Supplier_Z,Philadelphia,Miami,Sea,2151,9761.9,Rain,Low,Medium,14,13,0
SHP-004890,Supplier_D,Houston,Portland,Sea,3498,2605.47,Clear,Moderate,Low,8,15,1
SHP-004891,Supplier_X,San Jose,Denver,Rail,4050,4588.47,Clear,Moderate,High,5,3,0
SHP-004892,Supplier_A,San Jose,Detroit,Sea,405,348.7,Clear,Low,Medium,1,1,0
SHP-004893,Supplier_B,Dallas,Atlanta,Rail,1007,4002.41,Clear,Low,Low,14,13,0
SHP-004894,Supplier_M,San Jose,Portland,Road,2754,5734.63,Clear,Moderate,High,10,8,0
SHP-004895,Supplier_O,Houston,Las Vegas,Rail,3892,9533.59,Fog,Moderate,Low,2,4,1
SHP-004896,Supplier_X,Philadelphia,Nashville,Rail,4142,5191.52,Clear,Low,Medium,4,2,0
SHP-004897,Supplier_N,Phoenix,Seattle,Rail,1471,8200.12,Rain,Low,High,4,3,0
SHP-004898,Supplier_F,Phoenix,Portland,Sea,420,5493.92,Clear,Low,Low,7,6,0
SHP-004899,Supplier_N,San Jose,Nashville,Air,4754,455.81,Rain,Severe,Low,2,2,0
SHP-004900,Supplier_P,Chicago,Portland,Road,4159,3184.33,Rain,Severe,Medium,7,8,1
SHP-004901,Supplier_M,San Antonio,Seattle,Air,1231,5776.72,Clear,Moderate,Critical,7,6,0
SHP-004902,Supplier_L,Dallas,Atlanta,Sea,2678,9508.41,Storm,Severe,High,7,6,0
SHP-004903,Supplier_R,Houston,Nashville,Sea,4142,8598.35,Clear,Moderate,Medium,13,12,0
SHP-004904,Supplier_M,Los Angeles,Denver,Rail,3467,2322.14,Storm,Low,Critical,3,2,0
SHP-004905,Supplier_D,Philadelphia,Detroit,Air,917,2240.09,Clear,Low,Medium,6,7,1
SHP-004906,Supplier_P,Dallas,Denver,Air,111,2051.67,Fog,Severe,Low,12,17,1
SHP-004907,Supplier_Z,San Jose,Nashville,Air,294,9228.86,Snow,Moderate,Critical,6,12,1
SHP-004908,Supplier_S,Houston,Detroit,Road,2637,8534.03,Fog,High,High,4,4,0
SHP-004909,Supplier_U,Philadelphia,Boston,Rail,2942,7760.09,Rain,High,Critical,1,1,0
SHP-004910,Supplier_Y,San Diego,Nashville,Rail,2329,3957.71,Clear,Moderate,High,9,7,0
SHP-004911,Supplier_V,Los Angeles,Orlando,Rail,3109,5068.59,Snow,Low,Medium,2,1,0
SHP-004912,Supplier_H,Chicago,Nashville,Air,4851,4670.1,Storm,Low,Medium,9,15,1
SHP-004913,Supplier_F,San Antonio,Las Vegas,Road,2177,2571.31,Fog,Low,High,8,7,0
SHP-004914,Supplier_O,San Antonio,Atlanta,Road,3967,5075.03,Clear,Low,Low,1,1,0
SHP-004915,Supplier_C,Los Angeles,Detroit,Air,4973,353.44,Snow,Moderate,High,11,15,1
SHP-004916,Supplier_Z,Los Angeles,Portland,Air,543,1361.51,Clear,Low,Medium,7,6,0
SHP-004917,Supplier_B,New York,Orlando,Air,397,8871.57,Rain,Low,Low,13,12,0
SHP-004918,Supplier_J,San Antonio,Miami,Air,944,7529.21,Clear,Moderate,Medium,10,8,0
SHP-004919,Supplier_A,Chicago,Seattle,Rail,1115,4257.54,Clear,Low,Medium,3,3,0
SHP-004920,Supplier_K,San Diego,Orlando,Rail,1484,5195.65,Fog,Moderate,High,10,8,0
SHP-004921,Supplier_I,Houston,Denver,Rail,1497,3731.49,Clear,Moderate,Medium,13,11,0
SHP-004922,Supplier_D,San Diego,Seattle,Air,653,7420.76,Rain,Moderate,Low,10,9,0
SHP-004923,Supplier_C,Los Angeles,Detroit,Road,2450,7852.66,Rain,Severe,Critical,14,21,1
SHP-004924,Supplier_K,Philadelphia,Detroit,Air,4616,7644.69,Clear,Low,Critical,14,13,0
SHP-004925,Supplier_F,Dallas,Detroit,Air,1369,7239.99,Clear,Low,Critical,14,12,0
SHP-004926,Supplier_M,San Antonio,Las Vegas,Road,1360,2084.82,Rain,High,Low,9,7,0
SHP-004927,Supplier_F,San Jose,Miami,Sea,284,3412.8,Clear,Moderate,High,5,3,0
SHP-004928,Supplier_X,Dallas,Orlando,Air,4663,4724.96,Storm,High,Critical,11,10,0
SHP-004929,Supplier_C,Dallas,Orlando,Road,2510,3341.39,Fog,Low,Medium,3,3,0
SHP-004930,Supplier_R,San Antonio,Nashville,Air,4531,7561.65,Clear,High,Low,8,14,1
SHP-004931,Supplier_C,Phoenix,Atlanta,Road,2309,3327.07,Clear,Severe,High,12,11,0
SHP-004932,Supplier_K,San Jose,Seattle,Sea,3772,1425.41,Clear,Moderate,Critical,3,1,0
SHP-004933,Supplier_T,San Diego,Denver,Air,4783,4020.45,Snow,Low,Medium,7,8,1
SHP-004934,Supplier_T,San Antonio,Portland,Road,1981,9800.15,Clear,High,Low,14,19,1
SHP-004935,Supplier_P,San Diego,Seattle,Sea,4396,2297.52,Clear,High,Low,7,7,0
SHP-004936,Supplier_W,San Diego,Miami,Air,621,6140.98,Rain,High,Critical,7,6,0
SHP-004937,Supplier_A,San Antonio,Seattle,Road,1987,4358.08,Fog,Low,High,14,13,0
SHP-004938,Supplier_N,Chicago,Boston,Air,2652,756.69,Clear,High,Medium,12,12,0
SHP-004939,Supplier_U,Chicago,Nashville,Road,3909,4904.37,Clear,Low,Low,1,7,1
SHP-004940,Supplier_F,Dallas,Atlanta,Rail,4983,7036.54,Fog,Low,Critical,11,9,0
SHP-004941,Supplier_T,Chicago,Detroit,Rail,4255,5156.54,Rain,Moderate,Critical,5,3,0
SHP-004942,Supplier_N,San Diego,Nashville,Rail,4773,8727.46,Snow,Low,Critical,12,12,0
SHP-004943,Supplier_F,San Diego,Denver,Sea,4516,2924.92,Rain,Moderate,Low,11,9,0
SHP-004944,Supplier_B,Chicago,Nashville,Air,3579,908.18,Fog,Moderate,Critical,1,1,0
SHP-004945,Supplier_D,Dallas,Denver,Sea,1509,9368.83,Rain,Low,High,7,5,0
SHP-004946,Supplier_K,Dallas,Boston,Rail,1794,3813.05,Storm,Moderate,Critical,13,11,0
SHP-004947,Supplier_G,Los Angeles,Boston,Rail,4764,5785.24,Rain,Severe,Medium,13,18,1
SHP-004948,Supplier_G,Houston,Nashville,Air,626,7930.43,Snow,Low,High,8,6,0
SHP-004949,Supplier_N,San Diego,Portland,Rail,2760,3276.92,Clear,Moderate,Low,7,5,0
SHP-004950,Supplier_W,San Diego,Miami,Rail,2272,7175.84,Clear,Low,High,1,1,0
SHP-004951,Supplier_R,New York,Boston,Road,379,1397.42,Snow,Moderate,Medium,3,7,1
SHP-004952,Supplier_X,Chicago,Nashville,Air,3064,2948.37,Clear,Low,High,10,8,0
SHP-004953,Supplier_X,Dallas,Denver,Rail,4077,1489.87,Rain,Low,Critical,3,3,0
SHP-004954,Supplier_R,Philadelphia,Denver,Rail,2769,8121.74,Clear,Low,High,7,7,0
SHP-004955,Supplier_I,Los Angeles,Nashville,Air,2993,2265.36,Storm,Severe,Low,4,4,0
SHP-004956,Supplier_V,San Jose,Las Vegas,Sea,1851,7188.17,Clear,Moderate,Medium,12,10,0
SHP-004957,Supplier_J,San Antonio,Atlanta,Sea,4081,9435.82,Storm,Moderate,High,3,1,0
SHP-004958,Supplier_J,Los Angeles,Portland,Rail,4869,5301.33,Rain,Low,Medium,6,6,0
SHP-004959,Supplier_H,Los Angeles,Atlanta,Road,2461,5423.29,Clear,Moderate,Low,12,12,0
SHP-004960,Supplier_D,Philadelphia,Detroit,Air,4527,4637.28,Rain,Low,Medium,10,10,0
SHP-004961,Supplier_B,San Jose,Atlanta,Rail,4231,3292.61,Clear,Low,Critical,6,4,0
SHP-004962,Supplier_M,Phoenix,Nashville,Rail,1808,4782.77,Clear,Moderate,High,10,9,0
SHP-004963,Supplier_S,New York,Miami,Road,2786,6047.93,Clear,Low,Critical,5,3,0
SHP-004964,Supplier_R,Dallas,Denver,Sea,2995,9860.62,Clear,Low,Low,12,10,0
SHP-004965,Supplier_P,Chicago,Detroit,Sea,4635,9380.76,Fog,Moderate,Low,6,6,0
SHP-004966,Supplier_E,Los Angeles,Denver,Sea,2876,8628.42,Clear,High,Low,3,1,0
SHP-004967,Supplier_B,Philadelphia,Orlando,Road,1219,8896.85,Rain,Low,Critical,14,19,1
SHP-004968,Supplier_L,Phoenix,Las Vegas,Rail,3088,4705.1,Clear,Low,Critical,13,11,0
SHP-004969,Supplier_A,Philadelphia,Nashville,Sea,4359,6591.57,Rain,Low,Critical,10,10,0
SHP-004970,Supplier_N,Phoenix,Portland,Sea,4343,8955.91,Clear,Severe,Medium,5,3,0
SHP-004971,Supplier_C,Phoenix,Miami,Road,294,3959.86,Rain,High,Medium,9,15,1
SHP-004972,Supplier_J,San Diego,Portland,Air,762,9619.54,Snow,Moderate,Low,4,8,1
SHP-004973,Supplier_V,New York,Nashville,Rail,579,4187.07,Rain,Severe,Critical,11,9,0
SHP-004974,Supplier_U,Chicago,Nashville,Air,4318,6030.77,Clear,Moderate,High,2,1,0
SHP-004975,Supplier_T,Chicago,Miami,Air,1523,7112.56,Rain,Severe,Low,5,12,1
SHP-004976,Supplier_P,San Jose,Boston,Road,2808,9508.39,Clear,Low,Medium,3,2,0
SHP-004977,Supplier_G,San Antonio,Nashville,Sea,3275,2483.93,Clear,Low,Critical,12,11,0
SHP-004978,Supplier_D,New York,Boston,Rail,3914,7474.0,Clear,Moderate,Low,3,2,0
SHP-004979,Supplier_A,Phoenix,Atlanta,Sea,2114,5232.12,Clear,Low,Medium,4,4,0
SHP-004980,Supplier_G,Phoenix,Orlando,Air,3889,2722.14,Clear,Moderate,Low,12,11,0
SHP-004981,Supplier_F,Houston,Portland,Sea,4905,7777.24,Snow,Low,Medium,4,7,1
SHP-004982,Supplier_U,Chicago,Las Vegas,Rail,2543,5544.61,Clear,Moderate,High,5,10,1
SHP-004983,Supplier_J,San Diego,Detroit,Air,1011,6626.69,Clear,Low,Low,7,5,0
SHP-004984,Supplier_C,New York,Portland,Rail,3313,3262.87,Clear,Low,Medium,4,9,1
SHP-004985,Supplier_P,Los Angeles,Detroit,Sea,2464,4838.68,Rain,Severe,Critical,11,15,1
SHP-004986,Supplier_D,Dallas,Las Vegas,Air,3729,6192.67,Rain,High,Medium,7,7,0
SHP-004987,Supplier_J,Philadelphia,Detroit,Air,3572,4078.86,Clear,Severe,Medium,9,9,0
SHP-004988,Supplier_Z,Los Angeles,Atlanta,Rail,780,2023.81,Snow,High,Critical,3,6,1
SHP-004989,Supplier_M,New York,Denver,Air,4751,9618.32,Rain,Moderate,Low,5,5,0
SHP-004990,Supplier_P,San Antonio,Nashville,Sea,709,5139.1,Clear,Moderate,Medium,4,8,1
SHP-004991,Supplier_P,San Diego,Las Vegas,Air,2256,7352.51,Rain,Low,High,9,8,0
SHP-004992,Supplier_V,San Jose,Nashville,Road,3966,4139.92,Rain,Low,Medium,5,5,0
SHP-004993,Supplier_I,Phoenix,Atlanta,Air,471,3583.56,Rain,Low,High,10,12,1
SHP-004994,Supplier_C,San Jose,Denver,Air,715,4101.28,Clear,High,High,2,1,0
SHP-004995,Supplier_U,San Diego,Miami,Sea,2353,4121.51,Clear,Low,High,10,9,0
SHP-004996,Supplier_R,Philadelphia,Detroit,Road,4238,5464.59,Clear,Severe,Critical,1,4,1
SHP-004997,Supplier_M,San Antonio,Orlando,Rail,964,5457.53,Rain,Moderate,High,7,7,0
SHP-004998,Supplier_F,San Diego,Boston,Sea,1368,4996.68,Storm,High,Low,11,16,1
SHP-004999,Supplier_L,San Jose,Seattle,Air,884,1391.12,Clear,Low,High,1,1,0
SHP-005000,Supplier_M,Chicago,Las Vegas,Air,4671,4985.95,Clear,Low,Critical,8,7,0
